<?xml version="1.0" encoding="UTF-8"?><CodeSystem xmlns="http://hl7.org/fhir"><id value="nmdp-preferred-product-cs"/><text><status value="generated"/><div xmlns="http://www.w3.org/1999/xhtml"><p>This code system http://terminology.nmdp.org/codesystem/preferredproduct defines the following codes:</p><table class="codes"><tr><td style="white-space:nowrap"><b>Code</b></td><td><b>Display</b></td></tr><tr><td style="white-space:nowrap">PBSC<a name="nmdp-preferred-product-cs-PBSC"> </a></td><td>Peripheral Blood Stem Cell (Aphaeresis)</td></tr><tr><td style="white-space:nowrap">BM<a name="nmdp-preferred-product-cs-BM"> </a></td><td>HPC, Marrow</td></tr><tr><td style="white-space:nowrap">CB<a name="nmdp-preferred-product-cs-CB"> </a></td><td>HPC, Cord Blood</td></tr><tr><td style="white-space:nowrap">NP<a name="nmdp-preferred-product-cs-NP"> </a></td><td>No preference</td></tr><tr><td style="white-space:nowrap">UNK<a name="nmdp-preferred-product-cs-UNK"> </a></td><td>Unknown</td></tr></table></div></text><url value="http://terminology.nmdp.org/codesystem/preferredproduct"/><version value="0.1.0"/><name value="NMDPPreferredProductCS"/><title value="NMDP Preferred Product for Transplant"/><status value="active"/><experimental value="true"/><date value="2022-06-29T21:07:13-05:00"/><publisher value="NMDP"/><contact><name value="NMDP"/><telecom><system value="url"/><value value="http://bethematch.org"/></telecom></contact><description value="NMDP Preferred Product for MatchSource patient"/><copyright value="National Marrow Donor Program"/><content value="complete"/><count value="5"/><concept><code value="PBSC"/><display value="Peripheral Blood Stem Cell (Aphaeresis)"/></concept><concept><code value="BM"/><display value="HPC, Marrow"/></concept><concept><code value="CB"/><display value="HPC, Cord Blood"/></concept><concept><code value="NP"/><display value="No preference"/></concept><concept><code value="UNK"/><display value="Unknown"/></concept></CodeSystem>