<?xml version="1.0" encoding="UTF-8"?>

<Organization xmlns="http://hl7.org/fhir">
  <id value="TCExample"/>
  <meta>
    <profile value="http://fhir.nmdp.org/ig/matchsync/StructureDefinition/transplantcenter"/>
    <security>
      <system value="http://terminology.nmdp.org/codesystem/transplant-center"/>
      <code value="tc_123"/>
    </security>
  </meta>
  <text>
    <status value="generated"/><div xmlns="http://www.w3.org/1999/xhtml"><p class="res-header-id"><b>Generated Narrative: Organization TCExample</b></p><a name="TCExample"> </a><a name="hcTCExample"> </a><a name="TCExample-en-US"> </a><div style="display: inline-block; background-color: #d9e0e7; padding: 6px; margin: 4px; border: 1px solid #8da1b4; border-radius: 5px; line-height: 60%"><p style="margin-bottom: 0px"/><p style="margin-bottom: 0px">Profile: <a href="StructureDefinition-transplantcenter.html">TransplantCenter</a></p><p style="margin-bottom: 0px">Security Label: tc_123 (Details: transplant-center code tc_123)</p></div><p><b>identifier</b>: <code>http://terminology.nmdp.org/identifier/transplantcenter</code>/000</p><p><b>name</b>: My Transplant Center</p></div>
  </text>
  <identifier>
    <system value="http://terminology.nmdp.org/identifier/transplantcenter"/>
    <value value="000"/>
  </identifier>
  <name value="My Transplant Center"/>
</Organization>