{"resourceType":"CodeSystem","id":"nmdp-disease-cs","text":{"status":"generated","div":"<div xmlns=\"http://www.w3.org/1999/xhtml\"><p class=\"res-header-id\"><b>Generated Narrative: CodeSystem nmdp-disease-cs</b></p><a name=\"nmdp-disease-cs\"> </a><a name=\"hcnmdp-disease-cs\"> </a><a name=\"nmdp-disease-cs-en-US\"> </a><p>This case-sensitive code system <code>http://terminology.nmdp.org/codesystem/disease</code> defines the following codes:</p><table class=\"codes\"><tr><td style=\"white-space:nowrap\"><b>Code</b></td><td><b>Display</b></td></tr><tr><td style=\"white-space:nowrap\">ABL<a name=\"nmdp-disease-cs-ABL\"> </a></td><td>ACUTE BILINEAGE LEUKEMIA</td></tr><tr><td style=\"white-space:nowrap\">AISA<a name=\"nmdp-disease-cs-AISA\"> </a></td><td>ACQ IDIOPATH SIDERBLASTIC ANEM</td></tr><tr><td style=\"white-space:nowrap\">ALD<a name=\"nmdp-disease-cs-ALD\"> </a></td><td>ADRENOLEUKODYSTROPHY</td></tr><tr><td style=\"white-space:nowrap\">ALL<a name=\"nmdp-disease-cs-ALL\"> </a></td><td>ACUTE LYMPHOBLASTIC LEUKEMIA</td></tr><tr><td style=\"white-space:nowrap\">AMCL<a name=\"nmdp-disease-cs-AMCL\"> </a></td><td>ACUTE MAST CELL LEUKEMIA</td></tr><tr><td style=\"white-space:nowrap\">AMEGCT<a name=\"nmdp-disease-cs-AMEGCT\"> </a></td><td>AMEGAKARYOCY/CONGENTIAL THROM</td></tr><tr><td style=\"white-space:nowrap\">AML<a name=\"nmdp-disease-cs-AML\"> </a></td><td>ACUTE MYELOGENOUS LEUKEMIA</td></tr><tr><td style=\"white-space:nowrap\">ASPGL<a name=\"nmdp-disease-cs-ASPGL\"> </a></td><td>ASPARTYL GLUCOSAMINIDASE</td></tr><tr><td style=\"white-space:nowrap\">AT<a name=\"nmdp-disease-cs-AT\"> </a></td><td>ATAXIA-TELANGIECTASIA</td></tr><tr><td style=\"white-space:nowrap\">AUL<a name=\"nmdp-disease-cs-AUL\"> </a></td><td>ACUTE UNDIFFERENTIATED LEUK-MO</td></tr><tr><td style=\"white-space:nowrap\">BGLUD<a name=\"nmdp-disease-cs-BGLUD\"> </a></td><td>BETA-GLUCURONIDASE DEFICIENCY</td></tr><tr><td style=\"white-space:nowrap\">BLSYND<a name=\"nmdp-disease-cs-BLSYND\"> </a></td><td>BARE LYMPHOCYTE SYNDROME</td></tr><tr><td style=\"white-space:nowrap\">BRCA<a name=\"nmdp-disease-cs-BRCA\"> </a></td><td>BREAST CANCER</td></tr><tr><td style=\"white-space:nowrap\">BTHAL<a name=\"nmdp-disease-cs-BTHAL\"> </a></td><td>BETA THALASSEMIA MAJOR</td></tr><tr><td style=\"white-space:nowrap\">C-HHYP<a name=\"nmdp-disease-cs-C-HHYP\"> </a></td><td>CARTILAGE-HAIR HYPOPLASIA</td></tr><tr><td style=\"white-space:nowrap\">CGD<a name=\"nmdp-disease-cs-CGD\"> </a></td><td>CHRONIC GRANULOMATOUS DISEASE</td></tr><tr><td style=\"white-space:nowrap\">CID<a name=\"nmdp-disease-cs-CID\"> </a></td><td>COMBINED IMMUNODEFICIENCY</td></tr><tr><td style=\"white-space:nowrap\">CLL<a name=\"nmdp-disease-cs-CLL\"> </a></td><td>CHRONIC LYMPHOCYTIC LEUKEMIA</td></tr><tr><td style=\"white-space:nowrap\">CML<a name=\"nmdp-disease-cs-CML\"> </a></td><td>CHRONIC MYELOGENOUS LEUKEMIA</td></tr><tr><td style=\"white-space:nowrap\">CMML<a name=\"nmdp-disease-cs-CMML\"> </a></td><td>CHRONIC MYELOMONOCYTIC LEUK</td></tr><tr><td style=\"white-space:nowrap\">CNSCA<a name=\"nmdp-disease-cs-CNSCA\"> </a></td><td>CENTRAL NERVOUS SYSTEM TUMORS</td></tr><tr><td style=\"white-space:nowrap\">DIGRGE<a name=\"nmdp-disease-cs-DIGRGE\"> </a></td><td>DI GEORGE SYNDROME</td></tr><tr><td style=\"white-space:nowrap\">ETC<a name=\"nmdp-disease-cs-ETC\"> </a></td><td>ESSENTIAL THROMOBOCYTHEMIA</td></tr><tr><td style=\"white-space:nowrap\">EWINGS<a name=\"nmdp-disease-cs-EWINGS\"> </a></td><td>EWINGS SARCOMA</td></tr><tr><td style=\"white-space:nowrap\">FA<a name=\"nmdp-disease-cs-FA\"> </a></td><td>FANCONI ANEMIA</td></tr><tr><td style=\"white-space:nowrap\">FEL<a name=\"nmdp-disease-cs-FEL\"> </a></td><td>FAMILIAL ERYTHROPHAGOCYTIC</td></tr><tr><td style=\"white-space:nowrap\">FUCOSI<a name=\"nmdp-disease-cs-FUCOSI\"> </a></td><td>FUCOSIDOSIS</td></tr><tr><td style=\"white-space:nowrap\">GAUCHR<a name=\"nmdp-disease-cs-GAUCHR\"> </a></td><td>GAUCHER'S DISEASE</td></tr><tr><td style=\"white-space:nowrap\">GLTROM<a name=\"nmdp-disease-cs-GLTROM\"> </a></td><td>GLANZMANNS THROMBASTHENIA</td></tr><tr><td style=\"white-space:nowrap\">GLUCST<a name=\"nmdp-disease-cs-GLUCST\"> </a></td><td>GLUCOSE STORAGE DISEASE</td></tr><tr><td style=\"white-space:nowrap\">HCL<a name=\"nmdp-disease-cs-HCL\"> </a></td><td>HAIRY CELL LEUKEMIA</td></tr><tr><td style=\"white-space:nowrap\">HISX<a name=\"nmdp-disease-cs-HISX\"> </a></td><td>HISTIOCYTOSIS-X</td></tr><tr><td style=\"white-space:nowrap\">HIV<a name=\"nmdp-disease-cs-HIV\"> </a></td><td>HIV INFECTION</td></tr><tr><td style=\"white-space:nowrap\">HL<a name=\"nmdp-disease-cs-HL\"> </a></td><td>HODGKINS LYMPHOMA</td></tr><tr><td style=\"white-space:nowrap\">HPGC<a name=\"nmdp-disease-cs-HPGC\"> </a></td><td>HEMOPHAGOCYTOSIS</td></tr><tr><td style=\"white-space:nowrap\">HUNTER<a name=\"nmdp-disease-cs-HUNTER\"> </a></td><td>HUNTER SYNDROME (MPS-II)</td></tr><tr><td style=\"white-space:nowrap\">HURLER<a name=\"nmdp-disease-cs-HURLER\"> </a></td><td>HURLER SYNDROME (MPS-IH)</td></tr><tr><td style=\"white-space:nowrap\">ICELL<a name=\"nmdp-disease-cs-ICELL\"> </a></td><td>I-CELL DISEASE</td></tr><tr><td style=\"white-space:nowrap\">IMDNP<a name=\"nmdp-disease-cs-IMDNP\"> </a></td><td>IMMUNE DEFICIENCY + NEUTROPEN</td></tr><tr><td style=\"white-space:nowrap\">JCML<a name=\"nmdp-disease-cs-JCML\"> </a></td><td>JUVENILE CHRONIC MYELOGENOUS</td></tr><tr><td style=\"white-space:nowrap\">KOSTMN<a name=\"nmdp-disease-cs-KOSTMN\"> </a></td><td>KOSTMANN'S AGRANULOCYTOSIS</td></tr><tr><td style=\"white-space:nowrap\">KRABBE<a name=\"nmdp-disease-cs-KRABBE\"> </a></td><td>KRABBE DISEASE</td></tr><tr><td style=\"white-space:nowrap\">LAD<a name=\"nmdp-disease-cs-LAD\"> </a></td><td>LEUKOCYTE ADHESION DEFICIENCY</td></tr><tr><td style=\"white-space:nowrap\">LN<a name=\"nmdp-disease-cs-LN\"> </a></td><td>LESCH-NYHAN</td></tr><tr><td style=\"white-space:nowrap\">LNS<a name=\"nmdp-disease-cs-LNS\"> </a></td><td>LESCH-NYHAN</td></tr><tr><td style=\"white-space:nowrap\">LYSOST<a name=\"nmdp-disease-cs-LYSOST\"> </a></td><td>LYSOSOMAL STORAGE DISEASE</td></tr><tr><td style=\"white-space:nowrap\">MANNO<a name=\"nmdp-disease-cs-MANNO\"> </a></td><td>MANNOSIDOSIS</td></tr><tr><td style=\"white-space:nowrap\">MARLAM<a name=\"nmdp-disease-cs-MARLAM\"> </a></td><td>MAROTEAUX-LAMY (MPS-VI)</td></tr><tr><td style=\"white-space:nowrap\">MDS<a name=\"nmdp-disease-cs-MDS\"> </a></td><td>MYELODYSPLASTIC DISORDER</td></tr><tr><td style=\"white-space:nowrap\">MFMM<a name=\"nmdp-disease-cs-MFMM\"> </a></td><td>MYELOFIBRO MYELOID METAPLASIA</td></tr><tr><td style=\"white-space:nowrap\">MLD<a name=\"nmdp-disease-cs-MLD\"> </a></td><td>METACHROMATIC LEUKODYSTROPHY</td></tr><tr><td style=\"white-space:nowrap\">MM<a name=\"nmdp-disease-cs-MM\"> </a></td><td>MULTIPLE MYELOMA</td></tr><tr><td style=\"white-space:nowrap\">MORQUA<a name=\"nmdp-disease-cs-MORQUA\"> </a></td><td>MORQUIO A - MPS IVA</td></tr><tr><td style=\"white-space:nowrap\">MORQUB<a name=\"nmdp-disease-cs-MORQUB\"> </a></td><td>MORQUIO B - MPS IVB</td></tr><tr><td style=\"white-space:nowrap\">MORQUO<a name=\"nmdp-disease-cs-MORQUO\"> </a></td><td>MORQUIO (MPS-IV)</td></tr><tr><td style=\"white-space:nowrap\">MPS<a name=\"nmdp-disease-cs-MPS\"> </a></td><td>MUCOPOLYSACCHARIDOSIS (MPS-V)</td></tr><tr><td style=\"white-space:nowrap\">N-P<a name=\"nmdp-disease-cs-N-P\"> </a></td><td>NEIMAN-PICK DISEASE</td></tr><tr><td style=\"white-space:nowrap\">NB<a name=\"nmdp-disease-cs-NB\"> </a></td><td>NEUROBLASTOMA</td></tr><tr><td style=\"white-space:nowrap\">NCL1<a name=\"nmdp-disease-cs-NCL1\"> </a></td><td>ENZYME NCL 1</td></tr><tr><td style=\"white-space:nowrap\">NCL2<a name=\"nmdp-disease-cs-NCL2\"> </a></td><td>ENZYME NCL 2</td></tr><tr><td style=\"white-space:nowrap\">NEUTAD<a name=\"nmdp-disease-cs-NEUTAD\"> </a></td><td>NEUTROPHIL ACTIN DEFICIENCY</td></tr><tr><td style=\"white-space:nowrap\">NEUTD<a name=\"nmdp-disease-cs-NEUTD\"> </a></td><td>CHEDIAK-HIGASHI SYNDROME</td></tr><tr><td style=\"white-space:nowrap\">NHL<a name=\"nmdp-disease-cs-NHL\"> </a></td><td>NON-HODGKINS LYMPHOMA</td></tr><tr><td style=\"white-space:nowrap\">OCID<a name=\"nmdp-disease-cs-OCID\"> </a></td><td>OTHR COMBINED IMMUNODEFICIENCY</td></tr><tr><td style=\"white-space:nowrap\">OHIS<a name=\"nmdp-disease-cs-OHIS\"> </a></td><td>OTHER HISTIOCYTIC DISORDERS</td></tr><tr><td style=\"white-space:nowrap\">OIEA<a name=\"nmdp-disease-cs-OIEA\"> </a></td><td>OTH ERYTHROCYT DIFFERENTIATION</td></tr><tr><td style=\"white-space:nowrap\">OIIS<a name=\"nmdp-disease-cs-OIIS\"> </a></td><td>OTHER IMMUNE SYSTEM</td></tr><tr><td style=\"white-space:nowrap\">OIMD<a name=\"nmdp-disease-cs-OIMD\"> </a></td><td>OTH INHER METABOLISM DISORD</td></tr><tr><td style=\"white-space:nowrap\">OIMDL<a name=\"nmdp-disease-cs-OIMDL\"> </a></td><td>OTH MUCOLIPIDOSES</td></tr><tr><td style=\"white-space:nowrap\">OIMDP<a name=\"nmdp-disease-cs-OIMDP\"> </a></td><td>OTH MUCOPOLYSACCHARIDOSIS</td></tr><tr><td style=\"white-space:nowrap\">OIPA<a name=\"nmdp-disease-cs-OIPA\"> </a></td><td>OTH ABNORMALITIES OR PLATELETS</td></tr><tr><td style=\"white-space:nowrap\">OMDS<a name=\"nmdp-disease-cs-OMDS\"> </a></td><td>OTHER MYELODYSPLASTIC DISORDER</td></tr><tr><td style=\"white-space:nowrap\">OMF<a name=\"nmdp-disease-cs-OMF\"> </a></td><td>OTHER MYLEOFIBROSIS/MYLEOSCLER</td></tr><tr><td style=\"white-space:nowrap\">OMMEN<a name=\"nmdp-disease-cs-OMMEN\"> </a></td><td>OMMEN'S SYNDROME</td></tr><tr><td style=\"white-space:nowrap\">OMS<a name=\"nmdp-disease-cs-OMS\"> </a></td><td>OTH MALIGNANCY, SPECIFY</td></tr><tr><td style=\"white-space:nowrap\">OND<a name=\"nmdp-disease-cs-OND\"> </a></td><td>OTHER NON-MALIGNANT DISEASE</td></tr><tr><td style=\"white-space:nowrap\">OOL<a name=\"nmdp-disease-cs-OOL\"> </a></td><td>OTHER LEUKEMIA SPECIFY</td></tr><tr><td style=\"white-space:nowrap\">OPCD<a name=\"nmdp-disease-cs-OPCD\"> </a></td><td>OTHER PLASMA CELL DISORDER</td></tr><tr><td style=\"white-space:nowrap\">OSCID<a name=\"nmdp-disease-cs-OSCID\"> </a></td><td>OTHER SCID</td></tr><tr><td style=\"white-space:nowrap\">OST<a name=\"nmdp-disease-cs-OST\"> </a></td><td>OSTEOPETROSIS</td></tr><tr><td style=\"white-space:nowrap\">OTHHGP<a name=\"nmdp-disease-cs-OTHHGP\"> </a></td><td>OTHER HEMOGLOBINOPATHY</td></tr><tr><td style=\"white-space:nowrap\">PCL<a name=\"nmdp-disease-cs-PCL\"> </a></td><td>PLASMA CELL LEUKEMIA</td></tr><tr><td style=\"white-space:nowrap\">PHILLY<a name=\"nmdp-disease-cs-PHILLY\"> </a></td><td>PROLYMPHOCYTIC LEUKEMIA</td></tr><tr><td style=\"white-space:nowrap\">PNH<a name=\"nmdp-disease-cs-PNH\"> </a></td><td>PAROXYSMAL NOCTURNAL HEMOGLOB</td></tr><tr><td style=\"white-space:nowrap\">PV<a name=\"nmdp-disease-cs-PV\"> </a></td><td>POLYCYTHEMIA VERA</td></tr><tr><td style=\"white-space:nowrap\">RA<a name=\"nmdp-disease-cs-RA\"> </a></td><td>REFRACTORY ANEMIA (RA)</td></tr><tr><td style=\"white-space:nowrap\">RAEB<a name=\"nmdp-disease-cs-RAEB\"> </a></td><td>REFRACT ANEMIA-EXCESS BLASTS</td></tr><tr><td style=\"white-space:nowrap\">RAEBIT<a name=\"nmdp-disease-cs-RAEBIT\"> </a></td><td>REFRACT ANEMIA-EX. BLAST TRAN</td></tr><tr><td style=\"white-space:nowrap\">RCA<a name=\"nmdp-disease-cs-RCA\"> </a></td><td>PURE RED CELL APLASIA</td></tr><tr><td style=\"white-space:nowrap\">RCC<a name=\"nmdp-disease-cs-RCC\"> </a></td><td>RENAL CELL CARCINOMA</td></tr><tr><td style=\"white-space:nowrap\">RETDG<a name=\"nmdp-disease-cs-RETDG\"> </a></td><td>RETICULAR DYSGENESIS</td></tr><tr><td style=\"white-space:nowrap\">SAA<a name=\"nmdp-disease-cs-SAA\"> </a></td><td>SEVERE APLASTIC ANEMIA</td></tr><tr><td style=\"white-space:nowrap\">SANFIA<a name=\"nmdp-disease-cs-SANFIA\"> </a></td><td>SANFILIPPO A - MPS IIIA</td></tr><tr><td style=\"white-space:nowrap\">SANFIB<a name=\"nmdp-disease-cs-SANFIB\"> </a></td><td>SANFILIPPO B - MPS IIIB</td></tr><tr><td style=\"white-space:nowrap\">SANFIC<a name=\"nmdp-disease-cs-SANFIC\"> </a></td><td>SANFILIPPO C - MPS IIIC</td></tr><tr><td style=\"white-space:nowrap\">SANFID<a name=\"nmdp-disease-cs-SANFID\"> </a></td><td>ANFILIPPO D - MPS IIID</td></tr><tr><td style=\"white-space:nowrap\">SANFIL<a name=\"nmdp-disease-cs-SANFIL\"> </a></td><td>SANFILLIPPO (MPS-III)</td></tr><tr><td style=\"white-space:nowrap\">SCA<a name=\"nmdp-disease-cs-SCA\"> </a></td><td>SICKLE CELL ANEMIA</td></tr><tr><td style=\"white-space:nowrap\">SCHEIE<a name=\"nmdp-disease-cs-SCHEIE\"> </a></td><td>SCHEIE SYNDROME (MPS-IS)</td></tr><tr><td style=\"white-space:nowrap\">SCID<a name=\"nmdp-disease-cs-SCID\"> </a></td><td>SEVERE COMBINED IMMUNODEF</td></tr></table></div>"},"url":"http://terminology.nmdp.org/codesystem/disease","version":"0.1.2","name":"NMDPDiseaseCS","title":"CodeSystem - Disease - NMDP","status":"active","experimental":true,"date":"2025-04-16T10:37:17-05:00","publisher":"NMDP","contact":[{"name":"NMDP","telecom":[{"system":"url","value":"http://bethematch.org"}]}],"description":"Code System for NMDP diseases","copyright":"National Marrow Donor Program","caseSensitive":true,"content":"complete","count":100,"concept":[{"code":"ABL","display":"ACUTE BILINEAGE LEUKEMIA","designation":[{"use":{"system":"http://terminology.hl7.org/CodeSystem/designation-usage","code":"display"},"value":"ACUTE BILINEAGE LEUKEMIA"},{"use":{"system":"http://terminology.hl7.org/CodeSystem/designation-usage","code":"display"},"value":"ACUTE BILINEAGE LEUKEMIA"}]},{"code":"AISA","display":"ACQ IDIOPATH SIDERBLASTIC ANEM","designation":[{"use":{"system":"http://terminology.hl7.org/CodeSystem/designation-usage","code":"display"},"value":"ACQ IDIOPATH SIDERBLASTIC ANEM"},{"use":{"system":"http://terminology.hl7.org/CodeSystem/designation-usage","code":"display"},"value":"ACQ IDIOPATH SIDERBLASTIC ANEM"}]},{"code":"ALD","display":"ADRENOLEUKODYSTROPHY","designation":[{"use":{"system":"http://terminology.hl7.org/CodeSystem/designation-usage","code":"display"},"value":"ADRENOLEUKODYSTROPHY"},{"use":{"system":"http://terminology.hl7.org/CodeSystem/designation-usage","code":"display"},"value":"ADRENOLEUKODYSTROPHY"}]},{"code":"ALL","display":"ACUTE LYMPHOBLASTIC LEUKEMIA","designation":[{"use":{"system":"http://terminology.hl7.org/CodeSystem/designation-usage","code":"display"},"value":"ACUTE LYMPHOBLASTIC LEUKEMIA"},{"use":{"system":"http://terminology.hl7.org/CodeSystem/designation-usage","code":"display"},"value":"ACUTE LYMPHOBLASTIC LEUKEMIA"}]},{"code":"AMCL","display":"ACUTE MAST CELL LEUKEMIA","designation":[{"use":{"system":"http://terminology.hl7.org/CodeSystem/designation-usage","code":"display"},"value":"ACUTE MAST CELL LEUKEMIA"},{"use":{"system":"http://terminology.hl7.org/CodeSystem/designation-usage","code":"display"},"value":"ACUTE MAST CELL LEUKEMIA"}]},{"code":"AMEGCT","display":"AMEGAKARYOCY/CONGENTIAL THROM","designation":[{"use":{"system":"http://terminology.hl7.org/CodeSystem/designation-usage","code":"display"},"value":"AMEGAKARYOCY/CONGENTIAL THROM"},{"use":{"system":"http://terminology.hl7.org/CodeSystem/designation-usage","code":"display"},"value":"AMEGAKARYOCY/CONGENTIAL THROM"}]},{"code":"AML","display":"ACUTE MYELOGENOUS LEUKEMIA","designation":[{"use":{"system":"http://terminology.hl7.org/CodeSystem/designation-usage","code":"display"},"value":"ACUTE MYELOGENOUS LEUKEMIA"},{"use":{"system":"http://terminology.hl7.org/CodeSystem/designation-usage","code":"display"},"value":"ACUTE MYELOGENOUS LEUKEMIA"}]},{"code":"ASPGL","display":"ASPARTYL GLUCOSAMINIDASE","designation":[{"use":{"system":"http://terminology.hl7.org/CodeSystem/designation-usage","code":"display"},"value":"ASPARTYL GLUCOSAMINIDASE"},{"use":{"system":"http://terminology.hl7.org/CodeSystem/designation-usage","code":"display"},"value":"ASPARTYL GLUCOSAMINIDASE"}]},{"code":"AT","display":"ATAXIA-TELANGIECTASIA","designation":[{"use":{"system":"http://terminology.hl7.org/CodeSystem/designation-usage","code":"display"},"value":"ATAXIA-TELANGIECTASIA"},{"use":{"system":"http://terminology.hl7.org/CodeSystem/designation-usage","code":"display"},"value":"ATAXIA-TELANGIECTASIA"}]},{"code":"AUL","display":"ACUTE UNDIFFERENTIATED LEUK-MO","designation":[{"use":{"system":"http://terminology.hl7.org/CodeSystem/designation-usage","code":"display"},"value":"ACUTE UNDIFFERENTIATED LEUK-MO"},{"use":{"system":"http://terminology.hl7.org/CodeSystem/designation-usage","code":"display"},"value":"ACUTE UNDIFFERENTIATED LEUK-MO"}]},{"code":"BGLUD","display":"BETA-GLUCURONIDASE DEFICIENCY","designation":[{"use":{"system":"http://terminology.hl7.org/CodeSystem/designation-usage","code":"display"},"value":"BETA-GLUCURONIDASE DEFICIENCY"},{"use":{"system":"http://terminology.hl7.org/CodeSystem/designation-usage","code":"display"},"value":"BETA-GLUCURONIDASE DEFICIENCY"}]},{"code":"BLSYND","display":"BARE LYMPHOCYTE SYNDROME","designation":[{"use":{"system":"http://terminology.hl7.org/CodeSystem/designation-usage","code":"display"},"value":"BARE LYMPHOCYTE SYNDROME"},{"use":{"system":"http://terminology.hl7.org/CodeSystem/designation-usage","code":"display"},"value":"BARE LYMPHOCYTE SYNDROME"}]},{"code":"BRCA","display":"BREAST CANCER","designation":[{"use":{"system":"http://terminology.hl7.org/CodeSystem/designation-usage","code":"display"},"value":"BREAST CANCER"},{"use":{"system":"http://terminology.hl7.org/CodeSystem/designation-usage","code":"display"},"value":"BREAST CANCER"}]},{"code":"BTHAL","display":"BETA THALASSEMIA MAJOR","designation":[{"use":{"system":"http://terminology.hl7.org/CodeSystem/designation-usage","code":"display"},"value":"BETA THALASSEMIA MAJOR"},{"use":{"system":"http://terminology.hl7.org/CodeSystem/designation-usage","code":"display"},"value":"BETA THALASSEMIA MAJOR"}]},{"code":"C-HHYP","display":"CARTILAGE-HAIR HYPOPLASIA","designation":[{"use":{"system":"http://terminology.hl7.org/CodeSystem/designation-usage","code":"display"},"value":"CARTILAGE-HAIR HYPOPLASIA"},{"use":{"system":"http://terminology.hl7.org/CodeSystem/designation-usage","code":"display"},"value":"CARTILAGE-HAIR HYPOPLASIA"}]},{"code":"CGD","display":"CHRONIC GRANULOMATOUS DISEASE","designation":[{"use":{"system":"http://terminology.hl7.org/CodeSystem/designation-usage","code":"display"},"value":"CHRONIC GRANULOMATOUS DISEASE"},{"use":{"system":"http://terminology.hl7.org/CodeSystem/designation-usage","code":"display"},"value":"CHRONIC GRANULOMATOUS DISEASE"}]},{"code":"CID","display":"COMBINED IMMUNODEFICIENCY","designation":[{"use":{"system":"http://terminology.hl7.org/CodeSystem/designation-usage","code":"display"},"value":"COMBINED IMMUNODEFICIENCY"},{"use":{"system":"http://terminology.hl7.org/CodeSystem/designation-usage","code":"display"},"value":"COMBINED IMMUNODEFICIENCY"}]},{"code":"CLL","display":"CHRONIC LYMPHOCYTIC LEUKEMIA","designation":[{"use":{"system":"http://terminology.hl7.org/CodeSystem/designation-usage","code":"display"},"value":"CHRONIC LYMPHOCYTIC LEUKEMIA"},{"use":{"system":"http://terminology.hl7.org/CodeSystem/designation-usage","code":"display"},"value":"CHRONIC LYMPHOCYTIC LEUKEMIA"}]},{"code":"CML","display":"CHRONIC MYELOGENOUS LEUKEMIA","designation":[{"use":{"system":"http://terminology.hl7.org/CodeSystem/designation-usage","code":"display"},"value":"CHRONIC MYELOGENOUS LEUKEMIA"},{"use":{"system":"http://terminology.hl7.org/CodeSystem/designation-usage","code":"display"},"value":"CHRONIC MYELOGENOUS LEUKEMIA"}]},{"code":"CMML","display":"CHRONIC MYELOMONOCYTIC LEUK","designation":[{"use":{"system":"http://terminology.hl7.org/CodeSystem/designation-usage","code":"display"},"value":"CHRONIC MYELOMONOCYTIC LEUK"},{"use":{"system":"http://terminology.hl7.org/CodeSystem/designation-usage","code":"display"},"value":"CHRONIC MYELOMONOCYTIC LEUK"}]},{"code":"CNSCA","display":"CENTRAL NERVOUS SYSTEM TUMORS","designation":[{"use":{"system":"http://terminology.hl7.org/CodeSystem/designation-usage","code":"display"},"value":"CENTRAL NERVOUS SYSTEM TUMORS"},{"use":{"system":"http://terminology.hl7.org/CodeSystem/designation-usage","code":"display"},"value":"CENTRAL NERVOUS SYSTEM TUMORS"}]},{"code":"DIGRGE","display":"DI GEORGE SYNDROME","designation":[{"use":{"system":"http://terminology.hl7.org/CodeSystem/designation-usage","code":"display"},"value":"DI GEORGE SYNDROME"},{"use":{"system":"http://terminology.hl7.org/CodeSystem/designation-usage","code":"display"},"value":"DI GEORGE SYNDROME"}]},{"code":"ETC","display":"ESSENTIAL THROMOBOCYTHEMIA","designation":[{"use":{"system":"http://terminology.hl7.org/CodeSystem/designation-usage","code":"display"},"value":"ESSENTIAL THROMOBOCYTHEMIA"},{"use":{"system":"http://terminology.hl7.org/CodeSystem/designation-usage","code":"display"},"value":"ESSENTIAL THROMOBOCYTHEMIA"}]},{"code":"EWINGS","display":"EWINGS SARCOMA","designation":[{"use":{"system":"http://terminology.hl7.org/CodeSystem/designation-usage","code":"display"},"value":"EWINGS SARCOMA"},{"use":{"system":"http://terminology.hl7.org/CodeSystem/designation-usage","code":"display"},"value":"EWINGS SARCOMA"}]},{"code":"FA","display":"FANCONI ANEMIA","designation":[{"use":{"system":"http://terminology.hl7.org/CodeSystem/designation-usage","code":"display"},"value":"FANCONI ANEMIA"},{"use":{"system":"http://terminology.hl7.org/CodeSystem/designation-usage","code":"display"},"value":"FANCONI ANEMIA"}]},{"code":"FEL","display":"FAMILIAL ERYTHROPHAGOCYTIC","designation":[{"use":{"system":"http://terminology.hl7.org/CodeSystem/designation-usage","code":"display"},"value":"FAMILIAL ERYTHROPHAGOCYTIC"},{"use":{"system":"http://terminology.hl7.org/CodeSystem/designation-usage","code":"display"},"value":"FAMILIAL ERYTHROPHAGOCYTIC"}]},{"code":"FUCOSI","display":"FUCOSIDOSIS","designation":[{"use":{"system":"http://terminology.hl7.org/CodeSystem/designation-usage","code":"display"},"value":"FUCOSIDOSIS"},{"use":{"system":"http://terminology.hl7.org/CodeSystem/designation-usage","code":"display"},"value":"FUCOSIDOSIS"}]},{"code":"GAUCHR","display":"GAUCHER'S DISEASE","designation":[{"use":{"system":"http://terminology.hl7.org/CodeSystem/designation-usage","code":"display"},"value":"GAUCHER'S DISEASE"},{"use":{"system":"http://terminology.hl7.org/CodeSystem/designation-usage","code":"display"},"value":"GAUCHER'S DISEASE"}]},{"code":"GLTROM","display":"GLANZMANNS THROMBASTHENIA","designation":[{"use":{"system":"http://terminology.hl7.org/CodeSystem/designation-usage","code":"display"},"value":"GLANZMANNS THROMBASTHENIA"},{"use":{"system":"http://terminology.hl7.org/CodeSystem/designation-usage","code":"display"},"value":"GLANZMANNS THROMBASTHENIA"}]},{"code":"GLUCST","display":"GLUCOSE STORAGE DISEASE","designation":[{"use":{"system":"http://terminology.hl7.org/CodeSystem/designation-usage","code":"display"},"value":"GLUCOSE STORAGE DISEASE"},{"use":{"system":"http://terminology.hl7.org/CodeSystem/designation-usage","code":"display"},"value":"GLUCOSE STORAGE DISEASE"}]},{"code":"HCL","display":"HAIRY CELL LEUKEMIA","designation":[{"use":{"system":"http://terminology.hl7.org/CodeSystem/designation-usage","code":"display"},"value":"HAIRY CELL LEUKEMIA"},{"use":{"system":"http://terminology.hl7.org/CodeSystem/designation-usage","code":"display"},"value":"HAIRY CELL LEUKEMIA"}]},{"code":"HISX","display":"HISTIOCYTOSIS-X","designation":[{"use":{"system":"http://terminology.hl7.org/CodeSystem/designation-usage","code":"display"},"value":"HISTIOCYTOSIS-X"},{"use":{"system":"http://terminology.hl7.org/CodeSystem/designation-usage","code":"display"},"value":"HISTIOCYTOSIS-X"}]},{"code":"HIV","display":"HIV INFECTION","designation":[{"use":{"system":"http://terminology.hl7.org/CodeSystem/designation-usage","code":"display"},"value":"HIV INFECTION"},{"use":{"system":"http://terminology.hl7.org/CodeSystem/designation-usage","code":"display"},"value":"HIV INFECTION"}]},{"code":"HL","display":"HODGKINS LYMPHOMA","designation":[{"use":{"system":"http://terminology.hl7.org/CodeSystem/designation-usage","code":"display"},"value":"HODGKINS LYMPHOMA"},{"use":{"system":"http://terminology.hl7.org/CodeSystem/designation-usage","code":"display"},"value":"HODGKINS LYMPHOMA"}]},{"code":"HPGC","display":"HEMOPHAGOCYTOSIS","designation":[{"use":{"system":"http://terminology.hl7.org/CodeSystem/designation-usage","code":"display"},"value":"HEMOPHAGOCYTOSIS"},{"use":{"system":"http://terminology.hl7.org/CodeSystem/designation-usage","code":"display"},"value":"HEMOPHAGOCYTOSIS"}]},{"code":"HUNTER","display":"HUNTER SYNDROME (MPS-II)","designation":[{"use":{"system":"http://terminology.hl7.org/CodeSystem/designation-usage","code":"display"},"value":"HUNTER SYNDROME (MPS-II)"},{"use":{"system":"http://terminology.hl7.org/CodeSystem/designation-usage","code":"display"},"value":"HUNTER SYNDROME (MPS-II)"}]},{"code":"HURLER","display":"HURLER SYNDROME (MPS-IH)","designation":[{"use":{"system":"http://terminology.hl7.org/CodeSystem/designation-usage","code":"display"},"value":"HURLER SYNDROME (MPS-IH)"},{"use":{"system":"http://terminology.hl7.org/CodeSystem/designation-usage","code":"display"},"value":"HURLER SYNDROME (MPS-IH)"}]},{"code":"ICELL","display":"I-CELL DISEASE","designation":[{"use":{"system":"http://terminology.hl7.org/CodeSystem/designation-usage","code":"display"},"value":"I-CELL DISEASE"},{"use":{"system":"http://terminology.hl7.org/CodeSystem/designation-usage","code":"display"},"value":"I-CELL DISEASE"}]},{"code":"IMDNP","display":"IMMUNE DEFICIENCY + NEUTROPEN","designation":[{"use":{"system":"http://terminology.hl7.org/CodeSystem/designation-usage","code":"display"},"value":"IMMUNE DEFICIENCY + NEUTROPEN"},{"use":{"system":"http://terminology.hl7.org/CodeSystem/designation-usage","code":"display"},"value":"IMMUNE DEFICIENCY + NEUTROPEN"}]},{"code":"JCML","display":"JUVENILE CHRONIC MYELOGENOUS","designation":[{"use":{"system":"http://terminology.hl7.org/CodeSystem/designation-usage","code":"display"},"value":"JUVENILE CHRONIC MYELOGENOUS"},{"use":{"system":"http://terminology.hl7.org/CodeSystem/designation-usage","code":"display"},"value":"JUVENILE CHRONIC MYELOGENOUS"}]},{"code":"KOSTMN","display":"KOSTMANN'S AGRANULOCYTOSIS","designation":[{"use":{"system":"http://terminology.hl7.org/CodeSystem/designation-usage","code":"display"},"value":"KOSTMANN'S AGRANULOCYTOSIS"},{"use":{"system":"http://terminology.hl7.org/CodeSystem/designation-usage","code":"display"},"value":"KOSTMANN'S AGRANULOCYTOSIS"}]},{"code":"KRABBE","display":"KRABBE DISEASE","designation":[{"use":{"system":"http://terminology.hl7.org/CodeSystem/designation-usage","code":"display"},"value":"KRABBE DISEASE"},{"use":{"system":"http://terminology.hl7.org/CodeSystem/designation-usage","code":"display"},"value":"KRABBE DISEASE"}]},{"code":"LAD","display":"LEUKOCYTE ADHESION DEFICIENCY","designation":[{"use":{"system":"http://terminology.hl7.org/CodeSystem/designation-usage","code":"display"},"value":"LEUKOCYTE ADHESION DEFICIENCY"},{"use":{"system":"http://terminology.hl7.org/CodeSystem/designation-usage","code":"display"},"value":"LEUKOCYTE ADHESION DEFICIENCY"}]},{"code":"LN","display":"LESCH-NYHAN","designation":[{"use":{"system":"http://terminology.hl7.org/CodeSystem/designation-usage","code":"display"},"value":"LESCH-NYHAN"},{"use":{"system":"http://terminology.hl7.org/CodeSystem/designation-usage","code":"display"},"value":"LESCH-NYHAN"}]},{"code":"LNS","display":"LESCH-NYHAN","designation":[{"use":{"system":"http://terminology.hl7.org/CodeSystem/designation-usage","code":"display"},"value":"LESCH-NYHAN"},{"use":{"system":"http://terminology.hl7.org/CodeSystem/designation-usage","code":"display"},"value":"LESCH-NYHAN"}]},{"code":"LYSOST","display":"LYSOSOMAL STORAGE DISEASE","designation":[{"use":{"system":"http://terminology.hl7.org/CodeSystem/designation-usage","code":"display"},"value":"LYSOSOMAL STORAGE DISEASE"},{"use":{"system":"http://terminology.hl7.org/CodeSystem/designation-usage","code":"display"},"value":"LYSOSOMAL STORAGE DISEASE"}]},{"code":"MANNO","display":"MANNOSIDOSIS","designation":[{"use":{"system":"http://terminology.hl7.org/CodeSystem/designation-usage","code":"display"},"value":"MANNOSIDOSIS"},{"use":{"system":"http://terminology.hl7.org/CodeSystem/designation-usage","code":"display"},"value":"MANNOSIDOSIS"}]},{"code":"MARLAM","display":"MAROTEAUX-LAMY (MPS-VI)","designation":[{"use":{"system":"http://terminology.hl7.org/CodeSystem/designation-usage","code":"display"},"value":"MAROTEAUX-LAMY (MPS-VI)"},{"use":{"system":"http://terminology.hl7.org/CodeSystem/designation-usage","code":"display"},"value":"MAROTEAUX-LAMY (MPS-VI)"}]},{"code":"MDS","display":"MYELODYSPLASTIC DISORDER","designation":[{"use":{"system":"http://terminology.hl7.org/CodeSystem/designation-usage","code":"display"},"value":"MYELODYSPLASTIC DISORDER"},{"use":{"system":"http://terminology.hl7.org/CodeSystem/designation-usage","code":"display"},"value":"MYELODYSPLASTIC DISORDER"}]},{"code":"MFMM","display":"MYELOFIBRO MYELOID METAPLASIA","designation":[{"use":{"system":"http://terminology.hl7.org/CodeSystem/designation-usage","code":"display"},"value":"MYELOFIBRO MYELOID METAPLASIA"},{"use":{"system":"http://terminology.hl7.org/CodeSystem/designation-usage","code":"display"},"value":"MYELOFIBRO MYELOID METAPLASIA"}]},{"code":"MLD","display":"METACHROMATIC LEUKODYSTROPHY","designation":[{"use":{"system":"http://terminology.hl7.org/CodeSystem/designation-usage","code":"display"},"value":"METACHROMATIC LEUKODYSTROPHY"},{"use":{"system":"http://terminology.hl7.org/CodeSystem/designation-usage","code":"display"},"value":"METACHROMATIC LEUKODYSTROPHY"}]},{"code":"MM","display":"MULTIPLE MYELOMA","designation":[{"use":{"system":"http://terminology.hl7.org/CodeSystem/designation-usage","code":"display"},"value":"MULTIPLE MYELOMA"},{"use":{"system":"http://terminology.hl7.org/CodeSystem/designation-usage","code":"display"},"value":"MULTIPLE MYELOMA"}]},{"code":"MORQUA","display":"MORQUIO A - MPS IVA","designation":[{"use":{"system":"http://terminology.hl7.org/CodeSystem/designation-usage","code":"display"},"value":"MORQUIO A - MPS IVA"},{"use":{"system":"http://terminology.hl7.org/CodeSystem/designation-usage","code":"display"},"value":"MORQUIO A - MPS IVA"}]},{"code":"MORQUB","display":"MORQUIO B - MPS IVB","designation":[{"use":{"system":"http://terminology.hl7.org/CodeSystem/designation-usage","code":"display"},"value":"MORQUIO B - MPS IVB"},{"use":{"system":"http://terminology.hl7.org/CodeSystem/designation-usage","code":"display"},"value":"MORQUIO B - MPS IVB"}]},{"code":"MORQUO","display":"MORQUIO (MPS-IV)","designation":[{"use":{"system":"http://terminology.hl7.org/CodeSystem/designation-usage","code":"display"},"value":"MORQUIO (MPS-IV)"},{"use":{"system":"http://terminology.hl7.org/CodeSystem/designation-usage","code":"display"},"value":"MORQUIO (MPS-IV)"}]},{"code":"MPS","display":"MUCOPOLYSACCHARIDOSIS (MPS-V)","designation":[{"use":{"system":"http://terminology.hl7.org/CodeSystem/designation-usage","code":"display"},"value":"MUCOPOLYSACCHARIDOSIS (MPS-V)"},{"use":{"system":"http://terminology.hl7.org/CodeSystem/designation-usage","code":"display"},"value":"MUCOPOLYSACCHARIDOSIS (MPS-V)"}]},{"code":"N-P","display":"NEIMAN-PICK DISEASE","designation":[{"use":{"system":"http://terminology.hl7.org/CodeSystem/designation-usage","code":"display"},"value":"NEIMAN-PICK DISEASE"},{"use":{"system":"http://terminology.hl7.org/CodeSystem/designation-usage","code":"display"},"value":"NEIMAN-PICK DISEASE"}]},{"code":"NB","display":"NEUROBLASTOMA","designation":[{"use":{"system":"http://terminology.hl7.org/CodeSystem/designation-usage","code":"display"},"value":"NEUROBLASTOMA"},{"use":{"system":"http://terminology.hl7.org/CodeSystem/designation-usage","code":"display"},"value":"NEUROBLASTOMA"}]},{"code":"NCL1","display":"ENZYME NCL 1","designation":[{"use":{"system":"http://terminology.hl7.org/CodeSystem/designation-usage","code":"display"},"value":"ENZYME NCL 1"},{"use":{"system":"http://terminology.hl7.org/CodeSystem/designation-usage","code":"display"},"value":"ENZYME NCL 1"}]},{"code":"NCL2","display":"ENZYME NCL 2","designation":[{"use":{"system":"http://terminology.hl7.org/CodeSystem/designation-usage","code":"display"},"value":"ENZYME NCL 2"},{"use":{"system":"http://terminology.hl7.org/CodeSystem/designation-usage","code":"display"},"value":"ENZYME NCL 2"}]},{"code":"NEUTAD","display":"NEUTROPHIL ACTIN DEFICIENCY","designation":[{"use":{"system":"http://terminology.hl7.org/CodeSystem/designation-usage","code":"display"},"value":"NEUTROPHIL ACTIN DEFICIENCY"},{"use":{"system":"http://terminology.hl7.org/CodeSystem/designation-usage","code":"display"},"value":"NEUTROPHIL ACTIN DEFICIENCY"}]},{"code":"NEUTD","display":"CHEDIAK-HIGASHI SYNDROME","designation":[{"use":{"system":"http://terminology.hl7.org/CodeSystem/designation-usage","code":"display"},"value":"CHEDIAK-HIGASHI SYNDROME"},{"use":{"system":"http://terminology.hl7.org/CodeSystem/designation-usage","code":"display"},"value":"CHEDIAK-HIGASHI SYNDROME"}]},{"code":"NHL","display":"NON-HODGKINS LYMPHOMA","designation":[{"use":{"system":"http://terminology.hl7.org/CodeSystem/designation-usage","code":"display"},"value":"NON-HODGKINS LYMPHOMA"},{"use":{"system":"http://terminology.hl7.org/CodeSystem/designation-usage","code":"display"},"value":"NON-HODGKINS LYMPHOMA"}]},{"code":"OCID","display":"OTHR COMBINED IMMUNODEFICIENCY","designation":[{"use":{"system":"http://terminology.hl7.org/CodeSystem/designation-usage","code":"display"},"value":"OTHR COMBINED IMMUNODEFICIENCY"},{"use":{"system":"http://terminology.hl7.org/CodeSystem/designation-usage","code":"display"},"value":"OTHR COMBINED IMMUNODEFICIENCY"}]},{"code":"OHIS","display":"OTHER HISTIOCYTIC DISORDERS","designation":[{"use":{"system":"http://terminology.hl7.org/CodeSystem/designation-usage","code":"display"},"value":"OTHER HISTIOCYTIC DISORDERS"},{"use":{"system":"http://terminology.hl7.org/CodeSystem/designation-usage","code":"display"},"value":"OTHER HISTIOCYTIC DISORDERS"}]},{"code":"OIEA","display":"OTH ERYTHROCYT DIFFERENTIATION","designation":[{"use":{"system":"http://terminology.hl7.org/CodeSystem/designation-usage","code":"display"},"value":"OTH ERYTHROCYT DIFFERENTIATION"},{"use":{"system":"http://terminology.hl7.org/CodeSystem/designation-usage","code":"display"},"value":"OTH ERYTHROCYT DIFFERENTIATION"}]},{"code":"OIIS","display":"OTHER IMMUNE SYSTEM","designation":[{"use":{"system":"http://terminology.hl7.org/CodeSystem/designation-usage","code":"display"},"value":"OTHER IMMUNE SYSTEM"},{"use":{"system":"http://terminology.hl7.org/CodeSystem/designation-usage","code":"display"},"value":"OTHER IMMUNE SYSTEM"}]},{"code":"OIMD","display":"OTH INHER METABOLISM DISORD","designation":[{"use":{"system":"http://terminology.hl7.org/CodeSystem/designation-usage","code":"display"},"value":"OTH INHER METABOLISM DISORD"},{"use":{"system":"http://terminology.hl7.org/CodeSystem/designation-usage","code":"display"},"value":"OTH INHER METABOLISM DISORD"}]},{"code":"OIMDL","display":"OTH MUCOLIPIDOSES","designation":[{"use":{"system":"http://terminology.hl7.org/CodeSystem/designation-usage","code":"display"},"value":"OTH MUCOLIPIDOSES"},{"use":{"system":"http://terminology.hl7.org/CodeSystem/designation-usage","code":"display"},"value":"OTH MUCOLIPIDOSES"}]},{"code":"OIMDP","display":"OTH MUCOPOLYSACCHARIDOSIS","designation":[{"use":{"system":"http://terminology.hl7.org/CodeSystem/designation-usage","code":"display"},"value":"OTH MUCOPOLYSACCHARIDOSIS"},{"use":{"system":"http://terminology.hl7.org/CodeSystem/designation-usage","code":"display"},"value":"OTH MUCOPOLYSACCHARIDOSIS"}]},{"code":"OIPA","display":"OTH ABNORMALITIES OR PLATELETS","designation":[{"use":{"system":"http://terminology.hl7.org/CodeSystem/designation-usage","code":"display"},"value":"OTH ABNORMALITIES OR PLATELETS"},{"use":{"system":"http://terminology.hl7.org/CodeSystem/designation-usage","code":"display"},"value":"OTH ABNORMALITIES OR PLATELETS"}]},{"code":"OMDS","display":"OTHER MYELODYSPLASTIC DISORDER","designation":[{"use":{"system":"http://terminology.hl7.org/CodeSystem/designation-usage","code":"display"},"value":"OTHER MYELODYSPLASTIC DISORDER"},{"use":{"system":"http://terminology.hl7.org/CodeSystem/designation-usage","code":"display"},"value":"OTHER MYELODYSPLASTIC DISORDER"}]},{"code":"OMF","display":"OTHER MYLEOFIBROSIS/MYLEOSCLER","designation":[{"use":{"system":"http://terminology.hl7.org/CodeSystem/designation-usage","code":"display"},"value":"OTHER MYLEOFIBROSIS/MYLEOSCLER"},{"use":{"system":"http://terminology.hl7.org/CodeSystem/designation-usage","code":"display"},"value":"OTHER MYLEOFIBROSIS/MYLEOSCLER"}]},{"code":"OMMEN","display":"OMMEN'S SYNDROME","designation":[{"use":{"system":"http://terminology.hl7.org/CodeSystem/designation-usage","code":"display"},"value":"OMMEN'S SYNDROME"},{"use":{"system":"http://terminology.hl7.org/CodeSystem/designation-usage","code":"display"},"value":"OMMEN'S SYNDROME"}]},{"code":"OMS","display":"OTH MALIGNANCY, SPECIFY","designation":[{"use":{"system":"http://terminology.hl7.org/CodeSystem/designation-usage","code":"display"},"value":"OTH MALIGNANCY, SPECIFY"},{"use":{"system":"http://terminology.hl7.org/CodeSystem/designation-usage","code":"display"},"value":"OTH MALIGNANCY, SPECIFY"}]},{"code":"OND","display":"OTHER NON-MALIGNANT DISEASE","designation":[{"use":{"system":"http://terminology.hl7.org/CodeSystem/designation-usage","code":"display"},"value":"OTHER NON-MALIGNANT DISEASE"},{"use":{"system":"http://terminology.hl7.org/CodeSystem/designation-usage","code":"display"},"value":"OTHER NON-MALIGNANT DISEASE"}]},{"code":"OOL","display":"OTHER LEUKEMIA SPECIFY","designation":[{"use":{"system":"http://terminology.hl7.org/CodeSystem/designation-usage","code":"display"},"value":"OTHER LEUKEMIA SPECIFY"},{"use":{"system":"http://terminology.hl7.org/CodeSystem/designation-usage","code":"display"},"value":"OTHER LEUKEMIA SPECIFY"}]},{"code":"OPCD","display":"OTHER PLASMA CELL DISORDER","designation":[{"use":{"system":"http://terminology.hl7.org/CodeSystem/designation-usage","code":"display"},"value":"OTHER PLASMA CELL DISORDER"},{"use":{"system":"http://terminology.hl7.org/CodeSystem/designation-usage","code":"display"},"value":"OTHER PLASMA CELL DISORDER"}]},{"code":"OSCID","display":"OTHER SCID","designation":[{"use":{"system":"http://terminology.hl7.org/CodeSystem/designation-usage","code":"display"},"value":"OTHER SCID"},{"use":{"system":"http://terminology.hl7.org/CodeSystem/designation-usage","code":"display"},"value":"OTHER SCID"}]},{"code":"OST","display":"OSTEOPETROSIS","designation":[{"use":{"system":"http://terminology.hl7.org/CodeSystem/designation-usage","code":"display"},"value":"OSTEOPETROSIS"},{"use":{"system":"http://terminology.hl7.org/CodeSystem/designation-usage","code":"display"},"value":"OSTEOPETROSIS"}]},{"code":"OTHHGP","display":"OTHER HEMOGLOBINOPATHY","designation":[{"use":{"system":"http://terminology.hl7.org/CodeSystem/designation-usage","code":"display"},"value":"OTHER HEMOGLOBINOPATHY"},{"use":{"system":"http://terminology.hl7.org/CodeSystem/designation-usage","code":"display"},"value":"OTHER HEMOGLOBINOPATHY"}]},{"code":"PCL","display":"PLASMA CELL LEUKEMIA","designation":[{"use":{"system":"http://terminology.hl7.org/CodeSystem/designation-usage","code":"display"},"value":"PLASMA CELL LEUKEMIA"},{"use":{"system":"http://terminology.hl7.org/CodeSystem/designation-usage","code":"display"},"value":"PLASMA CELL LEUKEMIA"}]},{"code":"PHILLY","display":"PROLYMPHOCYTIC LEUKEMIA","designation":[{"use":{"system":"http://terminology.hl7.org/CodeSystem/designation-usage","code":"display"},"value":"PROLYMPHOCYTIC LEUKEMIA"},{"use":{"system":"http://terminology.hl7.org/CodeSystem/designation-usage","code":"display"},"value":"PROLYMPHOCYTIC LEUKEMIA"}]},{"code":"PNH","display":"PAROXYSMAL NOCTURNAL HEMOGLOB","designation":[{"use":{"system":"http://terminology.hl7.org/CodeSystem/designation-usage","code":"display"},"value":"PAROXYSMAL NOCTURNAL HEMOGLOB"},{"use":{"system":"http://terminology.hl7.org/CodeSystem/designation-usage","code":"display"},"value":"PAROXYSMAL NOCTURNAL HEMOGLOB"}]},{"code":"PV","display":"POLYCYTHEMIA VERA","designation":[{"use":{"system":"http://terminology.hl7.org/CodeSystem/designation-usage","code":"display"},"value":"POLYCYTHEMIA VERA"},{"use":{"system":"http://terminology.hl7.org/CodeSystem/designation-usage","code":"display"},"value":"POLYCYTHEMIA VERA"}]},{"code":"RA","display":"REFRACTORY ANEMIA (RA)","designation":[{"use":{"system":"http://terminology.hl7.org/CodeSystem/designation-usage","code":"display"},"value":"REFRACTORY ANEMIA (RA)"},{"use":{"system":"http://terminology.hl7.org/CodeSystem/designation-usage","code":"display"},"value":"REFRACTORY ANEMIA (RA)"}]},{"code":"RAEB","display":"REFRACT ANEMIA-EXCESS BLASTS","designation":[{"use":{"system":"http://terminology.hl7.org/CodeSystem/designation-usage","code":"display"},"value":"REFRACT ANEMIA-EXCESS BLASTS"},{"use":{"system":"http://terminology.hl7.org/CodeSystem/designation-usage","code":"display"},"value":"REFRACT ANEMIA-EXCESS BLASTS"}]},{"code":"RAEBIT","display":"REFRACT ANEMIA-EX. BLAST TRAN","designation":[{"use":{"system":"http://terminology.hl7.org/CodeSystem/designation-usage","code":"display"},"value":"REFRACT ANEMIA-EX. BLAST TRAN"},{"use":{"system":"http://terminology.hl7.org/CodeSystem/designation-usage","code":"display"},"value":"REFRACT ANEMIA-EX. BLAST TRAN"}]},{"code":"RCA","display":"PURE RED CELL APLASIA","designation":[{"use":{"system":"http://terminology.hl7.org/CodeSystem/designation-usage","code":"display"},"value":"PURE RED CELL APLASIA"},{"use":{"system":"http://terminology.hl7.org/CodeSystem/designation-usage","code":"display"},"value":"PURE RED CELL APLASIA"}]},{"code":"RCC","display":"RENAL CELL CARCINOMA","designation":[{"use":{"system":"http://terminology.hl7.org/CodeSystem/designation-usage","code":"display"},"value":"RENAL CELL CARCINOMA"},{"use":{"system":"http://terminology.hl7.org/CodeSystem/designation-usage","code":"display"},"value":"RENAL CELL CARCINOMA"}]},{"code":"RETDG","display":"RETICULAR DYSGENESIS","designation":[{"use":{"system":"http://terminology.hl7.org/CodeSystem/designation-usage","code":"display"},"value":"RETICULAR DYSGENESIS"},{"use":{"system":"http://terminology.hl7.org/CodeSystem/designation-usage","code":"display"},"value":"RETICULAR DYSGENESIS"}]},{"code":"SAA","display":"SEVERE APLASTIC ANEMIA","designation":[{"use":{"system":"http://terminology.hl7.org/CodeSystem/designation-usage","code":"display"},"value":"SEVERE APLASTIC ANEMIA"},{"use":{"system":"http://terminology.hl7.org/CodeSystem/designation-usage","code":"display"},"value":"SEVERE APLASTIC ANEMIA"}]},{"code":"SANFIA","display":"SANFILIPPO A - MPS IIIA","designation":[{"use":{"system":"http://terminology.hl7.org/CodeSystem/designation-usage","code":"display"},"value":"SANFILIPPO A - MPS IIIA"},{"use":{"system":"http://terminology.hl7.org/CodeSystem/designation-usage","code":"display"},"value":"SANFILIPPO A - MPS IIIA"}]},{"code":"SANFIB","display":"SANFILIPPO B - MPS IIIB","designation":[{"use":{"system":"http://terminology.hl7.org/CodeSystem/designation-usage","code":"display"},"value":"SANFILIPPO B - MPS IIIB"},{"use":{"system":"http://terminology.hl7.org/CodeSystem/designation-usage","code":"display"},"value":"SANFILIPPO B - MPS IIIB"}]},{"code":"SANFIC","display":"SANFILIPPO C - MPS IIIC","designation":[{"use":{"system":"http://terminology.hl7.org/CodeSystem/designation-usage","code":"display"},"value":"SANFILIPPO C - MPS IIIC"},{"use":{"system":"http://terminology.hl7.org/CodeSystem/designation-usage","code":"display"},"value":"SANFILIPPO C - MPS IIIC"}]},{"code":"SANFID","display":"ANFILIPPO D - MPS IIID","designation":[{"use":{"system":"http://terminology.hl7.org/CodeSystem/designation-usage","code":"display"},"value":"ANFILIPPO D - MPS IIID"},{"use":{"system":"http://terminology.hl7.org/CodeSystem/designation-usage","code":"display"},"value":"ANFILIPPO D - MPS IIID"}]},{"code":"SANFIL","display":"SANFILLIPPO (MPS-III)","designation":[{"use":{"system":"http://terminology.hl7.org/CodeSystem/designation-usage","code":"display"},"value":"SANFILLIPPO (MPS-III)"},{"use":{"system":"http://terminology.hl7.org/CodeSystem/designation-usage","code":"display"},"value":"SANFILLIPPO (MPS-III)"}]},{"code":"SCA","display":"SICKLE CELL ANEMIA","designation":[{"use":{"system":"http://terminology.hl7.org/CodeSystem/designation-usage","code":"display"},"value":"SICKLE CELL ANEMIA"},{"use":{"system":"http://terminology.hl7.org/CodeSystem/designation-usage","code":"display"},"value":"SICKLE CELL ANEMIA"}]},{"code":"SCHEIE","display":"SCHEIE SYNDROME (MPS-IS)","designation":[{"use":{"system":"http://terminology.hl7.org/CodeSystem/designation-usage","code":"display"},"value":"SCHEIE SYNDROME (MPS-IS)"},{"use":{"system":"http://terminology.hl7.org/CodeSystem/designation-usage","code":"display"},"value":"SCHEIE SYNDROME (MPS-IS)"}]},{"code":"SCID","display":"SEVERE COMBINED IMMUNODEF","designation":[{"use":{"system":"http://terminology.hl7.org/CodeSystem/designation-usage","code":"display"},"value":"SEVERE COMBINED IMMUNODEF"},{"use":{"system":"http://terminology.hl7.org/CodeSystem/designation-usage","code":"display"},"value":"SEVERE COMBINED IMMUNODEF"}]}]}