{"resourceType":"CodeSystem","id":"glstring-codesystem","text":{"status":"generated","div":"<div xmlns=\"http://www.w3.org/1999/xhtml\"><p>This code system <code>http://www.glstring.org</code> defines codes, but no codes are represented here</p></div>"},"url":"http://www.glstring.org","version":"0.1.0","name":"GLStringCS","title":"Genotype List String Code CodeSystem","status":"active","experimental":true,"date":"2023-05-09T13:39:12-05:00","publisher":"NMDP","contact":[{"name":"NMDP","telecom":[{"system":"url","value":"http://bethematch.org"}]}],"description":"Genotype List String Codesystem used for HLA reporting","copyright":"National Marrow Donor Program","caseSensitive":true,"compositional":true,"content":"not-present"}