{"resourceType":"ValueSet","id":"loinc-abo-rh-codes","text":{"status":"generated","div":"<div xmlns=\"http://www.w3.org/1999/xhtml\"><p class=\"res-header-id\"><b>Generated Narrative: ValueSet loinc-abo-rh-codes</b></p><a name=\"loinc-abo-rh-codes\"> </a><a name=\"hcloinc-abo-rh-codes\"> </a><a name=\"loinc-abo-rh-codes-en-US\"> </a><ul><li>Include these codes as defined in <a href=\"http://loinc.org\"><code>http://loinc.org</code></a><table class=\"none\"><tr><td style=\"white-space:nowrap\"><b>Code</b></td><td><b>Display</b></td></tr><tr><td><a href=\"https://loinc.org/LA21321-7/\">LA21321-7</a></td><td>O Pos</td></tr><tr><td><a href=\"https://loinc.org/LA21322-5/\">LA21322-5</a></td><td>O Neg</td></tr><tr><td><a href=\"https://loinc.org/LA21325-8/\">LA21325-8</a></td><td>A Pos</td></tr><tr><td><a href=\"https://loinc.org/LA21326-6/\">LA21326-6</a></td><td>A Neg</td></tr><tr><td><a href=\"https://loinc.org/LA21327-4/\">LA21327-4</a></td><td>B Pos</td></tr><tr><td><a href=\"https://loinc.org/LA21328-2/\">LA21328-2</a></td><td>B Neg</td></tr><tr><td><a href=\"https://loinc.org/LA21323-3/\">LA21323-3</a></td><td>AB Pos</td></tr><tr><td><a href=\"https://loinc.org/LA21324-1/\">LA21324-1</a></td><td>AB Neg</td></tr></table></li></ul></div>"},"url":"http://loinc.org/vs/LL2972-9","version":"0.1.2","name":"LNCABORHGroupVS","title":"ValueSet - Blood Group (ABO+RH) - LOINC","status":"active","experimental":true,"date":"2025-04-16T10:37:17-05:00","publisher":"NMDP","contact":[{"name":"NMDP","telecom":[{"system":"url","value":"http://bethematch.org"}]}],"description":"LOINC codes for ABO RH blood group","copyright":"This material contains content from LOINC (http://loinc.org). LOINC is copyright ©1995-2022, Regenstrief Institute, Inc. and the Logical Observation Identifiers Names and Codes (LOINC) Committee and is available at no cost under the license at http://loinc.org/license. LOINC® is a registered United States trademark of Regenstrief Institute, Inc.","compose":{"include":[{"system":"http://loinc.org","concept":[{"code":"LA21321-7","display":"O Pos"},{"code":"LA21322-5","display":"O Neg"},{"code":"LA21325-8","display":"A Pos"},{"code":"LA21326-6","display":"A Neg"},{"code":"LA21327-4","display":"B Pos"},{"code":"LA21328-2","display":"B Neg"},{"code":"LA21323-3","display":"AB Pos"},{"code":"LA21324-1","display":"AB Neg"}]}]}}