{
  "codeSystems" : [
    {
      "url" : "http://hl7.org/fhir/sid/icd-10-cm",
      "version" : "2.0.1",
      "status" : "active",
      "name" : "Icd10CM",
      "title" : "International Classification of Diseases, 10th Revision, Clinical Modification (ICD-10-CM)",
      "description" : "The International Classification of Diseases, 10th Revision, Clinical Modification (ICD-10-CM), describes the classification of morbidity and mortality information for statistical purposes and for the indexing of healthcare records by diseases. The ICD-10-CM codes can be used as the value of the Act.cd attribute.",
      "oids" : ["2.16.840.1.113883.6.90"],
      "uses" : {
      },
      "ValueSet-icd10-gvhd-codes.html" : "GVHD ICD-10 Codes"
    },
    {
      "url" : "http://loinc.org",
      "version" : "3.1.0",
      "status" : "active",
      "name" : "LOINC",
      "title" : "Logical Observation Identifiers, Names and Codes (LOINC)",
      "description" : "LOINC provides a set of universal names and ID codes for identifying laboratory and clinical test results.1,2 LOINC facilitates the exchange and pooling of results, such as blood hemoglobin, serum potassium, or vital signs, for clinical care, outcomes management, and research. LOINC's universal identifiers (names and codes) can be used in the context of order and observation exchanges between information systems that use syntax standards such as HL73, CEN TC251, ISO TC215, ASTM4, and DICOM. Specifically, the identifier can be used as the coded value for an observation in any other standard that uses the observation/observation value paradigm, whether messages, documents, application programming interface (API), etc. For example, LOINC codes are used widely in the OBX segment Observation Identifier field (OBX-3) of an ORU HL7 (HL7 version 2.x or ASTM 1238-9410) message that may be sent between a Clinical Laboratory Information Management Systems (LIMS) and Electronic Health Record Systems (EHR).5, 6 In this way, LOINC codes provide universal identifiers that allow the exchange of clinical data between heterogeneous computing environments.",
      "oids" : ["2.16.840.1.113883.6.1"],
      "uses" : {
      },
      "ValueSet-loinc-posneg-codes.html" : "LOINC Pos|Neg Value Set",
      "ValueSet-loinc-abo-codes.html" : "LOINC ABO group Value Set",
      "ValueSet-loinc-abo-rh-codes.html" : "LOINC ABO RH group Value Set"
    },
    {
      "url" : "http://snomed.info/sct",
      "version" : null,
      "status" : "active",
      "name" : "SNOMED_CT",
      "title" : "SNOMED CT (all versions)",
      "description" : "SNOMED CT is the most comprehensive and precise clinical health terminology product in the world, owned and distributed around the world by The International Health Terminology Standards Development Organisation (IHTSDO).",
      "oids" : ["2.16.840.1.113883.6.96"],
      "uses" : {
      },
      "ValueSet-sct-abo-group-codes.html" : "Snomed CT ABO group Value Set"
    },
    {
      "url" : "http://terminology.nmdp.org/codesystem/abogroup",
      "version" : "0.1.0",
      "status" : "active",
      "name" : "NMDPABOCS",
      "title" : "NMDP Blood Group Code System",
      "description" : "Code System for NMDP ABO blood groups",
      "uses" : {
      },
      "ValueSet-nmdp-abo-codes.html" : "NMDP Blood Group Value Set"
    },
    {
      "url" : "http://terminology.nmdp.org/codesystem/disease",
      "version" : "0.1.0",
      "status" : "active",
      "name" : "NMDPDiseaseCS",
      "title" : "NMDP Disease Code System",
      "description" : "Code System for NMDP diseases",
      "uses" : {
      },
      "ValueSet-nmdp-disease-codes.html" : "NMDP Disease Value Set"
    },
    {
      "url" : "http://terminology.nmdp.org/codesystem/diseasestage",
      "version" : "0.1.0",
      "status" : "active",
      "name" : "NMDPDiseaseStageCS",
      "title" : "NMDP Disease Stage Code System",
      "description" : "Code System for NMDP disease stages",
      "uses" : {
      },
      "ValueSet-nmdp-diseasestage-codes.html" : "NMDP Disease Stage Value Set"
    },
    {
      "url" : "http://terminology.nmdp.org/codesystem/ethnicity",
      "version" : "0.1.0",
      "status" : "active",
      "name" : "NMDPEthnicityCS",
      "title" : "NMDP Ethnicity Code System",
      "description" : "Code System for NMDP ethnicity",
      "uses" : {
      },
      "ValueSet-nmdp-ethnicity-codes.html" : "NMDP Ethnicity Value Set"
    },
    {
      "url" : "http://terminology.nmdp.org/codesystem/language",
      "version" : "0.1.0",
      "status" : "active",
      "name" : "NMDPLanguageCS",
      "title" : "NMDP Language Code System",
      "description" : "Code System for NMDP languages",
      "uses" : {
      },
      "ValueSet-nmdp-language-codes.html" : "NMDP Language Value Set"
    },
    {
      "url" : "http://terminology.nmdp.org/codesystem/practitionerrole",
      "version" : "0.1.0",
      "status" : "active",
      "name" : "NMDPPractitionerRoleCS",
      "title" : "NMDP Practitioner Roles",
      "description" : "NMDP Practitioner Roles",
      "uses" : {
      },
      "ValueSet-nmdp-practitioner-role-vs.html" : "NMDP Practitioner Role Value Set"
    },
    {
      "url" : "http://terminology.nmdp.org/codesystem/preferredproduct",
      "version" : "0.1.0",
      "status" : "active",
      "name" : "NMDPPreferredProductCS",
      "title" : "NMDP Preferred Product for Transplant",
      "description" : "NMDP Preferred Product for MatchSync patient",
      "uses" : {
      },
      "ValueSet-nmdp-preferred-product-codes.html" : "NMDP Preferred Product Value Set"
    },
    {
      "url" : "http://terminology.nmdp.org/codesystem/race",
      "version" : "0.1.0",
      "status" : "active",
      "name" : "NMDPRaceCS",
      "title" : "NMDP Race Code System",
      "description" : "Code System for NMDP diseases",
      "uses" : {
      },
      "ValueSet-nmdp-race-codes.html" : "NMDP Race Value Set"
    },
    {
      "url" : "http://terminology.nmdp.org/codesystem/rhstatus",
      "version" : "0.1.0",
      "status" : "active",
      "name" : "NMDPRhStatusCS",
      "title" : "NMDP Rh Code System",
      "description" : "Code System for NMDP Rh Status",
      "uses" : {
      },
      "ValueSet-nmdp-rh-status-codes.html" : "NMDP Codes for Rh status"
    },
    {
      "url" : "http://terminology.nmdp.org/codesystem/transplanttimeline",
      "version" : "0.1.0",
      "status" : "active",
      "name" : "NMDPTransplantTimelineCS",
      "title" : "NMDP Transplant Timeline Code System",
      "description" : "Code System for NMDP transplant timeline",
      "uses" : {
      },
      "ValueSet-nmdp-transplant-timeline-codes.html" : "NMDP Transplant Timeline Value Set"
    },
    {
      "url" : "http://www.genenames.org/geneId",
      "version" : "0.1.0",
      "status" : "active",
      "name" : "HLAGeneIdCS",
      "title" : "HLA HGNC GeneID CodeSystem",
      "description" : "CodeSystem of HLA gene group subset of HGNC GeneId Codesystem",
      "uses" : {
      },
      "ValueSet-hla-geneid-valueset.html" : "HLA Gene Name Value Set"
    }
  ]
}
