{
  "package": "nmdp.fhir.matchsync",
  "version": "0.1.0",
  "fhirVersion": "4.0.1",
  "extensions": [
    {
      "url": "http://fhir.nmdp.org/ig/matchsync/StructureDefinition/number-of-remissions",
      "title": "Number of Remissions of Primary Diagnosis",
      "types": [
        "integer"
      ]
    }
  ],
  "profiles": {
    "Observation": [
      {
        "url": "http://fhir.nmdp.org/ig/matchsync/StructureDefinition/ms-height-observation",
        "title": "MSHeightObservation"
      },
      {
        "url": "http://fhir.nmdp.org/ig/matchsync/StructureDefinition/ms-preferred-product-observation",
        "title": "MSPreferredProduct"
      },
      {
        "url": "http://fhir.nmdp.org/ig/matchsync/StructureDefinition/ms-rhstatus-observation",
        "title": "MSRhStatusObservation"
      },
      {
        "url": "http://fhir.nmdp.org/ig/matchsync/StructureDefinition/ms-transplant-timeline-observation",
        "title": "MSTransplantTimeline"
      },
      {
        "url": "http://fhir.nmdp.org/ig/matchsync/StructureDefinition/ms-weight-observation",
        "title": "MSWeightObservation"
      }
    ],
    "Bundle": [
      {
        "url": "http://fhir.nmdp.org/ig/matchsync/StructureDefinition/ms-bundle",
        "title": "MatchSync Bundle"
      },
      {
        "url": "http://fhir.nmdp.org/ig/matchsync/StructureDefinition/ms-bundle-hla-multilocus",
        "title": "MatchSync Bundle with single multilocus HLA"
      },
      {
        "url": "http://fhir.nmdp.org/ig/matchsync/StructureDefinition/ms-bundle-hla-separate",
        "title": "MatchSync Bundle with Separate HLA"
      }
    ],
    "Condition": [
      {
        "url": "http://fhir.nmdp.org/ig/matchsync/StructureDefinition/msdiagnosis",
        "title": "MSPrimaryDiagnosis"
      }
    ],
    "Patient": [
      {
        "url": "http://fhir.nmdp.org/ig/matchsync/StructureDefinition/mspatient",
        "title": "MSPatient"
      }
    ],
    "Specimen": [
      {
        "url": "http://fhir.nmdp.org/ig/matchsync/StructureDefinition/msspecimen",
        "title": "MSSpecimen"
      }
    ],
    "Practitioner": [
      {
        "url": "http://fhir.nmdp.org/ig/matchsync/StructureDefinition/nmdp-practitioner",
        "title": "NMDPPractitioner"
      }
    ],
    "PractitionerRole": [
      {
        "url": "http://fhir.nmdp.org/ig/matchsync/StructureDefinition/nmdp-practitioner-role",
        "title": "NMDPPractitionerRole"
      }
    ],
    "Organization": [
      {
        "url": "http://fhir.nmdp.org/ig/matchsync/StructureDefinition/transplantcenter",
        "title": "TransplantCenter"
      }
    ]
  },
  "usage": {
    "http://fhir.nmdp.org/ig/matchsync/StructureDefinition/number-of-remissions": [
      "Bundle.entry.resource",
      "Condition"
    ],
    "http://hl7.org/fhir/StructureDefinition/bodySite": [
      "Observation"
    ],
    "http://hl7.org/fhir/StructureDefinition/elementdefinition-bestpractice": [
      "StructureDefinition.snapshot.element.constraint"
    ],
    "http://hl7.org/fhir/StructureDefinition/elementdefinition-bestpractice-explanation": [
      "StructureDefinition.snapshot.element.constraint"
    ],
    "http://hl7.org/fhir/StructureDefinition/elementdefinition-bindingName": [
      "StructureDefinition.snapshot.element.binding"
    ],
    "http://hl7.org/fhir/StructureDefinition/elementdefinition-isCommonBinding": [
      "StructureDefinition.snapshot.element.binding"
    ],
    "http://hl7.org/fhir/StructureDefinition/elementdefinition-maxValueSet": [
      "StructureDefinition.snapshot.element.binding"
    ],
    "http://hl7.org/fhir/StructureDefinition/elementdefinition-translatable": [
      "StructureDefinition.snapshot.element"
    ],
    "http://hl7.org/fhir/StructureDefinition/observation-secondaryFinding": [
      "Observation"
    ],
    "http://hl7.org/fhir/StructureDefinition/structuredefinition-display-hint": [
      "StructureDefinition.snapshot.element"
    ],
    "http://hl7.org/fhir/StructureDefinition/structuredefinition-explicit-type-name": [
      "StructureDefinition.snapshot.element"
    ],
    "http://hl7.org/fhir/StructureDefinition/structuredefinition-fhir-type": [
      "StructureDefinition.snapshot.element.type"
    ],
    "http://hl7.org/fhir/StructureDefinition/structuredefinition-hierarchy": [
      "StructureDefinition.snapshot.element.type"
    ],
    "http://hl7.org/fhir/StructureDefinition/structuredefinition-standards-status": [
      "StructureDefinition.snapshot.element"
    ],
    "http://hl7.org/fhir/tools/StructureDefinition/ig-internal-dependency": [
      "ImplementationGuide.definition"
    ],
    "http://hl7.org/fhir/tools/StructureDefinition/ig-page-name": [
      "ImplementationGuide.definition.page",
      "ImplementationGuide.definition.page.page"
    ],
    "http://hl7.org/fhir/tools/StructureDefinition/ig-parameter": [
      "ImplementationGuide.definition"
    ],
    "http://hl7.org/fhir/tools/StructureDefinition/implementationguide-dependency-comment": [
      "ImplementationGuide.dependsOn"
    ],
    "http://hl7.org/fhir/tools/StructureDefinition/resource-information": [
      "ImplementationGuide.definition.resource"
    ],
    "http://hl7.org/fhir/us/core/StructureDefinition/us-core-birthsex": [
      "Patient"
    ],
    "http://hl7.org/fhir/us/core/StructureDefinition/us-core-ethnicity": [
      "Bundle.entry.resource",
      "Patient"
    ],
    "http://hl7.org/fhir/us/core/StructureDefinition/us-core-race": [
      "Bundle.entry.resource",
      "Patient"
    ]
  }
}