<?xml version="1.0" encoding="UTF-8"?>

<Specimen xmlns="http://hl7.org/fhir">
  <id value="MSSpecimenExample"/>
  <meta>
    <profile value="http://fhir.nmdp.org/ig/matchsource/StructureDefinition/msspecimen"/>
    <security>
      <system value="http://terminology.nmdp.org/codesystem/transplant-center"/>
      <code value="tc_123"/>
    </security>
  </meta>
  <text>
    <status value="generated"/><div xmlns="http://www.w3.org/1999/xhtml"><p><b>Generated Narrative</b></p><div style="display: inline-block; background-color: #d9e0e7; padding: 6px; margin: 4px; border: 1px solid #8da1b4; border-radius: 5px; line-height: 60%"><p style="margin-bottom: 0px">Resource "MSSpecimenExample" </p><p style="margin-bottom: 0px">Profile: <a href="StructureDefinition-msspecimen.html">MSSpecimen</a></p><p style="margin-bottom: 0px">Security Labels: <span title="{http://terminology.nmdp.org/codesystem/transplant-center http://terminology.nmdp.org/codesystem/transplant-center}">http://terminology.nmdp.org/codesystem/transplant-center</span></p></div><p><b>identifier</b>: id: 000</p><p><b>subject</b>: <a href="Patient-MSPatientExample.html">Patient/MSPatientExample</a> " EVERYPERSON"</p></div>
  </text>
  <identifier>
    <system value="http://terminology.nmdp.org/identifier/transplantcenter"/>
    <value value="000"/>
  </identifier>
  <subject>
    <reference value="Patient/MSPatientExample"/>
  </subject>
</Specimen>