{"resourceType":"ValueSet","id":"nmdp-preferred-product-codes","text":{"status":"generated","div":"<div xmlns=\"http://www.w3.org/1999/xhtml\"><p class=\"res-header-id\"><b>Generated Narrative: ValueSet nmdp-preferred-product-codes</b></p><a name=\"nmdp-preferred-product-codes\"> </a><a name=\"hcnmdp-preferred-product-codes\"> </a><a name=\"nmdp-preferred-product-codes-en-US\"> </a><ul><li>Include all codes defined in <a href=\"CodeSystem-nmdp-preferred-product-cs.html\"><code>http://terminology.nmdp.org/codesystem/preferredproduct</code></a></li></ul></div>"},"url":"http://fhir.nmdp.org/ig/matchsync/ValueSet/nmdp-preferred-product-codes","version":"0.1.0","name":"NMDPPreferredProductVS","title":"NMDP Preferred Product Value Set","status":"draft","experimental":true,"date":"2024-11-08T17:25:20-06:00","publisher":"NMDP","contact":[{"name":"NMDP","telecom":[{"system":"url","value":"http://bethematch.org"}]}],"description":"NMDP preferred product codes","compose":{"include":[{"system":"http://terminology.nmdp.org/codesystem/preferredproduct"}]}}