Source File	Size	loadResources	load	generateSnapshots	load-configure	scan	loadDepInfo	loadInfo	checkR4R4B	generateNarratives	validate	loadLists	checkConformanceResources	checkConformanceResources2	checkConformanceResources3	generateLogicalMaps	validateExpressions	scanForUsageStats	checkURLsUnique	processProvenanceDetails	generate1	generate2	generateLogicals	makeDependencies	generateExampleZip	generateValidationPack	scanProfilesForR5	scanExamplesForR5
/fsh-generated/resources/ImplementationGuide-nmdp.fhir.matchsync.json	34849	-	0	0	0	0	0	0	18	192	0	0	0	0	0	0	0	1	0	0	174	336	0	0	0	8	0	2
fsh-generated/resources/Bundle-BundleExample-Practitioner.json	8946	4	19	0	1	0	0	0	2	3959	0	0	0	0	0	0	0	0	0	0	34	3959	0	0	0	0	0	0
fsh-generated/resources/CodeSystem-cdc-race-ethnicity-cs.json	92982	36	0	0	2	0	0	0	25	133	0	0	1	0	0	0	0	2	0	0	364	498	0	0	0	16	0	1
fsh-generated/resources/CodeSystem-glstring-codesystem.json	474	2	0	0	0	0	0	0	0	2	0	0	0	0	0	0	0	0	0	0	6	22	0	0	0	0	0	0
fsh-generated/resources/CodeSystem-hla-genename-codesystem.json	6925	1	0	0	0	0	0	0	2	7	0	0	0	0	0	0	0	0	0	0	27	44	0	0	0	1	0	0
fsh-generated/resources/CodeSystem-ietf-language-cs.json	8379	3	0	0	0	0	0	0	1	7	0	0	0	0	0	0	0	0	0	0	35	55	0	0	0	2	0	0
fsh-generated/resources/CodeSystem-nmdp-GenderIdentity-cs.json	743	1	0	0	0	0	0	0	0	2	0	0	0	0	0	0	0	0	0	0	7	21	0	0	0	0	0	0
fsh-generated/resources/CodeSystem-nmdp-abo-group-cs.json	753	1	0	0	0	0	0	0	0	1	0	0	0	0	0	0	0	0	0	0	8	24	0	0	0	0	0	0
fsh-generated/resources/CodeSystem-nmdp-abo-rh-group-cs.json	1020	1	0	0	0	0	0	0	0	2	0	0	0	0	0	0	0	0	0	0	9	31	0	0	0	1	0	0
fsh-generated/resources/CodeSystem-nmdp-cmv-cs.json	751	1	0	0	0	0	0	0	0	1	0	0	0	0	0	0	0	0	0	0	6	24	0	0	0	0	0	0
fsh-generated/resources/CodeSystem-nmdp-disease-cs.json	8206	3	0	0	0	0	0	0	2	6	0	0	0	0	0	0	0	0	0	0	30	48	0	0	0	2	0	0
fsh-generated/resources/CodeSystem-nmdp-diseasestage-cs.json	1023	0	0	0	0	0	0	0	0	2	0	0	0	0	0	0	0	0	0	0	8	22	0	0	0	1	0	1
fsh-generated/resources/CodeSystem-nmdp-ethnicity-cs.json	688	1	0	0	0	0	0	0	0	1	0	0	0	0	0	0	0	0	0	0	8	146	0	0	0	0	0	0
fsh-generated/resources/CodeSystem-nmdp-form117-cs.json	574	1	0	0	0	0	0	0	0	1	0	0	0	0	0	0	0	0	0	0	5	20	0	0	0	0	0	0
fsh-generated/resources/CodeSystem-nmdp-language-cs.json	1331	1	0	0	0	0	0	0	0	2	0	0	0	0	0	0	0	0	0	0	6	26	0	0	0	1	0	0
fsh-generated/resources/CodeSystem-nmdp-practitioner-role-cs.json	787	1	0	0	1	0	0	0	1	1	0	0	0	0	0	0	0	0	0	0	6	22	0	0	0	0	0	0
fsh-generated/resources/CodeSystem-nmdp-preferred-product-cs.json	845	1	0	0	0	0	0	0	0	2	0	0	0	0	0	0	0	0	0	0	6	25	0	0	0	0	0	0
fsh-generated/resources/CodeSystem-nmdp-race-cs.json	4075	1	0	0	0	0	0	0	1	4	0	0	0	0	0	0	0	0	0	0	19	36	0	0	0	1	0	0
fsh-generated/resources/CodeSystem-nmdp-rh-status-cs.json	599	1	0	0	0	0	0	0	0	1	0	0	0	0	0	0	0	0	0	0	5	18	0	0	0	0	0	0
fsh-generated/resources/CodeSystem-nmdp-transplant-timeline-cs.json	1082	1	0	0	0	0	0	0	0	1	0	0	0	0	0	0	0	0	0	0	7	22	0	0	0	1	0	0
fsh-generated/resources/Condition-MSDiagnosisExample-AML.json	1023	1	0	0	0	0	0	0	0	497	0	0	0	0	0	0	0	1	0	0	7	10	0	0	0	0	0	0
fsh-generated/resources/Condition-MSDiagnosisExample-OND.json	617	1	0	0	0	0	0	0	0	500	0	0	0	0	0	0	0	0	0	0	4	5	0	0	0	0	0	0
fsh-generated/resources/Condition-a9e56f2a-0827-4efd-a773-ed48c6e2752c.json	1057	1	0	0	0	0	0	0	0	490	0	0	0	0	0	0	0	0	0	0	5	6	0	0	0	0	0	0
fsh-generated/resources/Observation-Example-MS-ABOGroup.json	791	1	0	0	0	0	0	0	0	493	0	0	0	0	0	0	0	0	0	0	6	10	0	0	0	0	0	0
fsh-generated/resources/Observation-Example-MS-ABORH.json	795	1	0	0	0	0	0	0	0	489	0	0	0	0	0	0	0	0	0	0	5	7	0	0	0	0	0	0
fsh-generated/resources/Observation-Example-MS-CMV.json	830	1	0	0	0	0	0	0	1	490	0	0	0	0	0	0	0	0	0	0	5	6	0	0	0	0	0	0
fsh-generated/resources/Observation-Example-MS-Form117Compliance.json	702	1	0	0	0	0	0	0	0	492	0	0	0	0	0	0	0	0	0	0	5	6	0	0	0	0	0	0
fsh-generated/resources/Observation-Example-MS-PatientHeight.json	904	1	0	0	0	0	0	0	0	1919	0	0	0	0	0	0	0	0	0	0	4	6	0	0	0	0	0	0
fsh-generated/resources/Observation-Example-MS-PatientWeight.json	901	1	0	0	0	0	0	0	0	984	0	0	0	0	0	0	0	0	0	0	4	6	0	0	0	0	0	0
fsh-generated/resources/Observation-Example-MS-PreferredProduct.json	733	1	0	0	0	0	0	0	1	496	0	0	0	0	0	0	0	0	0	0	5	5	0	0	0	0	0	0
fsh-generated/resources/Observation-Example-MS-RhStatus.json	786	1	0	0	0	0	0	0	0	474	0	0	0	0	0	0	0	0	0	0	7	5	0	0	0	0	0	0
fsh-generated/resources/Observation-Example-MS-TransplantTimeline.json	758	0	0	0	0	0	0	0	0	488	0	0	0	0	0	0	0	0	0	0	4	5	0	0	0	0	0	0
fsh-generated/resources/Observation-HLA-A-Example.json	1384	2	0	0	0	0	0	0	0	1330	0	0	0	0	0	0	0	0	0	0	5	9	0	0	0	0	0	0
fsh-generated/resources/Observation-HLA-B-Example.json	1390	1	0	0	0	0	0	0	0	740	0	0	0	0	0	0	0	0	0	0	7	8	0	0	0	0	0	0
fsh-generated/resources/Observation-HLA-C-Example.json	1387	1	0	0	0	0	0	0	0	740	0	0	0	0	0	0	0	0	0	0	7	8	0	0	0	0	0	0
fsh-generated/resources/Observation-HLA-DPA1-Example.json	1402	1	0	0	0	0	0	0	0	729	0	0	0	0	0	0	0	0	0	0	7	7	0	0	0	0	0	0
fsh-generated/resources/Observation-HLA-DPB1-Example.json	1405	1	0	0	0	0	0	0	1	724	0	0	0	0	0	0	0	0	0	0	6	8	0	0	0	0	0	0
fsh-generated/resources/Observation-HLA-DQA1-Example.json	1405	1	0	0	0	0	0	0	0	717	0	0	0	0	0	0	0	0	0	0	7	7	0	0	0	0	0	0
fsh-generated/resources/Observation-HLA-DQB1-Example.json	1405	1	0	0	0	0	0	0	0	752	0	0	0	0	0	0	0	0	0	0	6	8	0	0	0	0	0	0
fsh-generated/resources/Observation-HLA-DRB1-Example.json	1405	1	0	0	0	0	0	0	0	728	0	0	0	0	0	0	0	0	0	0	7	7	0	0	0	0	0	0
fsh-generated/resources/Observation-HLA-DRB3-Example.json	1384	1	0	0	0	0	0	0	0	728	0	0	0	0	0	0	0	0	0	0	6	7	0	0	0	0	0	0
fsh-generated/resources/Observation-HLA-DRB4-Example.json	1384	1	0	0	0	0	0	0	0	736	0	0	0	0	0	0	0	0	0	0	6	8	0	0	0	0	0	0
fsh-generated/resources/Observation-HLA-DRB5-Example.json	1384	1	0	0	0	0	0	0	1	1247	0	0	0	0	0	0	0	0	0	0	7	8	0	0	0	0	0	0
fsh-generated/resources/Observation-HLA-Multilocus-Genotype-Example.json	2651	1	0	0	0	0	0	0	0	739	0	0	0	0	0	0	0	0	0	0	8	8	0	0	0	0	0	0
fsh-generated/resources/Organization-TCExample.json	486	1	0	0	0	0	0	0	0	490	0	0	0	0	0	0	0	0	0	0	4	6	0	0	0	0	0	0
fsh-generated/resources/Patient-3f7d88b1-3e39-4f52-bb9c-5d680b7166b3.json	2112	1	0	0	0	0	0	0	0	487	0	0	0	0	0	0	0	0	0	0	10	13	0	0	0	0	0	0
fsh-generated/resources/Patient-MSPatientBirthSex.json	1827	1	0	0	0	0	0	0	1	482	0	0	0	0	0	0	0	0	0	0	9	4	0	0	0	0	0	0
fsh-generated/resources/Patient-MSPatientExample.json	1711	1	0	0	0	0	0	0	0	478	0	0	0	0	0	0	0	0	0	0	8	5	0	0	0	0	0	0
fsh-generated/resources/Patient-MSPatientExample2.json	833	1	0	0	0	0	0	0	0	474	0	0	0	0	0	0	0	0	0	0	4	3	0	0	0	0	0	0
fsh-generated/resources/Patient-MSPatientExample3.json	835	1	0	0	0	0	0	0	0	496	0	0	0	0	0	0	0	0	0	0	5	4	0	0	0	0	0	0
fsh-generated/resources/Patient-MSPatientExample4.json	1262	0	0	0	0	0	0	0	0	488	0	0	0	0	0	0	0	0	0	0	6	4	0	0	0	0	0	0
fsh-generated/resources/Patient-MSPatientExample5.json	1218	1	0	0	1	0	0	0	0	472	0	0	0	0	0	0	0	0	0	0	7	12	0	0	0	0	0	0
fsh-generated/resources/Practitioner-26b2e265-9a7a-4e5e-b99d-bb301e8a3bfa.json	445	1	0	0	0	0	0	0	0	493	0	0	0	0	0	0	0	0	0	0	3	3	0	0	1	0	0	0
fsh-generated/resources/Practitioner-PhysicianExample.json	425	0	0	0	0	0	0	0	0	473	0	0	0	0	0	0	0	0	0	0	4	3	0	0	0	0	0	0
fsh-generated/resources/Practitioner-TCCoordinatorExample.json	429	1	0	0	0	0	0	0	0	485	0	0	0	0	0	0	0	0	0	0	3	2	0	0	0	0	0	0
fsh-generated/resources/Practitioner-fe6acf5d-ed53-4758-8d38-10d915c984af.json	445	1	0	0	0	0	0	0	0	494	0	0	0	0	0	0	0	0	0	0	3	3	0	0	0	0	0	0
fsh-generated/resources/PractitionerRole-8fd0ef20-d146-4fff-b2a8-1d607adf9802.json	717	1	0	0	0	0	0	0	1	494	0	0	0	0	0	0	0	0	0	0	5	8	0	0	0	0	0	0
fsh-generated/resources/PractitionerRole-ReferringPhysicianRoleExample.json	662	0	0	0	0	0	0	0	0	484	0	0	0	0	0	0	0	0	0	0	4	5	0	0	0	0	0	0
fsh-generated/resources/PractitionerRole-TCCoordinatorRoleExample.json	666	1	0	0	0	0	0	0	0	485	0	0	0	0	0	0	0	0	0	0	5	5	0	0	0	0	0	0
fsh-generated/resources/PractitionerRole-TCPhysicianRoleExample.json	656	1	0	0	0	0	0	0	0	488	0	0	0	0	0	0	0	0	0	0	4	5	0	0	0	0	0	0
fsh-generated/resources/PractitionerRole-ad78058a-c0fe-4ea0-bc86-d2f3770a1944.json	721	1	0	0	0	0	0	0	0	476	0	0	0	0	0	0	0	0	0	0	5	5	0	0	0	0	0	0
fsh-generated/resources/PractitionerRole-f1942bac-b8b3-45a1-b1d0-6928326d03ce.json	716	1	0	0	0	0	0	0	0	551	0	0	0	0	0	0	0	0	0	0	5	9	0	0	0	0	0	0
fsh-generated/resources/Specimen-MSSpecimenExample.json	514	0	0	0	0	0	0	0	0	475	0	0	0	0	0	0	0	0	0	0	4	11	0	0	0	0	0	0
fsh-generated/resources/StructureDefinition-hla-a.json	982	1	0	175	0	0	0	0	0	780	0	0	0	0	0	0	0	1	0	0	277	1213	0	0	0	17	1	1
fsh-generated/resources/StructureDefinition-hla-b.json	982	1	0	110	0	0	0	0	0	20	0	0	1	0	0	0	0	1	0	0	277	608	0	0	0	13	0	1
fsh-generated/resources/StructureDefinition-hla-c.json	982	1	0	126	0	0	0	0	0	20	0	0	0	0	0	0	0	1	0	0	233	519	0	0	0	12	0	1
fsh-generated/resources/StructureDefinition-hla-dpa1.json	997	1	0	100	0	0	0	0	1	20	0	0	0	0	0	0	0	1	0	0	232	505	0	0	0	9	1	2
fsh-generated/resources/StructureDefinition-hla-dpb1.json	997	1	0	56	0	0	0	0	0	20	0	0	0	0	0	0	0	2	0	0	237	396	0	0	0	10	0	1
fsh-generated/resources/StructureDefinition-hla-dqa1.json	997	1	0	48	0	0	0	0	0	18	0	0	0	0	0	0	0	1	0	0	349	324	0	0	0	9	0	1
fsh-generated/resources/StructureDefinition-hla-dqb1.json	997	0	0	55	0	0	0	0	0	18	0	0	0	0	0	0	0	1	0	0	242	422	0	0	0	10	0	1
fsh-generated/resources/StructureDefinition-hla-drb1.json	997	1	0	46	0	0	0	0	0	17	0	0	0	0	0	0	0	1	0	0	234	323	0	0	0	11	1	1
fsh-generated/resources/StructureDefinition-hla-drb3.json	997	1	0	47	0	0	0	0	0	17	0	0	1	0	0	0	0	1	0	0	233	269	0	0	0	11	0	1
fsh-generated/resources/StructureDefinition-hla-drb4.json	997	1	0	45	0	0	0	0	0	19	0	0	0	0	0	0	0	1	0	0	231	292	0	0	0	10	0	1
fsh-generated/resources/StructureDefinition-hla-drb5.json	997	1	0	44	0	0	0	0	0	35	0	0	0	0	0	0	0	1	0	0	233	277	0	0	0	10	0	1
fsh-generated/resources/StructureDefinition-hla-genotype.json	4713	2	0	2	0	0	0	0	0	45	0	0	0	0	0	0	0	2	0	0	281	291	0	0	0	11	0	2
fsh-generated/resources/StructureDefinition-ms-abogroup-observation.json	3126	1	0	40	0	0	0	0	0	22	0	0	0	0	0	0	0	0	0	0	160	895	0	0	0	7	1	0
fsh-generated/resources/StructureDefinition-ms-aborhgroup-observation.json	3140	2	0	37	0	0	0	0	0	65	0	0	0	0	0	0	0	1	0	0	159	457	0	0	0	7	0	1
fsh-generated/resources/StructureDefinition-ms-bundle-hla-multilocus.json	1345	1	0	562	0	0	0	0	0	57	0	0	1	0	0	0	0	4	0	0	816	1088	0	0	0	34	0	3
fsh-generated/resources/StructureDefinition-ms-bundle-hla-separate.json	7059	3	0	199	0	0	0	0	0	95	0	0	1	0	0	0	0	6	0	0	1295	1254	0	0	0	55	1	6
fsh-generated/resources/StructureDefinition-ms-bundle.json	11618	4	0	5	0	0	0	0	1	64	0	0	0	0	0	0	0	4	0	0	849	775	0	0	0	34	0	4
fsh-generated/resources/StructureDefinition-ms-cmvgroup-observation.json	3170	2	0	19	0	0	0	0	0	15	0	0	0	0	0	0	0	1	0	0	159	419	0	0	0	9	0	1
fsh-generated/resources/StructureDefinition-ms-form117-observation.json	3451	2	0	12	0	0	0	0	0	16	0	0	0	0	0	0	0	0	0	0	166	172	0	0	0	7	1	0
fsh-generated/resources/StructureDefinition-ms-height-observation.json	1794	1	0	16	1	0	0	0	0	15	0	0	1	0	0	0	0	1	0	0	186	208	0	0	0	12	0	1
fsh-generated/resources/StructureDefinition-ms-preferred-product-observation.json	3020	2	0	10	0	0	0	0	0	16	0	0	0	0	0	0	0	1	0	0	157	149	0	0	0	7	0	1
fsh-generated/resources/StructureDefinition-ms-rhstatus-observation.json	3114	1	0	12	0	0	0	0	0	15	0	0	0	0	0	0	0	0	0	0	158	431	0	0	0	8	0	0
fsh-generated/resources/StructureDefinition-ms-transplant-timeline-observation.json	3029	2	0	11	0	0	0	0	0	15	0	0	0	0	0	0	0	1	0	0	159	212	0	0	0	7	0	1
fsh-generated/resources/StructureDefinition-ms-weight-observation.json	1794	1	0	15	0	0	0	0	0	16	0	0	0	0	0	0	0	1	0	0	187	268	0	0	0	8	0	1
fsh-generated/resources/StructureDefinition-msdiagnosis.json	4069	2	0	10	0	0	0	0	0	21	0	0	0	0	0	0	0	1	0	0	153	608	0	0	0	7	0	0
fsh-generated/resources/StructureDefinition-mspatient.json	3597	2	0	16	0	0	0	0	0	83	0	0	0	0	0	0	0	1	0	0	202	267	0	0	0	9	0	1
fsh-generated/resources/StructureDefinition-msspecimen.json	1922	1	0	9	0	0	0	0	0	21	0	0	0	0	0	0	0	0	0	0	116	244	0	0	0	5	0	1
fsh-generated/resources/StructureDefinition-nmdp-practitioner-role.json	2174	2	0	6	0	0	0	0	0	27	0	0	0	0	0	0	0	1	0	0	102	144	0	0	0	4	0	0
fsh-generated/resources/StructureDefinition-nmdp-practitioner.json	1933	1	0	7	0	0	0	0	0	19	0	0	0	0	0	0	0	0	0	0	103	145	0	0	0	4	0	1
fsh-generated/resources/StructureDefinition-number-of-remissions.json	1331	1	0	1	0	0	0	0	0	6	0	0	0	0	0	0	0	0	0	0	24	74	0	0	0	1	0	0
fsh-generated/resources/StructureDefinition-transplantcenter.json	1627	1	0	6	0	0	0	0	0	11	0	0	1	0	0	0	0	0	0	0	89	171	0	0	0	4	0	0
fsh-generated/resources/ValueSet-hla-geneid-valueset.json	404	1	0	0	0	0	0	0	0	28	0	0	0	0	0	0	0	0	0	0	4	58	0	0	0	1	0	0
fsh-generated/resources/ValueSet-icd10-gvhd-codes.json	534	1	0	0	0	0	0	0	1	8641	0	0	0	0	0	0	0	0	0	0	5	3810	0	0	0	0	0	0
fsh-generated/resources/ValueSet-loinc-abo-codes.json	1210	0	0	0	0	0	0	0	0	897	0	0	0	0	0	0	0	0	0	0	5	23	0	0	0	1	0	0
fsh-generated/resources/ValueSet-loinc-abo-rh-codes.json	1570	1	0	0	0	0	0	0	0	239	0	0	0	0	0	0	0	0	0	0	8	23	0	0	0	0	0	0
fsh-generated/resources/ValueSet-loinc-cmv-codes.json	1248	1	0	0	0	0	0	0	0	1090	0	0	0	0	0	0	0	0	0	0	5	22	0	0	0	0	0	0
fsh-generated/resources/ValueSet-loinc-posneg-codes.json	1029	1	0	0	0	0	0	0	0	247	0	0	0	0	0	0	0	0	0	0	4	20	0	0	0	1	0	0
fsh-generated/resources/ValueSet-ms-form117-codes.json	432	0	0	0	0	0	0	0	0	1	0	0	0	0	0	0	0	0	0	0	6	20	0	0	0	0	0	0
fsh-generated/resources/ValueSet-nmdp-GenderIdentity-codes.json	465	1	0	0	0	0	0	0	0	0	0	0	0	0	0	0	0	0	0	0	4	21	0	0	0	0	0	0
fsh-generated/resources/ValueSet-nmdp-abo-codes.json	417	1	0	0	0	0	0	0	0	1	0	0	0	0	0	0	0	0	0	0	4	19	0	0	0	0	0	0
fsh-generated/resources/ValueSet-nmdp-abo-rh-codes.json	430	0	0	0	0	0	0	0	1	1	0	0	0	0	0	0	0	0	0	0	4	21	0	0	0	1	0	0
fsh-generated/resources/ValueSet-nmdp-cmv-codes.json	396	1	0	0	0	0	0	0	0	0	0	0	0	0	0	0	0	0	0	0	4	18	0	0	0	0	0	0
fsh-generated/resources/ValueSet-nmdp-disease-codes.json	414	1	0	0	0	0	0	0	0	1	0	0	0	0	0	0	0	0	0	0	4	27	0	0	0	1	0	0
fsh-generated/resources/ValueSet-nmdp-diseasestage-codes.json	445	0	0	0	0	0	0	0	0	1	0	0	0	0	0	0	0	0	0	0	4	19	0	0	0	0	0	0
fsh-generated/resources/ValueSet-nmdp-ethnicity-codes.json	4962	2	0	0	0	0	0	0	1	857	0	0	0	0	0	0	0	0	0	0	15	351	0	0	0	1	0	0
fsh-generated/resources/ValueSet-nmdp-language-codes.json	476	1	0	0	0	0	0	0	0	1	0	0	0	0	0	0	0	0	0	0	5	29	0	0	0	0	0	0
fsh-generated/resources/ValueSet-nmdp-practitioner-role-vs.json	469	0	0	0	0	0	0	0	0	1	0	0	0	0	0	0	0	0	0	0	3	19	0	0	0	0	0	0
fsh-generated/resources/ValueSet-nmdp-preferred-product-codes.json	472	1	0	0	0	0	0	0	0	1	0	0	0	0	0	0	0	0	0	0	4	18	0	0	0	0	0	0
fsh-generated/resources/ValueSet-nmdp-race-codes.json	121055	27	0	0	0	0	0	0	18	271	0	0	0	0	0	0	0	1	0	0	291	360	0	0	0	19	0	1
fsh-generated/resources/ValueSet-nmdp-rh-status-codes.json	434	1	0	0	0	0	0	0	0	2	0	0	0	0	0	0	0	0	0	0	5	18	0	0	0	1	0	0
fsh-generated/resources/ValueSet-nmdp-transplant-timeline-codes.json	484	1	0	0	0	0	0	0	0	1	0	0	0	0	0	0	0	0	0	0	4	21	0	0	0	0	0	0
/input/includes/link-list.md	2243	-	-	-	0	0	0	0	0	0	0	0	0	0	0	0	0	0	0	0	0	0	0	0	0	0	0	0
/fsh-generated/includes/fsh-link-references.md	6801	-	-	-	0	0	0	0	0	0	0	0	0	0	0	0	0	0	0	0	0	1	0	0	0	0	0	0
/fsh-generated/includes/menu.xml	1598	-	-	-	0	0	0	0	0	0	0	0	0	0	0	0	0	0	0	0	0	0	0	0	0	0	0	0
/input/pagecontent/Appendices.md	276	-	-	-	0	0	0	0	0	0	0	0	0	0	0	0	0	0	0	0	0	0	0	0	0	0	0	0
/input/pagecontent/index.md	1331	-	-	-	0	0	0	0	0	0	0	0	0	0	0	0	0	0	0	0	0	0	0	0	0	0	0	0
/input/pagecontent/Downloads.md	236	-	-	-	0	0	0	0	0	0	0	0	0	0	0	0	0	0	0	0	0	1	0	0	0	0	0	0
/input/pagecontent/extra.md	242	-	-	-	0	0	0	0	0	0	0	0	0	0	0	0	0	0	0	0	0	0	0	0	0	0	0	0
/template/config	0	-	-	-	0	0	0	0	0	0	0	0	0	0	0	0	0	0	0	0	0	0	0	0	0	0	0	0
/template/config/_config.yml	140	-	-	-	0	0	0	0	0	0	0	0	0	0	0	0	0	0	0	0	0	0	0	0	0	0	0	0
/input/images	0	-	-	-	0	0	0	0	0	0	0	0	0	0	0	0	0	0	0	0	0	0	0	0	0	0	0	0
/input/images/NMDP-PatientImport-Guide-v3.9.pdf	1716652	-	-	-	0	0	0	0	0	0	0	0	0	0	0	0	0	0	0	0	0	1	0	0	0	0	0	0
/input/images/Matchsync-Postman-Collection.zip	19557	-	-	-	0	0	0	0	0	0	0	0	0	0	0	0	0	0	0	0	0	0	0	0	0	0	0	0
/input/images/NMDP-PatientImport-Guide-v3.56.pdf	2481311	-	-	-	0	0	0	0	0	0	0	0	0	0	0	0	0	0	0	0	0	2	0	0	0	0	0	0
/temp/pages/_includes/artifacts.xml	42192	-	-	-	-	-	-	-	-	-	-	-	-	-	-	-	-	-	-	-	-	2	0	0	0	0	0	0
