{"resourceType":"ImplementationGuide","id":"matchsource","text":{"status":"extensions","div":"<div xmlns=\"http://www.w3.org/1999/xhtml\"><h2>MatchSourceIG</h2><p>The official URL for this implementation guide is: </p><pre>http://fhir.nmdp.org/ig/matchsource/ImplementationGuide/matchsource</pre></div>"},"url":"http://fhir.nmdp.org/ig/matchsource/ImplementationGuide/matchsource","version":"0.1.0","name":"MatchSourceIG","status":"draft","date":"2022-06-30T09:28:59-05:00","publisher":"NMDP","contact":[{"name":"NMDP","telecom":[{"system":"url","value":"http://bethematch.org"}]}],"packageId":"matchsource","license":"CC0-1.0","fhirVersion":["4.0.1"],"dependsOn":[{"id":"hl7tx","uri":"http://terminology.hl7.org/ImplementationGuide/hl7.terminology","packageId":"hl7.terminology.r4","version":"3.1.0"},{"id":"hl7_fhir_us_core","uri":"http://hl7.org/fhir/us/core/ImplementationGuide/hl7.fhir.us.core","packageId":"hl7.fhir.us.core","version":"4.0.0"},{"id":"mcode","uri":"http://hl7.org/fhir/us/mcode","packageId":"hl7.fhir.us.mcode","version":"2.0.0"},{"id":"hl7_fhir_uv_genomics_reporting","uri":"http://hl7.org/fhir/uv/genomics-reporting","packageId":"hl7.fhir.uv.genomics-reporting","version":"2.0.0"}],"definition":{"extension":[{"extension":[{"url":"code","valueString":"copyrightyear"},{"url":"value","valueString":"2022+"}],"url":"http://hl7.org/fhir/tools/StructureDefinition/ig-parameter"},{"extension":[{"url":"code","valueString":"releaselabel"},{"url":"value","valueString":"ci-build"}],"url":"http://hl7.org/fhir/tools/StructureDefinition/ig-parameter"},{"extension":[{"url":"code","valueString":"path-liquid"},{"url":"value","valueString":"template/liquid"}],"url":"http://hl7.org/fhir/tools/StructureDefinition/ig-parameter"},{"extension":[{"url":"code","valueString":"path-liquid"},{"url":"value","valueString":"input/liquid"}],"url":"http://hl7.org/fhir/tools/StructureDefinition/ig-parameter"},{"extension":[{"url":"code","valueString":"path-qa"},{"url":"value","valueString":"temp/qa"}],"url":"http://hl7.org/fhir/tools/StructureDefinition/ig-parameter"},{"extension":[{"url":"code","valueString":"path-temp"},{"url":"value","valueString":"temp/pages"}],"url":"http://hl7.org/fhir/tools/StructureDefinition/ig-parameter"},{"extension":[{"url":"code","valueString":"path-output"},{"url":"value","valueString":"output"}],"url":"http://hl7.org/fhir/tools/StructureDefinition/ig-parameter"},{"extension":[{"url":"code","valueString":"path-suppressed-warnings"},{"url":"value","valueString":"input/ignoreWarnings.txt"}],"url":"http://hl7.org/fhir/tools/StructureDefinition/ig-parameter"},{"extension":[{"url":"code","valueString":"path-history"},{"url":"value","valueString":"http://fhir.nmdp.org/ig/matchsource/history.html"}],"url":"http://hl7.org/fhir/tools/StructureDefinition/ig-parameter"},{"extension":[{"url":"code","valueString":"template-html"},{"url":"value","valueString":"template-page.html"}],"url":"http://hl7.org/fhir/tools/StructureDefinition/ig-parameter"},{"extension":[{"url":"code","valueString":"template-md"},{"url":"value","valueString":"template-page-md.html"}],"url":"http://hl7.org/fhir/tools/StructureDefinition/ig-parameter"},{"extension":[{"url":"code","valueString":"apply-contact"},{"url":"value","valueString":"true"}],"url":"http://hl7.org/fhir/tools/StructureDefinition/ig-parameter"},{"extension":[{"url":"code","valueString":"apply-context"},{"url":"value","valueString":"true"}],"url":"http://hl7.org/fhir/tools/StructureDefinition/ig-parameter"},{"extension":[{"url":"code","valueString":"apply-copyright"},{"url":"value","valueString":"true"}],"url":"http://hl7.org/fhir/tools/StructureDefinition/ig-parameter"},{"extension":[{"url":"code","valueString":"apply-jurisdiction"},{"url":"value","valueString":"true"}],"url":"http://hl7.org/fhir/tools/StructureDefinition/ig-parameter"},{"extension":[{"url":"code","valueString":"apply-license"},{"url":"value","valueString":"true"}],"url":"http://hl7.org/fhir/tools/StructureDefinition/ig-parameter"},{"extension":[{"url":"code","valueString":"apply-publisher"},{"url":"value","valueString":"true"}],"url":"http://hl7.org/fhir/tools/StructureDefinition/ig-parameter"},{"extension":[{"url":"code","valueString":"apply-version"},{"url":"value","valueString":"true"}],"url":"http://hl7.org/fhir/tools/StructureDefinition/ig-parameter"},{"extension":[{"url":"code","valueString":"active-tables"},{"url":"value","valueString":"true"}],"url":"http://hl7.org/fhir/tools/StructureDefinition/ig-parameter"},{"extension":[{"url":"code","valueString":"fmm-definition"},{"url":"value","valueString":"http://hl7.org/fhir/versions.html#maturity"}],"url":"http://hl7.org/fhir/tools/StructureDefinition/ig-parameter"},{"extension":[{"url":"code","valueString":"propagate-status"},{"url":"value","valueString":"true"}],"url":"http://hl7.org/fhir/tools/StructureDefinition/ig-parameter"},{"extension":[{"url":"code","valueString":"excludelogbinaryformat"},{"url":"value","valueString":"true"}],"url":"http://hl7.org/fhir/tools/StructureDefinition/ig-parameter"}],"grouping":[{"id":"-str-profile","name":"Structures: Resource Profiles","description":"These define constraints on FHIR resources for systems conforming to this implementation guide"},{"id":"-str-extension","name":"Structures: Extension Definitions","description":"These define constraints on FHIR data types for systems conforming to this implementation guide"},{"id":"-term-valueset","name":"Terminology: Value Sets","description":"These define sets of codes used by systems conforming to this implementation guide"},{"id":"-term-codesystem","name":"Terminology: Code Systems","description":"These define new code systems used by systems conforming to this implementation guide"},{"id":"-ex-example","name":"Example: Example Instances","description":"These are example instances that show what data produced and consumed by systems conforming with this implementation guide might look like"}],"resource":[{"extension":[{"url":"http://hl7.org/fhir/StructureDefinition/implementationguide-page","valueUri":"StructureDefinition-hla-genotype.html"}],"reference":{"reference":"StructureDefinition/hla-genotype"},"name":"HLA Genotype Observation","description":"HLA Genotype profile of genotype observation","exampleBoolean":false,"groupingId":"-str-profile"},{"extension":[{"url":"http://hl7.org/fhir/StructureDefinition/implementationguide-page","valueUri":"StructureDefinition-hla-a.html"}],"reference":{"reference":"StructureDefinition/hla-a"},"name":"HLA_A","description":"Genotype for HLA-A","exampleBoolean":false,"groupingId":"-str-profile"},{"extension":[{"url":"http://hl7.org/fhir/StructureDefinition/implementationguide-page","valueUri":"StructureDefinition-hla-b.html"}],"reference":{"reference":"StructureDefinition/hla-b"},"name":"HLA_B","description":"Genotype for HLA-B","exampleBoolean":false,"groupingId":"-str-profile"},{"extension":[{"url":"http://hl7.org/fhir/StructureDefinition/implementationguide-page","valueUri":"StructureDefinition-hla-c.html"}],"reference":{"reference":"StructureDefinition/hla-c"},"name":"HLA_C","description":"Genotype for HLA-C","exampleBoolean":false,"groupingId":"-str-profile"},{"extension":[{"url":"http://hl7.org/fhir/StructureDefinition/implementationguide-page","valueUri":"StructureDefinition-hla-dpb1.html"}],"reference":{"reference":"StructureDefinition/hla-dpb1"},"name":"HLA_DPB1","description":"Genotype for HLA-DPB1","exampleBoolean":false,"groupingId":"-str-profile"},{"extension":[{"url":"http://hl7.org/fhir/StructureDefinition/implementationguide-page","valueUri":"StructureDefinition-hla-drb1.html"}],"reference":{"reference":"StructureDefinition/hla-drb1"},"name":"HLA_DRB1","description":"Genotype for HLA-DRB1","exampleBoolean":false,"groupingId":"-str-profile"},{"extension":[{"url":"http://hl7.org/fhir/StructureDefinition/implementationguide-page","valueUri":"StructureDefinition-ms-abogroup-observation.html"}],"reference":{"reference":"StructureDefinition/ms-abogroup-observation"},"name":"MSABOGroupObservation","description":"ABO Blood Group of Patient","exampleBoolean":false,"groupingId":"-str-profile"},{"extension":[{"url":"http://hl7.org/fhir/StructureDefinition/implementationguide-page","valueUri":"StructureDefinition-MSBundle.html"}],"reference":{"reference":"StructureDefinition/MSBundle"},"name":"MatchSource Bundle","description":"Collection Bundle for MatchSource","exampleBoolean":false,"groupingId":"-str-profile"},{"extension":[{"url":"http://hl7.org/fhir/StructureDefinition/implementationguide-page","valueUri":"StructureDefinition-msdiagnosis.html"}],"reference":{"reference":"StructureDefinition/msdiagnosis"},"name":"MSDiagnosis","description":"Diagnosis","exampleBoolean":false,"groupingId":"-str-profile"},{"extension":[{"url":"http://hl7.org/fhir/StructureDefinition/implementationguide-page","valueUri":"StructureDefinition-ms-height-observation.html"}],"reference":{"reference":"StructureDefinition/ms-height-observation"},"name":"MSHeightObservation","description":"Height of Patient","exampleBoolean":false,"groupingId":"-str-profile"},{"extension":[{"url":"http://hl7.org/fhir/StructureDefinition/implementationguide-page","valueUri":"StructureDefinition-mspatient.html"}],"reference":{"reference":"StructureDefinition/mspatient"},"name":"MSPatient","description":"Patient needing a transplant","exampleBoolean":false,"groupingId":"-str-profile"},{"extension":[{"url":"http://hl7.org/fhir/StructureDefinition/implementationguide-page","valueUri":"StructureDefinition-ms-preferred-product-observation.html"}],"reference":{"reference":"StructureDefinition/ms-preferred-product-observation"},"name":"MSPreferredProduct","description":"Preferred product for transplant","exampleBoolean":false,"groupingId":"-str-profile"},{"extension":[{"url":"http://hl7.org/fhir/StructureDefinition/implementationguide-page","valueUri":"StructureDefinition-ms-rhstatus-observation.html"}],"reference":{"reference":"StructureDefinition/ms-rhstatus-observation"},"name":"MSRhStatusObservation","description":"Rh status of Patient","exampleBoolean":false,"groupingId":"-str-profile"},{"extension":[{"url":"http://hl7.org/fhir/StructureDefinition/implementationguide-page","valueUri":"StructureDefinition-msspecimen.html"}],"reference":{"reference":"StructureDefinition/msspecimen"},"name":"MSSpecimen","description":"Patient Sample","exampleBoolean":false,"groupingId":"-str-profile"},{"extension":[{"url":"http://hl7.org/fhir/StructureDefinition/implementationguide-page","valueUri":"StructureDefinition-ms-transplant-timeline-observation.html"}],"reference":{"reference":"StructureDefinition/ms-transplant-timeline-observation"},"name":"MSTransplantTimeline","description":"Transplant timeline for patient","exampleBoolean":false,"groupingId":"-str-profile"},{"extension":[{"url":"http://hl7.org/fhir/StructureDefinition/implementationguide-page","valueUri":"StructureDefinition-ms-weight-observation.html"}],"reference":{"reference":"StructureDefinition/ms-weight-observation"},"name":"MSWeightObservation","description":"Weight of Patient","exampleBoolean":false,"groupingId":"-str-profile"},{"extension":[{"url":"http://hl7.org/fhir/StructureDefinition/implementationguide-page","valueUri":"StructureDefinition-transplantcenter.html"}],"reference":{"reference":"StructureDefinition/transplantcenter"},"name":"TransplantCenter","description":"Transplant Center","exampleBoolean":false,"groupingId":"-str-profile"},{"extension":[{"url":"http://hl7.org/fhir/StructureDefinition/implementationguide-page","valueUri":"StructureDefinition-transplantcentercoordinator.html"}],"reference":{"reference":"StructureDefinition/transplantcentercoordinator"},"name":"TransplantCenterCoordinator","description":"Transplant Center Coordinator","exampleBoolean":false,"groupingId":"-str-profile"},{"extension":[{"url":"http://hl7.org/fhir/StructureDefinition/implementationguide-page","valueUri":"StructureDefinition-nmdp-ethnicity.html"}],"reference":{"reference":"StructureDefinition/nmdp-ethnicity"},"name":"NMDP Ethnicity Code Extension","description":"Extension to use NMDP Ethnicity Codes","exampleBoolean":false,"groupingId":"-str-extension"},{"extension":[{"url":"http://hl7.org/fhir/StructureDefinition/implementationguide-page","valueUri":"StructureDefinition-nmdp-race.html"}],"reference":{"reference":"StructureDefinition/nmdp-race"},"name":"NMDP Race Code Extension","description":"Extension to use NMDP Race Codes","exampleBoolean":false,"groupingId":"-str-extension"},{"extension":[{"url":"http://hl7.org/fhir/StructureDefinition/implementationguide-page","valueUri":"ValueSet-hla-geneid-valueset.html"}],"reference":{"reference":"ValueSet/hla-geneid-valueset"},"name":"HLA Gene Name Value Set","description":"HLA HGNC GeneIds Valueset","exampleBoolean":false,"groupingId":"-term-valueset"},{"extension":[{"url":"http://hl7.org/fhir/StructureDefinition/implementationguide-page","valueUri":"ValueSet-preferred-product-codes.html"}],"reference":{"reference":"ValueSet/preferred-product-codes"},"name":"SNOMED HPC Value Set","description":"SNOMED HPC Value Set","exampleBoolean":false,"groupingId":"-term-valueset"},{"extension":[{"url":"http://hl7.org/fhir/StructureDefinition/implementationguide-page","valueUri":"ValueSet-loinc-abo-codes.html"}],"reference":{"reference":"ValueSet/loinc-abo-codes"},"name":"LOINC ABO group Value Set","description":"LOINC codes for ABO blood group","exampleBoolean":false,"groupingId":"-term-valueset"},{"extension":[{"url":"http://hl7.org/fhir/StructureDefinition/implementationguide-page","valueUri":"ValueSet-ms-abo-group-codes.html"}],"reference":{"reference":"ValueSet/ms-abo-group-codes"},"name":"MatchSource ABO Group Value Set","description":"MatchSource ABO group codes. Combines LOINC, Snomed, and NMDP codes","exampleBoolean":false,"groupingId":"-term-valueset"},{"extension":[{"url":"http://hl7.org/fhir/StructureDefinition/implementationguide-page","valueUri":"ValueSet-ms-rh-codes.html"}],"reference":{"reference":"ValueSet/ms-rh-codes"},"name":"Matchsource Rh Value Sets","description":"MatchSource codes for blood Rh. Combines NMDP and LOINC code","exampleBoolean":false,"groupingId":"-term-valueset"},{"extension":[{"url":"http://hl7.org/fhir/StructureDefinition/implementationguide-page","valueUri":"ValueSet-nmdp-abo-codes.html"}],"reference":{"reference":"ValueSet/nmdp-abo-codes"},"name":"NMDP Blood Group Value Set","description":"NMDP blood group codes","exampleBoolean":false,"groupingId":"-term-valueset"},{"extension":[{"url":"http://hl7.org/fhir/StructureDefinition/implementationguide-page","valueUri":"ValueSet-nmdp-diseasestage-codes.html"}],"reference":{"reference":"ValueSet/nmdp-diseasestage-codes"},"name":"NMDP Disease Stage Value Set","description":"NMDP disease stage codes","exampleBoolean":false,"groupingId":"-term-valueset"},{"extension":[{"url":"http://hl7.org/fhir/StructureDefinition/implementationguide-page","valueUri":"ValueSet-nmdp-disease-codes.html"}],"reference":{"reference":"ValueSet/nmdp-disease-codes"},"name":"NMDP Disease Value Set","description":"NMDP disease codes","exampleBoolean":false,"groupingId":"-term-valueset"},{"extension":[{"url":"http://hl7.org/fhir/StructureDefinition/implementationguide-page","valueUri":"ValueSet-nmdp-ethnicity-codes.html"}],"reference":{"reference":"ValueSet/nmdp-ethnicity-codes"},"name":"NMDP Ethnicity Value Set","description":"NMDP ethnicity codes","exampleBoolean":false,"groupingId":"-term-valueset"},{"extension":[{"url":"http://hl7.org/fhir/StructureDefinition/implementationguide-page","valueUri":"ValueSet-nmdp-language-codes.html"}],"reference":{"reference":"ValueSet/nmdp-language-codes"},"name":"NMDP Language Value Set","description":"NMDP language codes","exampleBoolean":false,"groupingId":"-term-valueset"},{"extension":[{"url":"http://hl7.org/fhir/StructureDefinition/implementationguide-page","valueUri":"ValueSet-nmdp-preferred-product-codes.html"}],"reference":{"reference":"ValueSet/nmdp-preferred-product-codes"},"name":"NMDP Preferred Product Value Set","description":"NMDP preferred product codes","exampleBoolean":false,"groupingId":"-term-valueset"},{"extension":[{"url":"http://hl7.org/fhir/StructureDefinition/implementationguide-page","valueUri":"ValueSet-nmdp-race-codes.html"}],"reference":{"reference":"ValueSet/nmdp-race-codes"},"name":"NMDP Race Value Set","description":"NMDP race codes","exampleBoolean":false,"groupingId":"-term-valueset"},{"extension":[{"url":"http://hl7.org/fhir/StructureDefinition/implementationguide-page","valueUri":"ValueSet-nmdp-rh-status-codes.html"}],"reference":{"reference":"ValueSet/nmdp-rh-status-codes"},"name":"NMDP Codes for Rh status","description":"NMDP codes for Rh staus","exampleBoolean":false,"groupingId":"-term-valueset"},{"extension":[{"url":"http://hl7.org/fhir/StructureDefinition/implementationguide-page","valueUri":"ValueSet-nmdp-transplant-timeline-codes.html"}],"reference":{"reference":"ValueSet/nmdp-transplant-timeline-codes"},"name":"NMDP Transplant Timeline Value Set","description":"NMDP transplant timeline codes","exampleBoolean":false,"groupingId":"-term-valueset"},{"extension":[{"url":"http://hl7.org/fhir/StructureDefinition/implementationguide-page","valueUri":"ValueSet-loinc-posneg-codes.html"}],"reference":{"reference":"ValueSet/loinc-posneg-codes"},"name":"LOINC Pos|Neg Value Set","description":"LOINC codes for Positive and Negative","exampleBoolean":false,"groupingId":"-term-valueset"},{"extension":[{"url":"http://hl7.org/fhir/StructureDefinition/implementationguide-page","valueUri":"ValueSet-sct-abo-group-codes.html"}],"reference":{"reference":"ValueSet/sct-abo-group-codes"},"name":"Snomed CT ABO group Value Set","description":"Snomed CT codes for ABO blood group","exampleBoolean":false,"groupingId":"-term-valueset"},{"extension":[{"url":"http://hl7.org/fhir/StructureDefinition/implementationguide-page","valueUri":"CodeSystem-glstring-codesystem.html"}],"reference":{"reference":"CodeSystem/glstring-codesystem"},"name":"Genotype List String Code CodeSystem","description":"Genotype List String Codesystem used for HLA reporting","exampleBoolean":false,"groupingId":"-term-codesystem"},{"extension":[{"url":"http://hl7.org/fhir/StructureDefinition/implementationguide-page","valueUri":"CodeSystem-hla-genename-codesystem.html"}],"reference":{"reference":"CodeSystem/hla-genename-codesystem"},"name":"HLA HGNC GeneID CodeSystem","description":"CodeSystem of HLA gene group subset of HGNC GeneId Codesystem","exampleBoolean":false,"groupingId":"-term-codesystem"},{"extension":[{"url":"http://hl7.org/fhir/StructureDefinition/implementationguide-page","valueUri":"CodeSystem-nmdp-abo-group-cs.html"}],"reference":{"reference":"CodeSystem/nmdp-abo-group-cs"},"name":"NMDP Blood Group Code System","description":"Code System for NMDP ABO blood groups","exampleBoolean":false,"groupingId":"-term-codesystem"},{"extension":[{"url":"http://hl7.org/fhir/StructureDefinition/implementationguide-page","valueUri":"CodeSystem-nmdp-disease-cs.html"}],"reference":{"reference":"CodeSystem/nmdp-disease-cs"},"name":"NMDP Disease Code System","description":"Code System for NMDP diseases","exampleBoolean":false,"groupingId":"-term-codesystem"},{"extension":[{"url":"http://hl7.org/fhir/StructureDefinition/implementationguide-page","valueUri":"CodeSystem-nmdp-diseasestage-cs.html"}],"reference":{"reference":"CodeSystem/nmdp-diseasestage-cs"},"name":"NMDP Disease Stage Code System","description":"Code System for NMDP disease stages","exampleBoolean":false,"groupingId":"-term-codesystem"},{"extension":[{"url":"http://hl7.org/fhir/StructureDefinition/implementationguide-page","valueUri":"CodeSystem-nmdp-ethnicity-cs.html"}],"reference":{"reference":"CodeSystem/nmdp-ethnicity-cs"},"name":"NMDP Ethnicity Code System","description":"Code System for NMDP ethnicity","exampleBoolean":false,"groupingId":"-term-codesystem"},{"extension":[{"url":"http://hl7.org/fhir/StructureDefinition/implementationguide-page","valueUri":"CodeSystem-nmdp-language-cs.html"}],"reference":{"reference":"CodeSystem/nmdp-language-cs"},"name":"NMDP Language Code System","description":"Code System for NMDP languages","exampleBoolean":false,"groupingId":"-term-codesystem"},{"extension":[{"url":"http://hl7.org/fhir/StructureDefinition/implementationguide-page","valueUri":"CodeSystem-nmdp-preferred-product-cs.html"}],"reference":{"reference":"CodeSystem/nmdp-preferred-product-cs"},"name":"NMDP Preferred Product for Transplant","description":"NMDP Preferred Product for MatchSource patient","exampleBoolean":false,"groupingId":"-term-codesystem"},{"extension":[{"url":"http://hl7.org/fhir/StructureDefinition/implementationguide-page","valueUri":"CodeSystem-nmdp-race-cs.html"}],"reference":{"reference":"CodeSystem/nmdp-race-cs"},"name":"NMDP Race Code System","description":"Code System for NMDP diseases","exampleBoolean":false,"groupingId":"-term-codesystem"},{"extension":[{"url":"http://hl7.org/fhir/StructureDefinition/implementationguide-page","valueUri":"CodeSystem-nmdp-rh-status-cs.html"}],"reference":{"reference":"CodeSystem/nmdp-rh-status-cs"},"name":"NMDP Rh Code System","description":"Code System for NMDP Rh Status","exampleBoolean":false,"groupingId":"-term-codesystem"},{"extension":[{"url":"http://hl7.org/fhir/StructureDefinition/implementationguide-page","valueUri":"CodeSystem-nmdp-transplant-timeline-cs.html"}],"reference":{"reference":"CodeSystem/nmdp-transplant-timeline-cs"},"name":"NMDP Transplant Timeline Code System","description":"Code System for NMDP transplant timeline","exampleBoolean":false,"groupingId":"-term-codesystem"},{"extension":[{"url":"http://hl7.org/fhir/StructureDefinition/implementationguide-page","valueUri":"Bundle-BundleExample-Full.html"}],"reference":{"reference":"Bundle/BundleExample-Full"},"name":"Matchsource Bundle Example - Full","description":"Full Bundle Example for MatchSource","exampleCanonical":"http://fhir.nmdp.org/ig/matchsource/StructureDefinition/MSBundle","groupingId":"-ex-example"},{"extension":[{"url":"http://hl7.org/fhir/StructureDefinition/implementationguide-page","valueUri":"Bundle-BundleExample-Minimal.html"}],"reference":{"reference":"Bundle/BundleExample-Minimal"},"name":"Matchsource Bundle Example - Mimimal","description":"Minimual Bundle Example for MatchSource","exampleCanonical":"http://fhir.nmdp.org/ig/matchsource/StructureDefinition/MSBundle","groupingId":"-ex-example"},{"extension":[{"url":"http://hl7.org/fhir/StructureDefinition/implementationguide-page","valueUri":"Practitioner-CoordinatorExample.html"}],"reference":{"reference":"Practitioner/CoordinatorExample"},"name":"CoordinatorExample","description":"Example of a Transplant Center Coordinator.","exampleCanonical":"http://fhir.nmdp.org/ig/matchsource/StructureDefinition/transplantcentercoordinator","groupingId":"-ex-example"},{"extension":[{"url":"http://hl7.org/fhir/StructureDefinition/implementationguide-page","valueUri":"Observation-HLA-A-Example.html"}],"reference":{"reference":"Observation/HLA-A-Example"},"name":"HLA_A_Example","description":"Example of HLA-A","exampleCanonical":"http://fhir.nmdp.org/ig/matchsource/StructureDefinition/hla-a","groupingId":"-ex-example"},{"extension":[{"url":"http://hl7.org/fhir/StructureDefinition/implementationguide-page","valueUri":"Observation-HLA-B-Example.html"}],"reference":{"reference":"Observation/HLA-B-Example"},"name":"HLA_B_Example","description":"Example of HLA-B","exampleCanonical":"http://fhir.nmdp.org/ig/matchsource/StructureDefinition/hla-b","groupingId":"-ex-example"},{"extension":[{"url":"http://hl7.org/fhir/StructureDefinition/implementationguide-page","valueUri":"Observation-HLA-C-Example.html"}],"reference":{"reference":"Observation/HLA-C-Example"},"name":"HLA_C_Example","description":"Example of HLA-C","exampleCanonical":"http://fhir.nmdp.org/ig/matchsource/StructureDefinition/hla-c","groupingId":"-ex-example"},{"extension":[{"url":"http://hl7.org/fhir/StructureDefinition/implementationguide-page","valueUri":"Observation-HLA-DPB1-Example.html"}],"reference":{"reference":"Observation/HLA-DPB1-Example"},"name":"HLA_DPB1_Example","description":"Example of HLA-DRB1","exampleCanonical":"http://fhir.nmdp.org/ig/matchsource/StructureDefinition/hla-dpb1","groupingId":"-ex-example"},{"extension":[{"url":"http://hl7.org/fhir/StructureDefinition/implementationguide-page","valueUri":"Observation-HLA-DRB1-Example.html"}],"reference":{"reference":"Observation/HLA-DRB1-Example"},"name":"HLA_DRB1_Example","description":"Example of HLA-DRB1","exampleCanonical":"http://fhir.nmdp.org/ig/matchsource/StructureDefinition/hla-drb1","groupingId":"-ex-example"},{"extension":[{"url":"http://hl7.org/fhir/StructureDefinition/implementationguide-page","valueUri":"Observation-MSABOObsExample.html"}],"reference":{"reference":"Observation/MSABOObsExample"},"name":"MSABOObsExample","description":"Example of patient ABO","exampleCanonical":"http://fhir.nmdp.org/ig/matchsource/StructureDefinition/ms-abogroup-observation","groupingId":"-ex-example"},{"extension":[{"url":"http://hl7.org/fhir/StructureDefinition/implementationguide-page","valueUri":"Condition-MSDiagnosisExample-AML.html"}],"reference":{"reference":"Condition/MSDiagnosisExample-AML"},"name":"MSDiagnosisExample-AML","description":"Example of a Diagnois: AML","exampleCanonical":"http://fhir.nmdp.org/ig/matchsource/StructureDefinition/msdiagnosis","groupingId":"-ex-example"},{"extension":[{"url":"http://hl7.org/fhir/StructureDefinition/implementationguide-page","valueUri":"Condition-MSDiagnosisExample-OND.html"}],"reference":{"reference":"Condition/MSDiagnosisExample-OND"},"name":"MSDiagnosisExample-OND","description":"Example of a Diagnois","exampleCanonical":"http://fhir.nmdp.org/ig/matchsource/StructureDefinition/msdiagnosis","groupingId":"-ex-example"},{"extension":[{"url":"http://hl7.org/fhir/StructureDefinition/implementationguide-page","valueUri":"Observation-MSHeightObsExample.html"}],"reference":{"reference":"Observation/MSHeightObsExample"},"name":"MSHeightObsExample","description":"Example of patient height","exampleCanonical":"http://fhir.nmdp.org/ig/matchsource/StructureDefinition/ms-height-observation","groupingId":"-ex-example"},{"extension":[{"url":"http://hl7.org/fhir/StructureDefinition/implementationguide-page","valueUri":"Patient-MSPatientExample.html"}],"reference":{"reference":"Patient/MSPatientExample"},"name":"MSPatientExample","description":"Example of a patient needing a donor using us-core-race and us-core-ethnicity codes.","exampleCanonical":"http://fhir.nmdp.org/ig/matchsource/StructureDefinition/mspatient","groupingId":"-ex-example"},{"extension":[{"url":"http://hl7.org/fhir/StructureDefinition/implementationguide-page","valueUri":"Patient-MSPatientExample2.html"}],"reference":{"reference":"Patient/MSPatientExample2"},"name":"MSPatientExample2","description":"Example of a patient needing a donor using NMDP race code.","exampleCanonical":"http://fhir.nmdp.org/ig/matchsource/StructureDefinition/mspatient","groupingId":"-ex-example"},{"extension":[{"url":"http://hl7.org/fhir/StructureDefinition/implementationguide-page","valueUri":"Patient-MSPatientExample3.html"}],"reference":{"reference":"Patient/MSPatientExample3"},"name":"MSPatientExample3","description":"Example of a patient without a race code - this should generate an error.","exampleCanonical":"http://fhir.nmdp.org/ig/matchsource/StructureDefinition/mspatient","groupingId":"-ex-example"},{"extension":[{"url":"http://hl7.org/fhir/StructureDefinition/implementationguide-page","valueUri":"Patient-MSPatientExample4.html"}],"reference":{"reference":"Patient/MSPatientExample4"},"name":"MSPatientExample4","description":"Example of a patient needing a donor using us-core-race code but not us-core-ethnicity - this should generate an error","exampleCanonical":"http://fhir.nmdp.org/ig/matchsource/StructureDefinition/mspatient","groupingId":"-ex-example"},{"extension":[{"url":"http://hl7.org/fhir/StructureDefinition/implementationguide-page","valueUri":"Observation-MSPreferredProductExample.html"}],"reference":{"reference":"Observation/MSPreferredProductExample"},"name":"MSPreferredProductExample","description":"Example of preferred product","exampleCanonical":"http://fhir.nmdp.org/ig/matchsource/StructureDefinition/ms-preferred-product-observation","groupingId":"-ex-example"},{"extension":[{"url":"http://hl7.org/fhir/StructureDefinition/implementationguide-page","valueUri":"Observation-MSRhObsExample.html"}],"reference":{"reference":"Observation/MSRhObsExample"},"name":"MSRhObsExample","description":"Example of patient Rh status","exampleCanonical":"http://fhir.nmdp.org/ig/matchsource/StructureDefinition/ms-rhstatus-observation","groupingId":"-ex-example"},{"extension":[{"url":"http://hl7.org/fhir/StructureDefinition/implementationguide-page","valueUri":"Specimen-MSSpecimenExample.html"}],"reference":{"reference":"Specimen/MSSpecimenExample"},"name":"MSSpecimenExample","description":"Example patient specimen.","exampleCanonical":"http://fhir.nmdp.org/ig/matchsource/StructureDefinition/msspecimen","groupingId":"-ex-example"},{"extension":[{"url":"http://hl7.org/fhir/StructureDefinition/implementationguide-page","valueUri":"Observation-MSTransplantTimelineExample.html"}],"reference":{"reference":"Observation/MSTransplantTimelineExample"},"name":"MSTransplantTimelineExample","description":"Example of transplant timeline","exampleCanonical":"http://fhir.nmdp.org/ig/matchsource/StructureDefinition/ms-transplant-timeline-observation","groupingId":"-ex-example"},{"extension":[{"url":"http://hl7.org/fhir/StructureDefinition/implementationguide-page","valueUri":"Observation-MSWeightObsExample.html"}],"reference":{"reference":"Observation/MSWeightObsExample"},"name":"MSWeightObsExample","description":"Example of patient weight","exampleCanonical":"http://fhir.nmdp.org/ig/matchsource/StructureDefinition/ms-weight-observation","groupingId":"-ex-example"},{"extension":[{"url":"http://hl7.org/fhir/StructureDefinition/implementationguide-page","valueUri":"Organization-TCExample.html"}],"reference":{"reference":"Organization/TCExample"},"name":"TCExample","description":"Example of a Transplant Center.","exampleCanonical":"http://fhir.nmdp.org/ig/matchsource/StructureDefinition/transplantcenter","groupingId":"-ex-example"}],"page":{"nameUrl":"toc.html","title":"Table of Contents","generation":"html","page":[{"nameUrl":"index.html","title":"Home","generation":"markdown"},{"nameUrl":"artifacts.html","title":"Artifacts Summary","generation":"html","page":[{"nameUrl":"StructureDefinition-hla-genotype.html","title":"HLA Genotype Observation","generation":"generated"},{"nameUrl":"StructureDefinition-hla-a.html","title":"HLA_A","generation":"generated"},{"nameUrl":"StructureDefinition-hla-b.html","title":"HLA_B","generation":"generated"},{"nameUrl":"StructureDefinition-hla-c.html","title":"HLA_C","generation":"generated"},{"nameUrl":"StructureDefinition-hla-dpb1.html","title":"HLA_DPB1","generation":"generated"},{"nameUrl":"StructureDefinition-hla-drb1.html","title":"HLA_DRB1","generation":"generated"},{"nameUrl":"StructureDefinition-ms-abogroup-observation.html","title":"MSABOGroupObservation","generation":"generated"},{"nameUrl":"StructureDefinition-MSBundle.html","title":"MatchSource Bundle","generation":"generated"},{"nameUrl":"StructureDefinition-msdiagnosis.html","title":"MSDiagnosis","generation":"generated"},{"nameUrl":"StructureDefinition-ms-height-observation.html","title":"MSHeightObservation","generation":"generated"},{"nameUrl":"StructureDefinition-mspatient.html","title":"MSPatient","generation":"generated"},{"nameUrl":"StructureDefinition-ms-preferred-product-observation.html","title":"MSPreferredProduct","generation":"generated"},{"nameUrl":"StructureDefinition-ms-rhstatus-observation.html","title":"MSRhStatusObservation","generation":"generated"},{"nameUrl":"StructureDefinition-msspecimen.html","title":"MSSpecimen","generation":"generated"},{"nameUrl":"StructureDefinition-ms-transplant-timeline-observation.html","title":"MSTransplantTimeline","generation":"generated"},{"nameUrl":"StructureDefinition-ms-weight-observation.html","title":"MSWeightObservation","generation":"generated"},{"nameUrl":"StructureDefinition-transplantcenter.html","title":"TransplantCenter","generation":"generated"},{"nameUrl":"StructureDefinition-transplantcentercoordinator.html","title":"TransplantCenterCoordinator","generation":"generated"},{"nameUrl":"StructureDefinition-nmdp-ethnicity.html","title":"NMDP Ethnicity Code Extension","generation":"generated"},{"nameUrl":"StructureDefinition-nmdp-race.html","title":"NMDP Race Code Extension","generation":"generated"},{"nameUrl":"ValueSet-hla-geneid-valueset.html","title":"HLA Gene Name Value Set","generation":"generated"},{"nameUrl":"ValueSet-preferred-product-codes.html","title":"SNOMED HPC Value Set","generation":"generated"},{"nameUrl":"ValueSet-loinc-abo-codes.html","title":"LOINC ABO group Value Set","generation":"generated"},{"nameUrl":"ValueSet-ms-abo-group-codes.html","title":"MatchSource ABO Group Value Set","generation":"generated"},{"nameUrl":"ValueSet-ms-rh-codes.html","title":"Matchsource Rh Value Sets","generation":"generated"},{"nameUrl":"ValueSet-nmdp-abo-codes.html","title":"NMDP Blood Group Value Set","generation":"generated"},{"nameUrl":"ValueSet-nmdp-diseasestage-codes.html","title":"NMDP Disease Stage Value Set","generation":"generated"},{"nameUrl":"ValueSet-nmdp-disease-codes.html","title":"NMDP Disease Value Set","generation":"generated"},{"nameUrl":"ValueSet-nmdp-ethnicity-codes.html","title":"NMDP Ethnicity Value Set","generation":"generated"},{"nameUrl":"ValueSet-nmdp-language-codes.html","title":"NMDP Language Value Set","generation":"generated"},{"nameUrl":"ValueSet-nmdp-preferred-product-codes.html","title":"NMDP Preferred Product Value Set","generation":"generated"},{"nameUrl":"ValueSet-nmdp-race-codes.html","title":"NMDP Race Value Set","generation":"generated"},{"nameUrl":"ValueSet-nmdp-rh-status-codes.html","title":"NMDP Codes for Rh status","generation":"generated"},{"nameUrl":"ValueSet-nmdp-transplant-timeline-codes.html","title":"NMDP Transplant Timeline Value Set","generation":"generated"},{"nameUrl":"ValueSet-loinc-posneg-codes.html","title":"LOINC Pos|Neg Value Set","generation":"generated"},{"nameUrl":"ValueSet-sct-abo-group-codes.html","title":"Snomed CT ABO group Value Set","generation":"generated"},{"nameUrl":"CodeSystem-glstring-codesystem.html","title":"Genotype List String Code CodeSystem","generation":"generated"},{"nameUrl":"CodeSystem-hla-genename-codesystem.html","title":"HLA HGNC GeneID CodeSystem","generation":"generated"},{"nameUrl":"CodeSystem-nmdp-abo-group-cs.html","title":"NMDP Blood Group Code System","generation":"generated"},{"nameUrl":"CodeSystem-nmdp-disease-cs.html","title":"NMDP Disease Code System","generation":"generated"},{"nameUrl":"CodeSystem-nmdp-diseasestage-cs.html","title":"NMDP Disease Stage Code System","generation":"generated"},{"nameUrl":"CodeSystem-nmdp-ethnicity-cs.html","title":"NMDP Ethnicity Code System","generation":"generated"},{"nameUrl":"CodeSystem-nmdp-language-cs.html","title":"NMDP Language Code System","generation":"generated"},{"nameUrl":"CodeSystem-nmdp-preferred-product-cs.html","title":"NMDP Preferred Product for Transplant","generation":"generated"},{"nameUrl":"CodeSystem-nmdp-race-cs.html","title":"NMDP Race Code System","generation":"generated"},{"nameUrl":"CodeSystem-nmdp-rh-status-cs.html","title":"NMDP Rh Code System","generation":"generated"},{"nameUrl":"CodeSystem-nmdp-transplant-timeline-cs.html","title":"NMDP Transplant Timeline Code System","generation":"generated"},{"nameUrl":"Bundle-BundleExample-Full.html","title":"Matchsource Bundle Example - Full","generation":"generated"},{"nameUrl":"Bundle-BundleExample-Minimal.html","title":"Matchsource Bundle Example - Mimimal","generation":"generated"},{"nameUrl":"Practitioner-CoordinatorExample.html","title":"CoordinatorExample","generation":"generated"},{"nameUrl":"Observation-HLA-A-Example.html","title":"HLA_A_Example","generation":"generated"},{"nameUrl":"Observation-HLA-B-Example.html","title":"HLA_B_Example","generation":"generated"},{"nameUrl":"Observation-HLA-C-Example.html","title":"HLA_C_Example","generation":"generated"},{"nameUrl":"Observation-HLA-DPB1-Example.html","title":"HLA_DPB1_Example","generation":"generated"},{"nameUrl":"Observation-HLA-DRB1-Example.html","title":"HLA_DRB1_Example","generation":"generated"},{"nameUrl":"Observation-MSABOObsExample.html","title":"MSABOObsExample","generation":"generated"},{"nameUrl":"Condition-MSDiagnosisExample-AML.html","title":"MSDiagnosisExample-AML","generation":"generated"},{"nameUrl":"Condition-MSDiagnosisExample-OND.html","title":"MSDiagnosisExample-OND","generation":"generated"},{"nameUrl":"Observation-MSHeightObsExample.html","title":"MSHeightObsExample","generation":"generated"},{"nameUrl":"Patient-MSPatientExample.html","title":"MSPatientExample","generation":"generated"},{"nameUrl":"Patient-MSPatientExample2.html","title":"MSPatientExample2","generation":"generated"},{"nameUrl":"Patient-MSPatientExample3.html","title":"MSPatientExample3","generation":"generated"},{"nameUrl":"Patient-MSPatientExample4.html","title":"MSPatientExample4","generation":"generated"},{"nameUrl":"Observation-MSPreferredProductExample.html","title":"MSPreferredProductExample","generation":"generated"},{"nameUrl":"Observation-MSRhObsExample.html","title":"MSRhObsExample","generation":"generated"},{"nameUrl":"Specimen-MSSpecimenExample.html","title":"MSSpecimenExample","generation":"generated"},{"nameUrl":"Observation-MSTransplantTimelineExample.html","title":"MSTransplantTimelineExample","generation":"generated"},{"nameUrl":"Observation-MSWeightObsExample.html","title":"MSWeightObsExample","generation":"generated"},{"nameUrl":"Organization-TCExample.html","title":"TCExample","generation":"generated"}]}]},"parameter":[{"code":"path-resource","value":"input/capabilities"},{"code":"path-resource","value":"input/examples"},{"code":"path-resource","value":"input/extensions"},{"code":"path-resource","value":"input/models"},{"code":"path-resource","value":"input/operations"},{"code":"path-resource","value":"input/profiles"},{"code":"path-resource","value":"input/resources"},{"code":"path-resource","value":"input/vocabulary"},{"code":"path-resource","value":"input/maps"},{"code":"path-resource","value":"input/testing"},{"code":"path-resource","value":"input/history"},{"code":"path-resource","value":"fsh-generated/resources"},{"code":"path-pages","value":"template/config"},{"code":"path-pages","value":"input/images"},{"code":"path-tx-cache","value":"input-cache/txcache"}]}}