{"resourceType":"ImplementationGuide","id":"matchsync","text":{"status":"extensions","div":"<div xmlns=\"http://www.w3.org/1999/xhtml\"><h2>MatchSyncIG</h2><p>The official URL for this implementation guide is: </p><pre>http://fhir.nmdp.org/ig/matchsync/ImplementationGuide/matchsync</pre></div>"},"url":"http://fhir.nmdp.org/ig/matchsync/ImplementationGuide/matchsync","version":"0.1.0","name":"MatchSyncIG","status":"draft","date":"2023-04-06T10:47:25-05:00","publisher":"NMDP","contact":[{"name":"NMDP","telecom":[{"system":"url","value":"http://bethematch.org"}]}],"packageId":"matchsync","license":"CC0-1.0","fhirVersion":["4.0.1"],"dependsOn":[{"id":"hl7tx","extension":[{"url":"http://hl7.org/fhir/tools/StructureDefinition/implementationguide-dependency-comment","valueMarkdown":"Automatically added as a dependency - all IGs depend on HL7 Terminology"}],"uri":"http://terminology.hl7.org/ImplementationGuide/hl7.terminology","packageId":"hl7.terminology.r4","version":"5.0.0"},{"id":"hl7_fhir_us_core","uri":"http://hl7.org/fhir/us/core/ImplementationGuide/hl7.fhir.us.core","packageId":"hl7.fhir.us.core","version":"4.0.0"},{"id":"mcode","uri":"http://hl7.org/fhir/us/mcode/ImplementationGuide/hl7.fhir.us.mcode","packageId":"hl7.fhir.us.mcode","version":"2.0.0"},{"id":"hl7_fhir_uv_genomics_reporting","uri":"http://hl7.org/fhir/uv/genomics-reporting/ImplementationGuide/hl7.fhir.uv.genomics-reporting","packageId":"hl7.fhir.uv.genomics-reporting","version":"1.0.0"}],"definition":{"extension":[{"extension":[{"url":"code","valueString":"copyrightyear"},{"url":"value","valueString":"2022+"}],"url":"http://hl7.org/fhir/tools/StructureDefinition/ig-parameter"},{"extension":[{"url":"code","valueString":"releaselabel"},{"url":"value","valueString":"ci-build"}],"url":"http://hl7.org/fhir/tools/StructureDefinition/ig-parameter"},{"extension":[{"url":"code","valueString":"special-url"},{"url":"value","valueString":"http://terminology.nmdp.org/codesystem/disease"}],"url":"http://hl7.org/fhir/tools/StructureDefinition/ig-parameter"},{"extension":[{"url":"code","valueString":"special-url"},{"url":"value","valueString":"http://terminology.nmdp.org/codesystem/diseasestage"}],"url":"http://hl7.org/fhir/tools/StructureDefinition/ig-parameter"},{"extension":[{"url":"code","valueString":"special-url"},{"url":"value","valueString":"http://terminology.nmdp.org/codesystem/abogroup"}],"url":"http://hl7.org/fhir/tools/StructureDefinition/ig-parameter"},{"extension":[{"url":"code","valueString":"special-url"},{"url":"value","valueString":"http://terminology.nmdp.org/codesystem/rhstatus"}],"url":"http://hl7.org/fhir/tools/StructureDefinition/ig-parameter"},{"extension":[{"url":"code","valueString":"special-url"},{"url":"value","valueString":"http://terminology.nmdp.org/codesystem/race"}],"url":"http://hl7.org/fhir/tools/StructureDefinition/ig-parameter"},{"extension":[{"url":"code","valueString":"special-url"},{"url":"value","valueString":"http://terminology.nmdp.org/codesystem/ethnicity"}],"url":"http://hl7.org/fhir/tools/StructureDefinition/ig-parameter"},{"extension":[{"url":"code","valueString":"special-url"},{"url":"value","valueString":"http://terminology.nmdp.org/codesystem/language"}],"url":"http://hl7.org/fhir/tools/StructureDefinition/ig-parameter"},{"extension":[{"url":"code","valueString":"special-url"},{"url":"value","valueString":"http://terminology.nmdp.org/codesystem/preferredproduct"}],"url":"http://hl7.org/fhir/tools/StructureDefinition/ig-parameter"},{"extension":[{"url":"code","valueString":"special-url"},{"url":"value","valueString":"http://terminology.nmdp.org/codesystem/transplanttimeline"}],"url":"http://hl7.org/fhir/tools/StructureDefinition/ig-parameter"},{"extension":[{"url":"code","valueString":"special-url"},{"url":"value","valueString":"http://terminology.nmdp.org/codesystem/practitionerrole"}],"url":"http://hl7.org/fhir/tools/StructureDefinition/ig-parameter"},{"extension":[{"url":"code","valueString":"special-url"},{"url":"value","valueString":"http://www.glstring.org"}],"url":"http://hl7.org/fhir/tools/StructureDefinition/ig-parameter"},{"extension":[{"url":"code","valueString":"special-url"},{"url":"value","valueString":"http://www.genenames.org/geneId"}],"url":"http://hl7.org/fhir/tools/StructureDefinition/ig-parameter"},{"extension":[{"url":"code","valueString":"special-url"},{"url":"value","valueString":"http://loinc.org/vs/LL2419-1"}],"url":"http://hl7.org/fhir/tools/StructureDefinition/ig-parameter"},{"extension":[{"url":"code","valueString":"special-url"},{"url":"value","valueString":"http://loinc.org/vs/LL360-9"}],"url":"http://hl7.org/fhir/tools/StructureDefinition/ig-parameter"},{"extension":[{"url":"code","valueString":"autoload-resources"},{"url":"value","valueString":"true"}],"url":"http://hl7.org/fhir/tools/StructureDefinition/ig-parameter"},{"extension":[{"url":"code","valueString":"path-liquid"},{"url":"value","valueString":"template/liquid"}],"url":"http://hl7.org/fhir/tools/StructureDefinition/ig-parameter"},{"extension":[{"url":"code","valueString":"path-liquid"},{"url":"value","valueString":"input/liquid"}],"url":"http://hl7.org/fhir/tools/StructureDefinition/ig-parameter"},{"extension":[{"url":"code","valueString":"path-qa"},{"url":"value","valueString":"temp/qa"}],"url":"http://hl7.org/fhir/tools/StructureDefinition/ig-parameter"},{"extension":[{"url":"code","valueString":"path-temp"},{"url":"value","valueString":"temp/pages"}],"url":"http://hl7.org/fhir/tools/StructureDefinition/ig-parameter"},{"extension":[{"url":"code","valueString":"path-output"},{"url":"value","valueString":"output"}],"url":"http://hl7.org/fhir/tools/StructureDefinition/ig-parameter"},{"extension":[{"url":"code","valueString":"path-suppressed-warnings"},{"url":"value","valueString":"input/ignoreWarnings.txt"}],"url":"http://hl7.org/fhir/tools/StructureDefinition/ig-parameter"},{"extension":[{"url":"code","valueString":"path-history"},{"url":"value","valueString":"http://fhir.nmdp.org/ig/matchsync/history.html"}],"url":"http://hl7.org/fhir/tools/StructureDefinition/ig-parameter"},{"extension":[{"url":"code","valueString":"template-html"},{"url":"value","valueString":"template-page.html"}],"url":"http://hl7.org/fhir/tools/StructureDefinition/ig-parameter"},{"extension":[{"url":"code","valueString":"template-md"},{"url":"value","valueString":"template-page-md.html"}],"url":"http://hl7.org/fhir/tools/StructureDefinition/ig-parameter"},{"extension":[{"url":"code","valueString":"apply-contact"},{"url":"value","valueString":"true"}],"url":"http://hl7.org/fhir/tools/StructureDefinition/ig-parameter"},{"extension":[{"url":"code","valueString":"apply-context"},{"url":"value","valueString":"true"}],"url":"http://hl7.org/fhir/tools/StructureDefinition/ig-parameter"},{"extension":[{"url":"code","valueString":"apply-copyright"},{"url":"value","valueString":"true"}],"url":"http://hl7.org/fhir/tools/StructureDefinition/ig-parameter"},{"extension":[{"url":"code","valueString":"apply-jurisdiction"},{"url":"value","valueString":"true"}],"url":"http://hl7.org/fhir/tools/StructureDefinition/ig-parameter"},{"extension":[{"url":"code","valueString":"apply-license"},{"url":"value","valueString":"true"}],"url":"http://hl7.org/fhir/tools/StructureDefinition/ig-parameter"},{"extension":[{"url":"code","valueString":"apply-publisher"},{"url":"value","valueString":"true"}],"url":"http://hl7.org/fhir/tools/StructureDefinition/ig-parameter"},{"extension":[{"url":"code","valueString":"apply-version"},{"url":"value","valueString":"true"}],"url":"http://hl7.org/fhir/tools/StructureDefinition/ig-parameter"},{"extension":[{"url":"code","valueString":"active-tables"},{"url":"value","valueString":"true"}],"url":"http://hl7.org/fhir/tools/StructureDefinition/ig-parameter"},{"extension":[{"url":"code","valueString":"fmm-definition"},{"url":"value","valueString":"http://hl7.org/fhir/versions.html#maturity"}],"url":"http://hl7.org/fhir/tools/StructureDefinition/ig-parameter"},{"extension":[{"url":"code","valueString":"propagate-status"},{"url":"value","valueString":"true"}],"url":"http://hl7.org/fhir/tools/StructureDefinition/ig-parameter"},{"extension":[{"url":"code","valueString":"excludelogbinaryformat"},{"url":"value","valueString":"true"}],"url":"http://hl7.org/fhir/tools/StructureDefinition/ig-parameter"},{"extension":[{"url":"code","valueString":"tabbed-snapshots"},{"url":"value","valueString":"true"}],"url":"http://hl7.org/fhir/tools/StructureDefinition/ig-parameter"},{"extension":[{"url":"code","valueString":"copyrightyear"},{"url":"value","valueString":"2022+"}],"url":"http://hl7.org/fhir/tools/StructureDefinition/ig-parameter"},{"extension":[{"url":"code","valueString":"releaselabel"},{"url":"value","valueString":"ci-build"}],"url":"http://hl7.org/fhir/tools/StructureDefinition/ig-parameter"},{"extension":[{"url":"code","valueString":"special-url"},{"url":"value","valueString":"http://terminology.nmdp.org/codesystem/disease"}],"url":"http://hl7.org/fhir/tools/StructureDefinition/ig-parameter"},{"extension":[{"url":"code","valueString":"special-url"},{"url":"value","valueString":"http://terminology.nmdp.org/codesystem/diseasestage"}],"url":"http://hl7.org/fhir/tools/StructureDefinition/ig-parameter"},{"extension":[{"url":"code","valueString":"special-url"},{"url":"value","valueString":"http://terminology.nmdp.org/codesystem/abogroup"}],"url":"http://hl7.org/fhir/tools/StructureDefinition/ig-parameter"},{"extension":[{"url":"code","valueString":"special-url"},{"url":"value","valueString":"http://terminology.nmdp.org/codesystem/rhstatus"}],"url":"http://hl7.org/fhir/tools/StructureDefinition/ig-parameter"},{"extension":[{"url":"code","valueString":"special-url"},{"url":"value","valueString":"http://terminology.nmdp.org/codesystem/race"}],"url":"http://hl7.org/fhir/tools/StructureDefinition/ig-parameter"},{"extension":[{"url":"code","valueString":"special-url"},{"url":"value","valueString":"http://terminology.nmdp.org/codesystem/ethnicity"}],"url":"http://hl7.org/fhir/tools/StructureDefinition/ig-parameter"},{"extension":[{"url":"code","valueString":"special-url"},{"url":"value","valueString":"http://terminology.nmdp.org/codesystem/language"}],"url":"http://hl7.org/fhir/tools/StructureDefinition/ig-parameter"},{"extension":[{"url":"code","valueString":"special-url"},{"url":"value","valueString":"http://terminology.nmdp.org/codesystem/preferredproduct"}],"url":"http://hl7.org/fhir/tools/StructureDefinition/ig-parameter"},{"extension":[{"url":"code","valueString":"special-url"},{"url":"value","valueString":"http://terminology.nmdp.org/codesystem/transplanttimeline"}],"url":"http://hl7.org/fhir/tools/StructureDefinition/ig-parameter"},{"extension":[{"url":"code","valueString":"special-url"},{"url":"value","valueString":"http://terminology.nmdp.org/codesystem/practitionerrole"}],"url":"http://hl7.org/fhir/tools/StructureDefinition/ig-parameter"},{"extension":[{"url":"code","valueString":"special-url"},{"url":"value","valueString":"http://www.glstring.org"}],"url":"http://hl7.org/fhir/tools/StructureDefinition/ig-parameter"},{"extension":[{"url":"code","valueString":"special-url"},{"url":"value","valueString":"http://www.genenames.org/geneId"}],"url":"http://hl7.org/fhir/tools/StructureDefinition/ig-parameter"},{"extension":[{"url":"code","valueString":"special-url"},{"url":"value","valueString":"http://loinc.org/vs/LL2419-1"}],"url":"http://hl7.org/fhir/tools/StructureDefinition/ig-parameter"},{"extension":[{"url":"code","valueString":"special-url"},{"url":"value","valueString":"http://loinc.org/vs/LL360-9"}],"url":"http://hl7.org/fhir/tools/StructureDefinition/ig-parameter"},{"extension":[{"url":"code","valueString":"autoload-resources"},{"url":"value","valueString":"true"}],"url":"http://hl7.org/fhir/tools/StructureDefinition/ig-parameter"},{"extension":[{"url":"code","valueString":"path-liquid"},{"url":"value","valueString":"template/liquid"}],"url":"http://hl7.org/fhir/tools/StructureDefinition/ig-parameter"},{"extension":[{"url":"code","valueString":"path-liquid"},{"url":"value","valueString":"input/liquid"}],"url":"http://hl7.org/fhir/tools/StructureDefinition/ig-parameter"},{"extension":[{"url":"code","valueString":"path-qa"},{"url":"value","valueString":"temp/qa"}],"url":"http://hl7.org/fhir/tools/StructureDefinition/ig-parameter"},{"extension":[{"url":"code","valueString":"path-temp"},{"url":"value","valueString":"temp/pages"}],"url":"http://hl7.org/fhir/tools/StructureDefinition/ig-parameter"},{"extension":[{"url":"code","valueString":"path-output"},{"url":"value","valueString":"output"}],"url":"http://hl7.org/fhir/tools/StructureDefinition/ig-parameter"},{"extension":[{"url":"code","valueString":"path-suppressed-warnings"},{"url":"value","valueString":"input/ignoreWarnings.txt"}],"url":"http://hl7.org/fhir/tools/StructureDefinition/ig-parameter"},{"extension":[{"url":"code","valueString":"path-history"},{"url":"value","valueString":"http://fhir.nmdp.org/ig/matchsync/history.html"}],"url":"http://hl7.org/fhir/tools/StructureDefinition/ig-parameter"},{"extension":[{"url":"code","valueString":"template-html"},{"url":"value","valueString":"template-page.html"}],"url":"http://hl7.org/fhir/tools/StructureDefinition/ig-parameter"},{"extension":[{"url":"code","valueString":"template-md"},{"url":"value","valueString":"template-page-md.html"}],"url":"http://hl7.org/fhir/tools/StructureDefinition/ig-parameter"},{"extension":[{"url":"code","valueString":"apply-contact"},{"url":"value","valueString":"true"}],"url":"http://hl7.org/fhir/tools/StructureDefinition/ig-parameter"},{"extension":[{"url":"code","valueString":"apply-context"},{"url":"value","valueString":"true"}],"url":"http://hl7.org/fhir/tools/StructureDefinition/ig-parameter"},{"extension":[{"url":"code","valueString":"apply-copyright"},{"url":"value","valueString":"true"}],"url":"http://hl7.org/fhir/tools/StructureDefinition/ig-parameter"},{"extension":[{"url":"code","valueString":"apply-jurisdiction"},{"url":"value","valueString":"true"}],"url":"http://hl7.org/fhir/tools/StructureDefinition/ig-parameter"},{"extension":[{"url":"code","valueString":"apply-license"},{"url":"value","valueString":"true"}],"url":"http://hl7.org/fhir/tools/StructureDefinition/ig-parameter"},{"extension":[{"url":"code","valueString":"apply-publisher"},{"url":"value","valueString":"true"}],"url":"http://hl7.org/fhir/tools/StructureDefinition/ig-parameter"},{"extension":[{"url":"code","valueString":"apply-version"},{"url":"value","valueString":"true"}],"url":"http://hl7.org/fhir/tools/StructureDefinition/ig-parameter"},{"extension":[{"url":"code","valueString":"active-tables"},{"url":"value","valueString":"true"}],"url":"http://hl7.org/fhir/tools/StructureDefinition/ig-parameter"},{"extension":[{"url":"code","valueString":"fmm-definition"},{"url":"value","valueString":"http://hl7.org/fhir/versions.html#maturity"}],"url":"http://hl7.org/fhir/tools/StructureDefinition/ig-parameter"},{"extension":[{"url":"code","valueString":"propagate-status"},{"url":"value","valueString":"true"}],"url":"http://hl7.org/fhir/tools/StructureDefinition/ig-parameter"},{"extension":[{"url":"code","valueString":"excludelogbinaryformat"},{"url":"value","valueString":"true"}],"url":"http://hl7.org/fhir/tools/StructureDefinition/ig-parameter"},{"extension":[{"url":"code","valueString":"tabbed-snapshots"},{"url":"value","valueString":"true"}],"url":"http://hl7.org/fhir/tools/StructureDefinition/ig-parameter"},{"extension":[{"url":"code","valueString":"copyrightyear"},{"url":"value","valueString":"2022+"}],"url":"http://hl7.org/fhir/tools/StructureDefinition/ig-parameter"},{"extension":[{"url":"code","valueString":"releaselabel"},{"url":"value","valueString":"ci-build"}],"url":"http://hl7.org/fhir/tools/StructureDefinition/ig-parameter"},{"extension":[{"url":"code","valueString":"special-url"},{"url":"value","valueString":"http://terminology.nmdp.org/codesystem/disease"}],"url":"http://hl7.org/fhir/tools/StructureDefinition/ig-parameter"},{"extension":[{"url":"code","valueString":"special-url"},{"url":"value","valueString":"http://terminology.nmdp.org/codesystem/diseasestage"}],"url":"http://hl7.org/fhir/tools/StructureDefinition/ig-parameter"},{"extension":[{"url":"code","valueString":"special-url"},{"url":"value","valueString":"http://terminology.nmdp.org/codesystem/abogroup"}],"url":"http://hl7.org/fhir/tools/StructureDefinition/ig-parameter"},{"extension":[{"url":"code","valueString":"special-url"},{"url":"value","valueString":"http://terminology.nmdp.org/codesystem/rhstatus"}],"url":"http://hl7.org/fhir/tools/StructureDefinition/ig-parameter"},{"extension":[{"url":"code","valueString":"special-url"},{"url":"value","valueString":"http://terminology.nmdp.org/codesystem/race"}],"url":"http://hl7.org/fhir/tools/StructureDefinition/ig-parameter"},{"extension":[{"url":"code","valueString":"special-url"},{"url":"value","valueString":"http://terminology.nmdp.org/codesystem/ethnicity"}],"url":"http://hl7.org/fhir/tools/StructureDefinition/ig-parameter"},{"extension":[{"url":"code","valueString":"special-url"},{"url":"value","valueString":"http://terminology.nmdp.org/codesystem/language"}],"url":"http://hl7.org/fhir/tools/StructureDefinition/ig-parameter"},{"extension":[{"url":"code","valueString":"special-url"},{"url":"value","valueString":"http://terminology.nmdp.org/codesystem/preferredproduct"}],"url":"http://hl7.org/fhir/tools/StructureDefinition/ig-parameter"},{"extension":[{"url":"code","valueString":"special-url"},{"url":"value","valueString":"http://terminology.nmdp.org/codesystem/transplanttimeline"}],"url":"http://hl7.org/fhir/tools/StructureDefinition/ig-parameter"},{"extension":[{"url":"code","valueString":"special-url"},{"url":"value","valueString":"http://terminology.nmdp.org/codesystem/practitionerrole"}],"url":"http://hl7.org/fhir/tools/StructureDefinition/ig-parameter"},{"extension":[{"url":"code","valueString":"special-url"},{"url":"value","valueString":"http://www.glstring.org"}],"url":"http://hl7.org/fhir/tools/StructureDefinition/ig-parameter"},{"extension":[{"url":"code","valueString":"special-url"},{"url":"value","valueString":"http://www.genenames.org/geneId"}],"url":"http://hl7.org/fhir/tools/StructureDefinition/ig-parameter"},{"extension":[{"url":"code","valueString":"special-url"},{"url":"value","valueString":"http://loinc.org/vs/LL2419-1"}],"url":"http://hl7.org/fhir/tools/StructureDefinition/ig-parameter"},{"extension":[{"url":"code","valueString":"special-url"},{"url":"value","valueString":"http://loinc.org/vs/LL360-9"}],"url":"http://hl7.org/fhir/tools/StructureDefinition/ig-parameter"},{"extension":[{"url":"code","valueString":"autoload-resources"},{"url":"value","valueString":"true"}],"url":"http://hl7.org/fhir/tools/StructureDefinition/ig-parameter"},{"extension":[{"url":"code","valueString":"path-liquid"},{"url":"value","valueString":"template/liquid"}],"url":"http://hl7.org/fhir/tools/StructureDefinition/ig-parameter"},{"extension":[{"url":"code","valueString":"path-liquid"},{"url":"value","valueString":"input/liquid"}],"url":"http://hl7.org/fhir/tools/StructureDefinition/ig-parameter"},{"extension":[{"url":"code","valueString":"path-qa"},{"url":"value","valueString":"temp/qa"}],"url":"http://hl7.org/fhir/tools/StructureDefinition/ig-parameter"},{"extension":[{"url":"code","valueString":"path-temp"},{"url":"value","valueString":"temp/pages"}],"url":"http://hl7.org/fhir/tools/StructureDefinition/ig-parameter"},{"extension":[{"url":"code","valueString":"path-output"},{"url":"value","valueString":"output"}],"url":"http://hl7.org/fhir/tools/StructureDefinition/ig-parameter"},{"extension":[{"url":"code","valueString":"path-suppressed-warnings"},{"url":"value","valueString":"input/ignoreWarnings.txt"}],"url":"http://hl7.org/fhir/tools/StructureDefinition/ig-parameter"},{"extension":[{"url":"code","valueString":"path-history"},{"url":"value","valueString":"http://fhir.nmdp.org/ig/matchsync/history.html"}],"url":"http://hl7.org/fhir/tools/StructureDefinition/ig-parameter"},{"extension":[{"url":"code","valueString":"template-html"},{"url":"value","valueString":"template-page.html"}],"url":"http://hl7.org/fhir/tools/StructureDefinition/ig-parameter"},{"extension":[{"url":"code","valueString":"template-md"},{"url":"value","valueString":"template-page-md.html"}],"url":"http://hl7.org/fhir/tools/StructureDefinition/ig-parameter"},{"extension":[{"url":"code","valueString":"apply-contact"},{"url":"value","valueString":"true"}],"url":"http://hl7.org/fhir/tools/StructureDefinition/ig-parameter"},{"extension":[{"url":"code","valueString":"apply-context"},{"url":"value","valueString":"true"}],"url":"http://hl7.org/fhir/tools/StructureDefinition/ig-parameter"},{"extension":[{"url":"code","valueString":"apply-copyright"},{"url":"value","valueString":"true"}],"url":"http://hl7.org/fhir/tools/StructureDefinition/ig-parameter"},{"extension":[{"url":"code","valueString":"apply-jurisdiction"},{"url":"value","valueString":"true"}],"url":"http://hl7.org/fhir/tools/StructureDefinition/ig-parameter"},{"extension":[{"url":"code","valueString":"apply-license"},{"url":"value","valueString":"true"}],"url":"http://hl7.org/fhir/tools/StructureDefinition/ig-parameter"},{"extension":[{"url":"code","valueString":"apply-publisher"},{"url":"value","valueString":"true"}],"url":"http://hl7.org/fhir/tools/StructureDefinition/ig-parameter"},{"extension":[{"url":"code","valueString":"apply-version"},{"url":"value","valueString":"true"}],"url":"http://hl7.org/fhir/tools/StructureDefinition/ig-parameter"},{"extension":[{"url":"code","valueString":"active-tables"},{"url":"value","valueString":"true"}],"url":"http://hl7.org/fhir/tools/StructureDefinition/ig-parameter"},{"extension":[{"url":"code","valueString":"fmm-definition"},{"url":"value","valueString":"http://hl7.org/fhir/versions.html#maturity"}],"url":"http://hl7.org/fhir/tools/StructureDefinition/ig-parameter"},{"extension":[{"url":"code","valueString":"propagate-status"},{"url":"value","valueString":"true"}],"url":"http://hl7.org/fhir/tools/StructureDefinition/ig-parameter"},{"extension":[{"url":"code","valueString":"excludelogbinaryformat"},{"url":"value","valueString":"true"}],"url":"http://hl7.org/fhir/tools/StructureDefinition/ig-parameter"},{"extension":[{"url":"code","valueString":"tabbed-snapshots"},{"url":"value","valueString":"true"}],"url":"http://hl7.org/fhir/tools/StructureDefinition/ig-parameter"}],"grouping":[{"id":"-str-profile","name":"Structures: Resource Profiles","description":"These define constraints on FHIR resources for systems conforming to this implementation guide."},{"id":"-str-extension","name":"Structures: Extension Definitions","description":"These define constraints on FHIR data types for systems conforming to this implementation guide."},{"id":"-term-valueset","name":"Terminology: Value Sets","description":"These define sets of codes used by systems conforming to this implementation guide."},{"id":"-term-codesystem","name":"Terminology: Code Systems","description":"These define new code systems used by systems conforming to this implementation guide."},{"id":"-ex-example","name":"Example: Example Instances","description":"These are example instances that show what data produced and consumed by systems conforming with this implementation guide might look like."}],"resource":[{"extension":[{"url":"http://hl7.org/fhir/StructureDefinition/implementationguide-page","valueUri":"StructureDefinition-hla-genotype.html"}],"reference":{"reference":"StructureDefinition/hla-genotype"},"name":"HLA Genotype Observation","description":"HLA Genotype profile of genotype observation","exampleBoolean":false,"groupingId":"-str-profile"},{"extension":[{"url":"http://hl7.org/fhir/StructureDefinition/implementationguide-page","valueUri":"StructureDefinition-hla-a.html"}],"reference":{"reference":"StructureDefinition/hla-a"},"name":"HLA_A","description":"Genotype for HLA-A","exampleBoolean":false,"groupingId":"-str-profile"},{"extension":[{"url":"http://hl7.org/fhir/StructureDefinition/implementationguide-page","valueUri":"StructureDefinition-hla-b.html"}],"reference":{"reference":"StructureDefinition/hla-b"},"name":"HLA_B","description":"Genotype for HLA-B","exampleBoolean":false,"groupingId":"-str-profile"},{"extension":[{"url":"http://hl7.org/fhir/StructureDefinition/implementationguide-page","valueUri":"StructureDefinition-hla-c.html"}],"reference":{"reference":"StructureDefinition/hla-c"},"name":"HLA_C","description":"Genotype for HLA-C","exampleBoolean":false,"groupingId":"-str-profile"},{"extension":[{"url":"http://hl7.org/fhir/StructureDefinition/implementationguide-page","valueUri":"StructureDefinition-hla-dpa1.html"}],"reference":{"reference":"StructureDefinition/hla-dpa1"},"name":"HLA_DPA1","description":"Genotype for HLA-DPA1","exampleBoolean":false,"groupingId":"-str-profile"},{"extension":[{"url":"http://hl7.org/fhir/StructureDefinition/implementationguide-page","valueUri":"StructureDefinition-hla-dpb1.html"}],"reference":{"reference":"StructureDefinition/hla-dpb1"},"name":"HLA_DPB1","description":"Genotype for HLA-DPB1","exampleBoolean":false,"groupingId":"-str-profile"},{"extension":[{"url":"http://hl7.org/fhir/StructureDefinition/implementationguide-page","valueUri":"StructureDefinition-hla-dqa1.html"}],"reference":{"reference":"StructureDefinition/hla-dqa1"},"name":"HLA_DQA1","description":"Genotype for HLA-DQA1","exampleBoolean":false,"groupingId":"-str-profile"},{"extension":[{"url":"http://hl7.org/fhir/StructureDefinition/implementationguide-page","valueUri":"StructureDefinition-hla-dqb1.html"}],"reference":{"reference":"StructureDefinition/hla-dqb1"},"name":"HLA_DQB1","description":"Genotype for HLA-DQB1","exampleBoolean":false,"groupingId":"-str-profile"},{"extension":[{"url":"http://hl7.org/fhir/StructureDefinition/implementationguide-page","valueUri":"StructureDefinition-hla-drb1.html"}],"reference":{"reference":"StructureDefinition/hla-drb1"},"name":"HLA_DRB1","description":"Genotype for HLA-DRB1","exampleBoolean":false,"groupingId":"-str-profile"},{"extension":[{"url":"http://hl7.org/fhir/StructureDefinition/implementationguide-page","valueUri":"StructureDefinition-hla-drb3.html"}],"reference":{"reference":"StructureDefinition/hla-drb3"},"name":"HLA_DRB3","description":"Genotype for HLA-DRB3","exampleBoolean":false,"groupingId":"-str-profile"},{"extension":[{"url":"http://hl7.org/fhir/StructureDefinition/implementationguide-page","valueUri":"StructureDefinition-hla-drb4.html"}],"reference":{"reference":"StructureDefinition/hla-drb4"},"name":"HLA_DRB4","description":"Genotype for HLA-DRB4","exampleBoolean":false,"groupingId":"-str-profile"},{"extension":[{"url":"http://hl7.org/fhir/StructureDefinition/implementationguide-page","valueUri":"StructureDefinition-hla-drb5.html"}],"reference":{"reference":"StructureDefinition/hla-drb5"},"name":"HLA_DRB5","description":"Genotype for HLA-DRB5","exampleBoolean":false,"groupingId":"-str-profile"},{"extension":[{"url":"http://hl7.org/fhir/StructureDefinition/implementationguide-page","valueUri":"StructureDefinition-ms-abogroup-observation.html"}],"reference":{"reference":"StructureDefinition/ms-abogroup-observation"},"name":"MSABOGroupObservation","description":"ABO Blood Group of Patient","exampleBoolean":false,"groupingId":"-str-profile"},{"extension":[{"url":"http://hl7.org/fhir/StructureDefinition/implementationguide-page","valueUri":"StructureDefinition-ms-bundle.html"}],"reference":{"reference":"StructureDefinition/ms-bundle"},"name":"MatchSync Bundle","description":"Collection Bundle for MatchSync","exampleBoolean":false,"groupingId":"-str-profile"},{"extension":[{"url":"http://hl7.org/fhir/StructureDefinition/implementationguide-page","valueUri":"StructureDefinition-ms-bundle-hla-multilocus.html"}],"reference":{"reference":"StructureDefinition/ms-bundle-hla-multilocus"},"name":"MatchSync Bundle with single multilocus HLA","description":"Collection Bundle for MatchSync with single HLA multilocus Observation","exampleBoolean":false,"groupingId":"-str-profile"},{"extension":[{"url":"http://hl7.org/fhir/StructureDefinition/implementationguide-page","valueUri":"StructureDefinition-ms-bundle-hla-separate.html"}],"reference":{"reference":"StructureDefinition/ms-bundle-hla-separate"},"name":"MatchSync Bundle with Separate HLA","description":"Collection Bundle for MatchSync with separate HLA Observations for each locus","exampleBoolean":false,"groupingId":"-str-profile"},{"extension":[{"url":"http://hl7.org/fhir/StructureDefinition/implementationguide-page","valueUri":"StructureDefinition-ms-height-observation.html"}],"reference":{"reference":"StructureDefinition/ms-height-observation"},"name":"MSHeightObservation","description":"Height of Patient","exampleBoolean":false,"groupingId":"-str-profile"},{"extension":[{"url":"http://hl7.org/fhir/StructureDefinition/implementationguide-page","valueUri":"StructureDefinition-mspatient.html"}],"reference":{"reference":"StructureDefinition/mspatient"},"name":"MSPatient","description":"Patient needing a transplant","exampleBoolean":false,"groupingId":"-str-profile"},{"extension":[{"url":"http://hl7.org/fhir/StructureDefinition/implementationguide-page","valueUri":"StructureDefinition-ms-preferred-product-observation.html"}],"reference":{"reference":"StructureDefinition/ms-preferred-product-observation"},"name":"MSPreferredProduct","description":"Preferred product for transplant","exampleBoolean":false,"groupingId":"-str-profile"},{"extension":[{"url":"http://hl7.org/fhir/StructureDefinition/implementationguide-page","valueUri":"StructureDefinition-msdiagnosis.html"}],"reference":{"reference":"StructureDefinition/msdiagnosis"},"name":"MSPrimaryDiagnosis","description":"Diagnosis","exampleBoolean":false,"groupingId":"-str-profile"},{"extension":[{"url":"http://hl7.org/fhir/StructureDefinition/implementationguide-page","valueUri":"StructureDefinition-ms-rhstatus-observation.html"}],"reference":{"reference":"StructureDefinition/ms-rhstatus-observation"},"name":"MSRhStatusObservation","description":"Rh status of Patient","exampleBoolean":false,"groupingId":"-str-profile"},{"extension":[{"url":"http://hl7.org/fhir/StructureDefinition/implementationguide-page","valueUri":"StructureDefinition-msspecimen.html"}],"reference":{"reference":"StructureDefinition/msspecimen"},"name":"MSSpecimen","description":"Patient sample used for HLA typing","exampleBoolean":false,"groupingId":"-str-profile"},{"extension":[{"url":"http://hl7.org/fhir/StructureDefinition/implementationguide-page","valueUri":"StructureDefinition-ms-transplant-timeline-observation.html"}],"reference":{"reference":"StructureDefinition/ms-transplant-timeline-observation"},"name":"MSTransplantTimeline","description":"Transplant timeline for patient","exampleBoolean":false,"groupingId":"-str-profile"},{"extension":[{"url":"http://hl7.org/fhir/StructureDefinition/implementationguide-page","valueUri":"StructureDefinition-ms-weight-observation.html"}],"reference":{"reference":"StructureDefinition/ms-weight-observation"},"name":"MSWeightObservation","description":"Weight of Patient","exampleBoolean":false,"groupingId":"-str-profile"},{"extension":[{"url":"http://hl7.org/fhir/StructureDefinition/implementationguide-page","valueUri":"StructureDefinition-nmdp-practitioner.html"}],"reference":{"reference":"StructureDefinition/nmdp-practitioner"},"name":"NMDPPractitioner","description":"NMDP Practitioner","exampleBoolean":false,"groupingId":"-str-profile"},{"extension":[{"url":"http://hl7.org/fhir/StructureDefinition/implementationguide-page","valueUri":"StructureDefinition-nmdp-practitioner-role.html"}],"reference":{"reference":"StructureDefinition/nmdp-practitioner-role"},"name":"NMDPPractitionerRole","description":"NMDP Practitioner Role","exampleBoolean":false,"groupingId":"-str-profile"},{"extension":[{"url":"http://hl7.org/fhir/StructureDefinition/implementationguide-page","valueUri":"StructureDefinition-transplantcenter.html"}],"reference":{"reference":"StructureDefinition/transplantcenter"},"name":"TransplantCenter","description":"Transplant Center","exampleBoolean":false,"groupingId":"-str-profile"},{"extension":[{"url":"http://hl7.org/fhir/StructureDefinition/implementationguide-page","valueUri":"StructureDefinition-number-of-remissions.html"}],"reference":{"reference":"StructureDefinition/number-of-remissions"},"name":"Number of Remissions of Primary Diagnosis","description":"Number of Remissions of Primary Diagnosis","exampleBoolean":false,"groupingId":"-str-extension"},{"extension":[{"url":"http://hl7.org/fhir/StructureDefinition/implementationguide-page","valueUri":"ValueSet-hla-geneid-valueset.html"}],"reference":{"reference":"ValueSet/hla-geneid-valueset"},"name":"HLA Gene Name Value Set","description":"HLA HGNC GeneIds Valueset","exampleBoolean":false,"groupingId":"-term-valueset"},{"extension":[{"url":"http://hl7.org/fhir/StructureDefinition/implementationguide-page","valueUri":"ValueSet-icd10-gvhd-codes.html"}],"reference":{"reference":"ValueSet/icd10-gvhd-codes"},"name":"GVHD ICD-10 Codes","description":"GVHD ICD-10 Codes","exampleBoolean":false,"groupingId":"-term-valueset"},{"extension":[{"url":"http://hl7.org/fhir/StructureDefinition/implementationguide-page","valueUri":"ValueSet-loinc-abo-codes.html"}],"reference":{"reference":"ValueSet/loinc-abo-codes"},"name":"LOINC ABO group Value Set","description":"LOINC codes for ABO blood group","exampleBoolean":false,"groupingId":"-term-valueset"},{"extension":[{"url":"http://hl7.org/fhir/StructureDefinition/implementationguide-page","valueUri":"ValueSet-ms-abo-group-codes.html"}],"reference":{"reference":"ValueSet/ms-abo-group-codes"},"name":"MatchSync ABO Group Value Set","description":"MatchSync ABO group codes. Combines LOINC, Snomed, and NMDP codes","exampleBoolean":false,"groupingId":"-term-valueset"},{"extension":[{"url":"http://hl7.org/fhir/StructureDefinition/implementationguide-page","valueUri":"ValueSet-ms-rh-codes.html"}],"reference":{"reference":"ValueSet/ms-rh-codes"},"name":"MatchSync Rh Value Sets","description":"MatchSync codes for blood Rh. Combines NMDP and LOINC code","exampleBoolean":false,"groupingId":"-term-valueset"},{"extension":[{"url":"http://hl7.org/fhir/StructureDefinition/implementationguide-page","valueUri":"ValueSet-nmdp-abo-codes.html"}],"reference":{"reference":"ValueSet/nmdp-abo-codes"},"name":"NMDP Blood Group Value Set","description":"NMDP blood group codes","exampleBoolean":false,"groupingId":"-term-valueset"},{"extension":[{"url":"http://hl7.org/fhir/StructureDefinition/implementationguide-page","valueUri":"ValueSet-nmdp-diseasestage-codes.html"}],"reference":{"reference":"ValueSet/nmdp-diseasestage-codes"},"name":"NMDP Disease Stage Value Set","description":"NMDP disease stage codes","exampleBoolean":false,"groupingId":"-term-valueset"},{"extension":[{"url":"http://hl7.org/fhir/StructureDefinition/implementationguide-page","valueUri":"ValueSet-nmdp-disease-codes.html"}],"reference":{"reference":"ValueSet/nmdp-disease-codes"},"name":"NMDP Disease Value Set","description":"NMDP disease codes","exampleBoolean":false,"groupingId":"-term-valueset"},{"extension":[{"url":"http://hl7.org/fhir/StructureDefinition/implementationguide-page","valueUri":"ValueSet-nmdp-ethnicity-codes.html"}],"reference":{"reference":"ValueSet/nmdp-ethnicity-codes"},"name":"NMDP Ethnicity Value Set","description":"NMDP ethnicity codes","exampleBoolean":false,"groupingId":"-term-valueset"},{"extension":[{"url":"http://hl7.org/fhir/StructureDefinition/implementationguide-page","valueUri":"ValueSet-nmdp-language-codes.html"}],"reference":{"reference":"ValueSet/nmdp-language-codes"},"name":"NMDP Language Value Set","description":"NMDP language codes","exampleBoolean":false,"groupingId":"-term-valueset"},{"extension":[{"url":"http://hl7.org/fhir/StructureDefinition/implementationguide-page","valueUri":"ValueSet-nmdp-practitioner-role-vs.html"}],"reference":{"reference":"ValueSet/nmdp-practitioner-role-vs"},"name":"NMDP Practitioner Role Value Set","description":"NMDP Practitioner Role Value Set","exampleBoolean":false,"groupingId":"-term-valueset"},{"extension":[{"url":"http://hl7.org/fhir/StructureDefinition/implementationguide-page","valueUri":"ValueSet-nmdp-preferred-product-codes.html"}],"reference":{"reference":"ValueSet/nmdp-preferred-product-codes"},"name":"NMDP Preferred Product Value Set","description":"NMDP preferred product codes","exampleBoolean":false,"groupingId":"-term-valueset"},{"extension":[{"url":"http://hl7.org/fhir/StructureDefinition/implementationguide-page","valueUri":"ValueSet-nmdp-race-codes.html"}],"reference":{"reference":"ValueSet/nmdp-race-codes"},"name":"NMDP Race Value Set","description":"NMDP race codes","exampleBoolean":false,"groupingId":"-term-valueset"},{"extension":[{"url":"http://hl7.org/fhir/StructureDefinition/implementationguide-page","valueUri":"ValueSet-nmdp-rh-status-codes.html"}],"reference":{"reference":"ValueSet/nmdp-rh-status-codes"},"name":"NMDP Codes for Rh status","description":"NMDP codes for Rh staus","exampleBoolean":false,"groupingId":"-term-valueset"},{"extension":[{"url":"http://hl7.org/fhir/StructureDefinition/implementationguide-page","valueUri":"ValueSet-nmdp-transplant-timeline-codes.html"}],"reference":{"reference":"ValueSet/nmdp-transplant-timeline-codes"},"name":"NMDP Transplant Timeline Value Set","description":"NMDP transplant timeline codes","exampleBoolean":false,"groupingId":"-term-valueset"},{"extension":[{"url":"http://hl7.org/fhir/StructureDefinition/implementationguide-page","valueUri":"ValueSet-loinc-posneg-codes.html"}],"reference":{"reference":"ValueSet/loinc-posneg-codes"},"name":"LOINC Pos|Neg Value Set","description":"LOINC codes for Positive and Negative","exampleBoolean":false,"groupingId":"-term-valueset"},{"extension":[{"url":"http://hl7.org/fhir/StructureDefinition/implementationguide-page","valueUri":"ValueSet-sct-abo-group-codes.html"}],"reference":{"reference":"ValueSet/sct-abo-group-codes"},"name":"Snomed CT ABO group Value Set","description":"Snomed CT codes for ABO blood group","exampleBoolean":false,"groupingId":"-term-valueset"},{"extension":[{"url":"http://hl7.org/fhir/StructureDefinition/implementationguide-page","valueUri":"CodeSystem-glstring-codesystem.html"}],"reference":{"reference":"CodeSystem/glstring-codesystem"},"name":"Genotype List String Code CodeSystem","description":"Genotype List String Codesystem used for HLA reporting","exampleBoolean":false,"groupingId":"-term-codesystem"},{"extension":[{"url":"http://hl7.org/fhir/StructureDefinition/implementationguide-page","valueUri":"CodeSystem-hla-genename-codesystem.html"}],"reference":{"reference":"CodeSystem/hla-genename-codesystem"},"name":"HLA HGNC GeneID CodeSystem","description":"CodeSystem of HLA gene group subset of HGNC GeneId Codesystem","exampleBoolean":false,"groupingId":"-term-codesystem"},{"extension":[{"url":"http://hl7.org/fhir/StructureDefinition/implementationguide-page","valueUri":"CodeSystem-nmdp-abo-group-cs.html"}],"reference":{"reference":"CodeSystem/nmdp-abo-group-cs"},"name":"NMDP Blood Group Code System","description":"Code System for NMDP ABO blood groups","exampleBoolean":false,"groupingId":"-term-codesystem"},{"extension":[{"url":"http://hl7.org/fhir/StructureDefinition/implementationguide-page","valueUri":"CodeSystem-nmdp-disease-cs.html"}],"reference":{"reference":"CodeSystem/nmdp-disease-cs"},"name":"NMDP Disease Code System","description":"Code System for NMDP diseases","exampleBoolean":false,"groupingId":"-term-codesystem"},{"extension":[{"url":"http://hl7.org/fhir/StructureDefinition/implementationguide-page","valueUri":"CodeSystem-nmdp-diseasestage-cs.html"}],"reference":{"reference":"CodeSystem/nmdp-diseasestage-cs"},"name":"NMDP Disease Stage Code System","description":"Code System for NMDP disease stages","exampleBoolean":false,"groupingId":"-term-codesystem"},{"extension":[{"url":"http://hl7.org/fhir/StructureDefinition/implementationguide-page","valueUri":"CodeSystem-nmdp-ethnicity-cs.html"}],"reference":{"reference":"CodeSystem/nmdp-ethnicity-cs"},"name":"NMDP Ethnicity Code System","description":"Code System for NMDP ethnicity","exampleBoolean":false,"groupingId":"-term-codesystem"},{"extension":[{"url":"http://hl7.org/fhir/StructureDefinition/implementationguide-page","valueUri":"CodeSystem-nmdp-language-cs.html"}],"reference":{"reference":"CodeSystem/nmdp-language-cs"},"name":"NMDP Language Code System","description":"Code System for NMDP languages","exampleBoolean":false,"groupingId":"-term-codesystem"},{"extension":[{"url":"http://hl7.org/fhir/StructureDefinition/implementationguide-page","valueUri":"CodeSystem-nmdp-practitioner-role-cs.html"}],"reference":{"reference":"CodeSystem/nmdp-practitioner-role-cs"},"name":"NMDP Practitioner Roles","description":"NMDP Practitioner Roles","exampleBoolean":false,"groupingId":"-term-codesystem"},{"extension":[{"url":"http://hl7.org/fhir/StructureDefinition/implementationguide-page","valueUri":"CodeSystem-nmdp-preferred-product-cs.html"}],"reference":{"reference":"CodeSystem/nmdp-preferred-product-cs"},"name":"NMDP Preferred Product for Transplant","description":"NMDP Preferred Product for MatchSync patient","exampleBoolean":false,"groupingId":"-term-codesystem"},{"extension":[{"url":"http://hl7.org/fhir/StructureDefinition/implementationguide-page","valueUri":"CodeSystem-nmdp-race-cs.html"}],"reference":{"reference":"CodeSystem/nmdp-race-cs"},"name":"NMDP Race Code System","description":"Code System for NMDP diseases","exampleBoolean":false,"groupingId":"-term-codesystem"},{"extension":[{"url":"http://hl7.org/fhir/StructureDefinition/implementationguide-page","valueUri":"CodeSystem-nmdp-rh-status-cs.html"}],"reference":{"reference":"CodeSystem/nmdp-rh-status-cs"},"name":"NMDP Rh Code System","description":"Code System for NMDP Rh Status","exampleBoolean":false,"groupingId":"-term-codesystem"},{"extension":[{"url":"http://hl7.org/fhir/StructureDefinition/implementationguide-page","valueUri":"CodeSystem-nmdp-transplant-timeline-cs.html"}],"reference":{"reference":"CodeSystem/nmdp-transplant-timeline-cs"},"name":"NMDP Transplant Timeline Code System","description":"Code System for NMDP transplant timeline","exampleBoolean":false,"groupingId":"-term-codesystem"},{"extension":[{"url":"http://hl7.org/fhir/StructureDefinition/implementationguide-page","valueUri":"Bundle-BundleExample-Practitioner.html"}],"reference":{"reference":"Bundle/BundleExample-Practitioner"},"name":"MatchSync Bundle Example - Practioners","description":"MatchSync Bundle Example with Search Coordinator, Referring Physician, and TC Physician","exampleCanonical":"http://fhir.nmdp.org/ig/matchsync/StructureDefinition/ms-bundle","groupingId":"-ex-example"},{"extension":[{"url":"http://hl7.org/fhir/StructureDefinition/implementationguide-page","valueUri":"Observation-HLA-A-Example.html"}],"reference":{"reference":"Observation/HLA-A-Example"},"name":"HLA-A-Example","description":"Example of HLA-A","exampleCanonical":"http://fhir.nmdp.org/ig/matchsync/StructureDefinition/hla-a","groupingId":"-ex-example"},{"extension":[{"url":"http://hl7.org/fhir/StructureDefinition/implementationguide-page","valueUri":"Observation-HLA-B-Example.html"}],"reference":{"reference":"Observation/HLA-B-Example"},"name":"HLA-B-Example","description":"Example of HLA-B","exampleCanonical":"http://fhir.nmdp.org/ig/matchsync/StructureDefinition/hla-b","groupingId":"-ex-example"},{"extension":[{"url":"http://hl7.org/fhir/StructureDefinition/implementationguide-page","valueUri":"Observation-HLA-C-Example.html"}],"reference":{"reference":"Observation/HLA-C-Example"},"name":"HLA-C-Example","description":"Example of HLA-C","exampleCanonical":"http://fhir.nmdp.org/ig/matchsync/StructureDefinition/hla-c","groupingId":"-ex-example"},{"extension":[{"url":"http://hl7.org/fhir/StructureDefinition/implementationguide-page","valueUri":"Observation-HLA-DPA1-Example.html"}],"reference":{"reference":"Observation/HLA-DPA1-Example"},"name":"HLA-DPA1-Example","description":"Example of HLA-DPA1","exampleCanonical":"http://fhir.nmdp.org/ig/matchsync/StructureDefinition/hla-dpa1","groupingId":"-ex-example"},{"extension":[{"url":"http://hl7.org/fhir/StructureDefinition/implementationguide-page","valueUri":"Observation-HLA-DPB1-Example.html"}],"reference":{"reference":"Observation/HLA-DPB1-Example"},"name":"HLA-DPB1-Example","description":"Example of HLA-DPB1","exampleCanonical":"http://fhir.nmdp.org/ig/matchsync/StructureDefinition/hla-dpb1","groupingId":"-ex-example"},{"extension":[{"url":"http://hl7.org/fhir/StructureDefinition/implementationguide-page","valueUri":"Observation-HLA-DQA1-Example.html"}],"reference":{"reference":"Observation/HLA-DQA1-Example"},"name":"HLA-DQA1-Example","description":"Example of HLA-DQA1","exampleCanonical":"http://fhir.nmdp.org/ig/matchsync/StructureDefinition/hla-dqa1","groupingId":"-ex-example"},{"extension":[{"url":"http://hl7.org/fhir/StructureDefinition/implementationguide-page","valueUri":"Observation-HLA-DQB1-Example.html"}],"reference":{"reference":"Observation/HLA-DQB1-Example"},"name":"HLA-DQB1-Example","description":"Example of HLA-DQB1","exampleCanonical":"http://fhir.nmdp.org/ig/matchsync/StructureDefinition/hla-dqb1","groupingId":"-ex-example"},{"extension":[{"url":"http://hl7.org/fhir/StructureDefinition/implementationguide-page","valueUri":"Observation-HLA-DRB1-Example.html"}],"reference":{"reference":"Observation/HLA-DRB1-Example"},"name":"HLA-DRB1-Example","description":"Example of HLA-DRB1","exampleCanonical":"http://fhir.nmdp.org/ig/matchsync/StructureDefinition/hla-drb1","groupingId":"-ex-example"},{"extension":[{"url":"http://hl7.org/fhir/StructureDefinition/implementationguide-page","valueUri":"Observation-HLA-DRB3-Example.html"}],"reference":{"reference":"Observation/HLA-DRB3-Example"},"name":"HLA-DRB3-Example","description":"Example of HLA-DRB3","exampleCanonical":"http://fhir.nmdp.org/ig/matchsync/StructureDefinition/hla-drb3","groupingId":"-ex-example"},{"extension":[{"url":"http://hl7.org/fhir/StructureDefinition/implementationguide-page","valueUri":"Observation-HLA-DRB4-Example.html"}],"reference":{"reference":"Observation/HLA-DRB4-Example"},"name":"HLA-DRB4-Example","description":"Example of HLA-DRB4","exampleCanonical":"http://fhir.nmdp.org/ig/matchsync/StructureDefinition/hla-drb4","groupingId":"-ex-example"},{"extension":[{"url":"http://hl7.org/fhir/StructureDefinition/implementationguide-page","valueUri":"Observation-HLA-DRB5-Example.html"}],"reference":{"reference":"Observation/HLA-DRB5-Example"},"name":"HLA-DRB5-Example","description":"Example of HLA-DRB5","exampleCanonical":"http://fhir.nmdp.org/ig/matchsync/StructureDefinition/hla-drb5","groupingId":"-ex-example"},{"extension":[{"url":"http://hl7.org/fhir/StructureDefinition/implementationguide-page","valueUri":"Observation-HLA-Multilocus-Genotype-Example.html"}],"reference":{"reference":"Observation/HLA-Multilocus-Genotype-Example"},"name":"HLA-Multilocus-Genotype-Example","description":"Multilocus Genotype of HLA-A, HLA-B, HLA-DRB1, and HLA-DRB3","exampleCanonical":"http://fhir.nmdp.org/ig/matchsync/StructureDefinition/hla-genotype","groupingId":"-ex-example"},{"extension":[{"url":"http://hl7.org/fhir/StructureDefinition/implementationguide-page","valueUri":"Observation-MSABOObsExample.html"}],"reference":{"reference":"Observation/MSABOObsExample"},"name":"MSABOObsExample","description":"Example of patient ABO","exampleCanonical":"http://fhir.nmdp.org/ig/matchsync/StructureDefinition/ms-abogroup-observation","groupingId":"-ex-example"},{"extension":[{"url":"http://hl7.org/fhir/StructureDefinition/implementationguide-page","valueUri":"Condition-MSDiagnosisExample-AML.html"}],"reference":{"reference":"Condition/MSDiagnosisExample-AML"},"name":"MSDiagnosisExample-AML","description":"Example of a Diagnois: AML","exampleCanonical":"http://fhir.nmdp.org/ig/matchsync/StructureDefinition/msdiagnosis","groupingId":"-ex-example"},{"extension":[{"url":"http://hl7.org/fhir/StructureDefinition/implementationguide-page","valueUri":"Condition-MSDiagnosisExample-OND.html"}],"reference":{"reference":"Condition/MSDiagnosisExample-OND"},"name":"MSDiagnosisExample-OND","description":"Example of a Diagnois","exampleCanonical":"http://fhir.nmdp.org/ig/matchsync/StructureDefinition/msdiagnosis","groupingId":"-ex-example"},{"extension":[{"url":"http://hl7.org/fhir/StructureDefinition/implementationguide-page","valueUri":"Observation-MSHeightObsExample.html"}],"reference":{"reference":"Observation/MSHeightObsExample"},"name":"MSHeightObsExample","description":"Example of patient height","exampleCanonical":"http://fhir.nmdp.org/ig/matchsync/StructureDefinition/ms-height-observation","groupingId":"-ex-example"},{"extension":[{"url":"http://hl7.org/fhir/StructureDefinition/implementationguide-page","valueUri":"Patient-MSPatientExample.html"}],"reference":{"reference":"Patient/MSPatientExample"},"name":"MSPatientExample","description":"Example of a patient needing a donor using us-core-race and us-core-ethnicity codes.","exampleCanonical":"http://fhir.nmdp.org/ig/matchsync/StructureDefinition/mspatient","groupingId":"-ex-example"},{"extension":[{"url":"http://hl7.org/fhir/StructureDefinition/implementationguide-page","valueUri":"Patient-MSPatientExample2.html"}],"reference":{"reference":"Patient/MSPatientExample2"},"name":"MSPatientExample2","description":"Example of a patient needing a donor using NMDP race code.","exampleCanonical":"http://fhir.nmdp.org/ig/matchsync/StructureDefinition/mspatient","groupingId":"-ex-example"},{"extension":[{"url":"http://hl7.org/fhir/StructureDefinition/implementationguide-page","valueUri":"Patient-MSPatientExample3.html"}],"reference":{"reference":"Patient/MSPatientExample3"},"name":"MSPatientExample3","description":"Example of a patient without a race code","exampleCanonical":"http://fhir.nmdp.org/ig/matchsync/StructureDefinition/mspatient","groupingId":"-ex-example"},{"extension":[{"url":"http://hl7.org/fhir/StructureDefinition/implementationguide-page","valueUri":"Patient-MSPatientExample4.html"}],"reference":{"reference":"Patient/MSPatientExample4"},"name":"MSPatientExample4","description":"Example of a patient needing a donor using us-core-race code but not us-core-ethnicity","exampleCanonical":"http://fhir.nmdp.org/ig/matchsync/StructureDefinition/mspatient","groupingId":"-ex-example"},{"extension":[{"url":"http://hl7.org/fhir/StructureDefinition/implementationguide-page","valueUri":"Patient-MSPatientExample5.html"}],"reference":{"reference":"Patient/MSPatientExample5"},"name":"MSPatientExample5","description":"Example of a patient needing a donor using NMDP race code.","exampleCanonical":"http://fhir.nmdp.org/ig/matchsync/StructureDefinition/mspatient","groupingId":"-ex-example"},{"extension":[{"url":"http://hl7.org/fhir/StructureDefinition/implementationguide-page","valueUri":"Observation-MSPreferredProductExample.html"}],"reference":{"reference":"Observation/MSPreferredProductExample"},"name":"MSPreferredProductExample","description":"Example of preferred product","exampleCanonical":"http://fhir.nmdp.org/ig/matchsync/StructureDefinition/ms-preferred-product-observation","groupingId":"-ex-example"},{"extension":[{"url":"http://hl7.org/fhir/StructureDefinition/implementationguide-page","valueUri":"Observation-MSRhObsExample.html"}],"reference":{"reference":"Observation/MSRhObsExample"},"name":"MSRhObsExample","description":"Example of patient Rh status","exampleCanonical":"http://fhir.nmdp.org/ig/matchsync/StructureDefinition/ms-rhstatus-observation","groupingId":"-ex-example"},{"extension":[{"url":"http://hl7.org/fhir/StructureDefinition/implementationguide-page","valueUri":"Specimen-MSSpecimenExample.html"}],"reference":{"reference":"Specimen/MSSpecimenExample"},"name":"MSSpecimenExample","description":"Example patient specimen.","exampleCanonical":"http://fhir.nmdp.org/ig/matchsync/StructureDefinition/msspecimen","groupingId":"-ex-example"},{"extension":[{"url":"http://hl7.org/fhir/StructureDefinition/implementationguide-page","valueUri":"Observation-MSTransplantTimelineExample.html"}],"reference":{"reference":"Observation/MSTransplantTimelineExample"},"name":"MSTransplantTimelineExample","description":"Example of transplant timeline","exampleCanonical":"http://fhir.nmdp.org/ig/matchsync/StructureDefinition/ms-transplant-timeline-observation","groupingId":"-ex-example"},{"extension":[{"url":"http://hl7.org/fhir/StructureDefinition/implementationguide-page","valueUri":"Observation-MSWeightObsExample.html"}],"reference":{"reference":"Observation/MSWeightObsExample"},"name":"MSWeightObsExample","description":"Example of patient weight","exampleCanonical":"http://fhir.nmdp.org/ig/matchsync/StructureDefinition/ms-weight-observation","groupingId":"-ex-example"},{"extension":[{"url":"http://hl7.org/fhir/StructureDefinition/implementationguide-page","valueUri":"Practitioner-PhysicianExample.html"}],"reference":{"reference":"Practitioner/PhysicianExample"},"name":"PhysicianExample","description":"Example of a practitioner.","exampleCanonical":"http://fhir.nmdp.org/ig/matchsync/StructureDefinition/nmdp-practitioner","groupingId":"-ex-example"},{"extension":[{"url":"http://hl7.org/fhir/StructureDefinition/implementationguide-page","valueUri":"PractitionerRole-ReferringPhysicianRoleExample.html"}],"reference":{"reference":"PractitionerRole/ReferringPhysicianRoleExample"},"name":"ReferringPhysicianRoleExample","description":"Example of Referring Physician Role","exampleCanonical":"http://fhir.nmdp.org/ig/matchsync/StructureDefinition/nmdp-practitioner-role","groupingId":"-ex-example"},{"extension":[{"url":"http://hl7.org/fhir/StructureDefinition/implementationguide-page","valueUri":"Practitioner-SearchCoordinatorExample.html"}],"reference":{"reference":"Practitioner/SearchCoordinatorExample"},"name":"SearchCoordinatorExample","description":"Example of a practitioner.","exampleCanonical":"http://fhir.nmdp.org/ig/matchsync/StructureDefinition/nmdp-practitioner","groupingId":"-ex-example"},{"extension":[{"url":"http://hl7.org/fhir/StructureDefinition/implementationguide-page","valueUri":"PractitionerRole-SearchCoordinatorRoleExample.html"}],"reference":{"reference":"PractitionerRole/SearchCoordinatorRoleExample"},"name":"SearchCoordinatorRoleExample","description":"Example of Transplant Center Coordinotor Role","exampleCanonical":"http://fhir.nmdp.org/ig/matchsync/StructureDefinition/nmdp-practitioner-role","groupingId":"-ex-example"},{"extension":[{"url":"http://hl7.org/fhir/StructureDefinition/implementationguide-page","valueUri":"Organization-TCExample.html"}],"reference":{"reference":"Organization/TCExample"},"name":"TCExample","description":"Example of a Transplant Center.","exampleCanonical":"http://fhir.nmdp.org/ig/matchsync/StructureDefinition/transplantcenter","groupingId":"-ex-example"},{"extension":[{"url":"http://hl7.org/fhir/StructureDefinition/implementationguide-page","valueUri":"PractitionerRole-TCPhysicianRoleExample.html"}],"reference":{"reference":"PractitionerRole/TCPhysicianRoleExample"},"name":"TCPhysicianRoleExample","description":"Example of Transplant Center Physician Role","exampleCanonical":"http://fhir.nmdp.org/ig/matchsync/StructureDefinition/nmdp-practitioner-role","groupingId":"-ex-example"}],"page":{"extension":[{"url":"http://hl7.org/fhir/tools/StructureDefinition/ig-page-name","valueUrl":"toc.html"}],"nameUrl":"toc.html","title":"Table of Contents","generation":"html","page":[{"extension":[{"url":"http://hl7.org/fhir/tools/StructureDefinition/ig-page-name","valueUrl":"index.html"}],"nameUrl":"index.html","title":"Home","generation":"markdown"},{"extension":[{"url":"http://hl7.org/fhir/tools/StructureDefinition/ig-page-name","valueUrl":"extra.html"}],"nameUrl":"extra.html","title":"Extra","generation":"markdown"},{"extension":[{"url":"http://hl7.org/fhir/tools/StructureDefinition/ig-page-name","valueUrl":"artifacts.html"}],"nameUrl":"artifacts.html","title":"Artifacts Summary","generation":"html","page":[{"extension":[{"url":"http://hl7.org/fhir/tools/StructureDefinition/ig-page-name","valueUrl":"StructureDefinition-hla-genotype.html"}],"nameUrl":"StructureDefinition-hla-genotype.html","title":"HLA Genotype Observation","generation":"generated"},{"extension":[{"url":"http://hl7.org/fhir/tools/StructureDefinition/ig-page-name","valueUrl":"StructureDefinition-hla-a.html"}],"nameUrl":"StructureDefinition-hla-a.html","title":"HLA_A","generation":"generated"},{"extension":[{"url":"http://hl7.org/fhir/tools/StructureDefinition/ig-page-name","valueUrl":"StructureDefinition-hla-b.html"}],"nameUrl":"StructureDefinition-hla-b.html","title":"HLA_B","generation":"generated"},{"extension":[{"url":"http://hl7.org/fhir/tools/StructureDefinition/ig-page-name","valueUrl":"StructureDefinition-hla-c.html"}],"nameUrl":"StructureDefinition-hla-c.html","title":"HLA_C","generation":"generated"},{"extension":[{"url":"http://hl7.org/fhir/tools/StructureDefinition/ig-page-name","valueUrl":"StructureDefinition-hla-dpa1.html"}],"nameUrl":"StructureDefinition-hla-dpa1.html","title":"HLA_DPA1","generation":"generated"},{"extension":[{"url":"http://hl7.org/fhir/tools/StructureDefinition/ig-page-name","valueUrl":"StructureDefinition-hla-dpb1.html"}],"nameUrl":"StructureDefinition-hla-dpb1.html","title":"HLA_DPB1","generation":"generated"},{"extension":[{"url":"http://hl7.org/fhir/tools/StructureDefinition/ig-page-name","valueUrl":"StructureDefinition-hla-dqa1.html"}],"nameUrl":"StructureDefinition-hla-dqa1.html","title":"HLA_DQA1","generation":"generated"},{"extension":[{"url":"http://hl7.org/fhir/tools/StructureDefinition/ig-page-name","valueUrl":"StructureDefinition-hla-dqb1.html"}],"nameUrl":"StructureDefinition-hla-dqb1.html","title":"HLA_DQB1","generation":"generated"},{"extension":[{"url":"http://hl7.org/fhir/tools/StructureDefinition/ig-page-name","valueUrl":"StructureDefinition-hla-drb1.html"}],"nameUrl":"StructureDefinition-hla-drb1.html","title":"HLA_DRB1","generation":"generated"},{"extension":[{"url":"http://hl7.org/fhir/tools/StructureDefinition/ig-page-name","valueUrl":"StructureDefinition-hla-drb3.html"}],"nameUrl":"StructureDefinition-hla-drb3.html","title":"HLA_DRB3","generation":"generated"},{"extension":[{"url":"http://hl7.org/fhir/tools/StructureDefinition/ig-page-name","valueUrl":"StructureDefinition-hla-drb4.html"}],"nameUrl":"StructureDefinition-hla-drb4.html","title":"HLA_DRB4","generation":"generated"},{"extension":[{"url":"http://hl7.org/fhir/tools/StructureDefinition/ig-page-name","valueUrl":"StructureDefinition-hla-drb5.html"}],"nameUrl":"StructureDefinition-hla-drb5.html","title":"HLA_DRB5","generation":"generated"},{"extension":[{"url":"http://hl7.org/fhir/tools/StructureDefinition/ig-page-name","valueUrl":"StructureDefinition-ms-abogroup-observation.html"}],"nameUrl":"StructureDefinition-ms-abogroup-observation.html","title":"MSABOGroupObservation","generation":"generated"},{"extension":[{"url":"http://hl7.org/fhir/tools/StructureDefinition/ig-page-name","valueUrl":"StructureDefinition-ms-bundle.html"}],"nameUrl":"StructureDefinition-ms-bundle.html","title":"MatchSync Bundle","generation":"generated"},{"extension":[{"url":"http://hl7.org/fhir/tools/StructureDefinition/ig-page-name","valueUrl":"StructureDefinition-ms-bundle-hla-multilocus.html"}],"nameUrl":"StructureDefinition-ms-bundle-hla-multilocus.html","title":"MatchSync Bundle with single multilocus HLA","generation":"generated"},{"extension":[{"url":"http://hl7.org/fhir/tools/StructureDefinition/ig-page-name","valueUrl":"StructureDefinition-ms-bundle-hla-separate.html"}],"nameUrl":"StructureDefinition-ms-bundle-hla-separate.html","title":"MatchSync Bundle with Separate HLA","generation":"generated"},{"extension":[{"url":"http://hl7.org/fhir/tools/StructureDefinition/ig-page-name","valueUrl":"StructureDefinition-ms-height-observation.html"}],"nameUrl":"StructureDefinition-ms-height-observation.html","title":"MSHeightObservation","generation":"generated"},{"extension":[{"url":"http://hl7.org/fhir/tools/StructureDefinition/ig-page-name","valueUrl":"StructureDefinition-mspatient.html"}],"nameUrl":"StructureDefinition-mspatient.html","title":"MSPatient","generation":"generated"},{"extension":[{"url":"http://hl7.org/fhir/tools/StructureDefinition/ig-page-name","valueUrl":"StructureDefinition-ms-preferred-product-observation.html"}],"nameUrl":"StructureDefinition-ms-preferred-product-observation.html","title":"MSPreferredProduct","generation":"generated"},{"extension":[{"url":"http://hl7.org/fhir/tools/StructureDefinition/ig-page-name","valueUrl":"StructureDefinition-msdiagnosis.html"}],"nameUrl":"StructureDefinition-msdiagnosis.html","title":"MSPrimaryDiagnosis","generation":"generated"},{"extension":[{"url":"http://hl7.org/fhir/tools/StructureDefinition/ig-page-name","valueUrl":"StructureDefinition-ms-rhstatus-observation.html"}],"nameUrl":"StructureDefinition-ms-rhstatus-observation.html","title":"MSRhStatusObservation","generation":"generated"},{"extension":[{"url":"http://hl7.org/fhir/tools/StructureDefinition/ig-page-name","valueUrl":"StructureDefinition-msspecimen.html"}],"nameUrl":"StructureDefinition-msspecimen.html","title":"MSSpecimen","generation":"generated"},{"extension":[{"url":"http://hl7.org/fhir/tools/StructureDefinition/ig-page-name","valueUrl":"StructureDefinition-ms-transplant-timeline-observation.html"}],"nameUrl":"StructureDefinition-ms-transplant-timeline-observation.html","title":"MSTransplantTimeline","generation":"generated"},{"extension":[{"url":"http://hl7.org/fhir/tools/StructureDefinition/ig-page-name","valueUrl":"StructureDefinition-ms-weight-observation.html"}],"nameUrl":"StructureDefinition-ms-weight-observation.html","title":"MSWeightObservation","generation":"generated"},{"extension":[{"url":"http://hl7.org/fhir/tools/StructureDefinition/ig-page-name","valueUrl":"StructureDefinition-nmdp-practitioner.html"}],"nameUrl":"StructureDefinition-nmdp-practitioner.html","title":"NMDPPractitioner","generation":"generated"},{"extension":[{"url":"http://hl7.org/fhir/tools/StructureDefinition/ig-page-name","valueUrl":"StructureDefinition-nmdp-practitioner-role.html"}],"nameUrl":"StructureDefinition-nmdp-practitioner-role.html","title":"NMDPPractitionerRole","generation":"generated"},{"extension":[{"url":"http://hl7.org/fhir/tools/StructureDefinition/ig-page-name","valueUrl":"StructureDefinition-transplantcenter.html"}],"nameUrl":"StructureDefinition-transplantcenter.html","title":"TransplantCenter","generation":"generated"},{"extension":[{"url":"http://hl7.org/fhir/tools/StructureDefinition/ig-page-name","valueUrl":"StructureDefinition-number-of-remissions.html"}],"nameUrl":"StructureDefinition-number-of-remissions.html","title":"Number of Remissions of Primary Diagnosis","generation":"generated"},{"extension":[{"url":"http://hl7.org/fhir/tools/StructureDefinition/ig-page-name","valueUrl":"ValueSet-hla-geneid-valueset.html"}],"nameUrl":"ValueSet-hla-geneid-valueset.html","title":"HLA Gene Name Value Set","generation":"generated"},{"extension":[{"url":"http://hl7.org/fhir/tools/StructureDefinition/ig-page-name","valueUrl":"ValueSet-icd10-gvhd-codes.html"}],"nameUrl":"ValueSet-icd10-gvhd-codes.html","title":"GVHD ICD-10 Codes","generation":"generated"},{"extension":[{"url":"http://hl7.org/fhir/tools/StructureDefinition/ig-page-name","valueUrl":"ValueSet-loinc-abo-codes.html"}],"nameUrl":"ValueSet-loinc-abo-codes.html","title":"LOINC ABO group Value Set","generation":"generated"},{"extension":[{"url":"http://hl7.org/fhir/tools/StructureDefinition/ig-page-name","valueUrl":"ValueSet-ms-abo-group-codes.html"}],"nameUrl":"ValueSet-ms-abo-group-codes.html","title":"MatchSync ABO Group Value Set","generation":"generated"},{"extension":[{"url":"http://hl7.org/fhir/tools/StructureDefinition/ig-page-name","valueUrl":"ValueSet-ms-rh-codes.html"}],"nameUrl":"ValueSet-ms-rh-codes.html","title":"MatchSync Rh Value Sets","generation":"generated"},{"extension":[{"url":"http://hl7.org/fhir/tools/StructureDefinition/ig-page-name","valueUrl":"ValueSet-nmdp-abo-codes.html"}],"nameUrl":"ValueSet-nmdp-abo-codes.html","title":"NMDP Blood Group Value Set","generation":"generated"},{"extension":[{"url":"http://hl7.org/fhir/tools/StructureDefinition/ig-page-name","valueUrl":"ValueSet-nmdp-diseasestage-codes.html"}],"nameUrl":"ValueSet-nmdp-diseasestage-codes.html","title":"NMDP Disease Stage Value Set","generation":"generated"},{"extension":[{"url":"http://hl7.org/fhir/tools/StructureDefinition/ig-page-name","valueUrl":"ValueSet-nmdp-disease-codes.html"}],"nameUrl":"ValueSet-nmdp-disease-codes.html","title":"NMDP Disease Value Set","generation":"generated"},{"extension":[{"url":"http://hl7.org/fhir/tools/StructureDefinition/ig-page-name","valueUrl":"ValueSet-nmdp-ethnicity-codes.html"}],"nameUrl":"ValueSet-nmdp-ethnicity-codes.html","title":"NMDP Ethnicity Value Set","generation":"generated"},{"extension":[{"url":"http://hl7.org/fhir/tools/StructureDefinition/ig-page-name","valueUrl":"ValueSet-nmdp-language-codes.html"}],"nameUrl":"ValueSet-nmdp-language-codes.html","title":"NMDP Language Value Set","generation":"generated"},{"extension":[{"url":"http://hl7.org/fhir/tools/StructureDefinition/ig-page-name","valueUrl":"ValueSet-nmdp-practitioner-role-vs.html"}],"nameUrl":"ValueSet-nmdp-practitioner-role-vs.html","title":"NMDP Practitioner Role Value Set","generation":"generated"},{"extension":[{"url":"http://hl7.org/fhir/tools/StructureDefinition/ig-page-name","valueUrl":"ValueSet-nmdp-preferred-product-codes.html"}],"nameUrl":"ValueSet-nmdp-preferred-product-codes.html","title":"NMDP Preferred Product Value Set","generation":"generated"},{"extension":[{"url":"http://hl7.org/fhir/tools/StructureDefinition/ig-page-name","valueUrl":"ValueSet-nmdp-race-codes.html"}],"nameUrl":"ValueSet-nmdp-race-codes.html","title":"NMDP Race Value Set","generation":"generated"},{"extension":[{"url":"http://hl7.org/fhir/tools/StructureDefinition/ig-page-name","valueUrl":"ValueSet-nmdp-rh-status-codes.html"}],"nameUrl":"ValueSet-nmdp-rh-status-codes.html","title":"NMDP Codes for Rh status","generation":"generated"},{"extension":[{"url":"http://hl7.org/fhir/tools/StructureDefinition/ig-page-name","valueUrl":"ValueSet-nmdp-transplant-timeline-codes.html"}],"nameUrl":"ValueSet-nmdp-transplant-timeline-codes.html","title":"NMDP Transplant Timeline Value Set","generation":"generated"},{"extension":[{"url":"http://hl7.org/fhir/tools/StructureDefinition/ig-page-name","valueUrl":"ValueSet-loinc-posneg-codes.html"}],"nameUrl":"ValueSet-loinc-posneg-codes.html","title":"LOINC Pos|Neg Value Set","generation":"generated"},{"extension":[{"url":"http://hl7.org/fhir/tools/StructureDefinition/ig-page-name","valueUrl":"ValueSet-sct-abo-group-codes.html"}],"nameUrl":"ValueSet-sct-abo-group-codes.html","title":"Snomed CT ABO group Value Set","generation":"generated"},{"extension":[{"url":"http://hl7.org/fhir/tools/StructureDefinition/ig-page-name","valueUrl":"CodeSystem-glstring-codesystem.html"}],"nameUrl":"CodeSystem-glstring-codesystem.html","title":"Genotype List String Code CodeSystem","generation":"generated"},{"extension":[{"url":"http://hl7.org/fhir/tools/StructureDefinition/ig-page-name","valueUrl":"CodeSystem-hla-genename-codesystem.html"}],"nameUrl":"CodeSystem-hla-genename-codesystem.html","title":"HLA HGNC GeneID CodeSystem","generation":"generated"},{"extension":[{"url":"http://hl7.org/fhir/tools/StructureDefinition/ig-page-name","valueUrl":"CodeSystem-nmdp-abo-group-cs.html"}],"nameUrl":"CodeSystem-nmdp-abo-group-cs.html","title":"NMDP Blood Group Code System","generation":"generated"},{"extension":[{"url":"http://hl7.org/fhir/tools/StructureDefinition/ig-page-name","valueUrl":"CodeSystem-nmdp-disease-cs.html"}],"nameUrl":"CodeSystem-nmdp-disease-cs.html","title":"NMDP Disease Code System","generation":"generated"},{"extension":[{"url":"http://hl7.org/fhir/tools/StructureDefinition/ig-page-name","valueUrl":"CodeSystem-nmdp-diseasestage-cs.html"}],"nameUrl":"CodeSystem-nmdp-diseasestage-cs.html","title":"NMDP Disease Stage Code System","generation":"generated"},{"extension":[{"url":"http://hl7.org/fhir/tools/StructureDefinition/ig-page-name","valueUrl":"CodeSystem-nmdp-ethnicity-cs.html"}],"nameUrl":"CodeSystem-nmdp-ethnicity-cs.html","title":"NMDP Ethnicity Code System","generation":"generated"},{"extension":[{"url":"http://hl7.org/fhir/tools/StructureDefinition/ig-page-name","valueUrl":"CodeSystem-nmdp-language-cs.html"}],"nameUrl":"CodeSystem-nmdp-language-cs.html","title":"NMDP Language Code System","generation":"generated"},{"extension":[{"url":"http://hl7.org/fhir/tools/StructureDefinition/ig-page-name","valueUrl":"CodeSystem-nmdp-practitioner-role-cs.html"}],"nameUrl":"CodeSystem-nmdp-practitioner-role-cs.html","title":"NMDP Practitioner Roles","generation":"generated"},{"extension":[{"url":"http://hl7.org/fhir/tools/StructureDefinition/ig-page-name","valueUrl":"CodeSystem-nmdp-preferred-product-cs.html"}],"nameUrl":"CodeSystem-nmdp-preferred-product-cs.html","title":"NMDP Preferred Product for Transplant","generation":"generated"},{"extension":[{"url":"http://hl7.org/fhir/tools/StructureDefinition/ig-page-name","valueUrl":"CodeSystem-nmdp-race-cs.html"}],"nameUrl":"CodeSystem-nmdp-race-cs.html","title":"NMDP Race Code System","generation":"generated"},{"extension":[{"url":"http://hl7.org/fhir/tools/StructureDefinition/ig-page-name","valueUrl":"CodeSystem-nmdp-rh-status-cs.html"}],"nameUrl":"CodeSystem-nmdp-rh-status-cs.html","title":"NMDP Rh Code System","generation":"generated"},{"extension":[{"url":"http://hl7.org/fhir/tools/StructureDefinition/ig-page-name","valueUrl":"CodeSystem-nmdp-transplant-timeline-cs.html"}],"nameUrl":"CodeSystem-nmdp-transplant-timeline-cs.html","title":"NMDP Transplant Timeline Code System","generation":"generated"},{"extension":[{"url":"http://hl7.org/fhir/tools/StructureDefinition/ig-page-name","valueUrl":"Bundle-BundleExample-Practitioner.html"}],"nameUrl":"Bundle-BundleExample-Practitioner.html","title":"MatchSync Bundle Example - Practioners","generation":"generated"},{"extension":[{"url":"http://hl7.org/fhir/tools/StructureDefinition/ig-page-name","valueUrl":"Observation-HLA-A-Example.html"}],"nameUrl":"Observation-HLA-A-Example.html","title":"HLA-A-Example","generation":"generated"},{"extension":[{"url":"http://hl7.org/fhir/tools/StructureDefinition/ig-page-name","valueUrl":"Observation-HLA-B-Example.html"}],"nameUrl":"Observation-HLA-B-Example.html","title":"HLA-B-Example","generation":"generated"},{"extension":[{"url":"http://hl7.org/fhir/tools/StructureDefinition/ig-page-name","valueUrl":"Observation-HLA-C-Example.html"}],"nameUrl":"Observation-HLA-C-Example.html","title":"HLA-C-Example","generation":"generated"},{"extension":[{"url":"http://hl7.org/fhir/tools/StructureDefinition/ig-page-name","valueUrl":"Observation-HLA-DPA1-Example.html"}],"nameUrl":"Observation-HLA-DPA1-Example.html","title":"HLA-DPA1-Example","generation":"generated"},{"extension":[{"url":"http://hl7.org/fhir/tools/StructureDefinition/ig-page-name","valueUrl":"Observation-HLA-DPB1-Example.html"}],"nameUrl":"Observation-HLA-DPB1-Example.html","title":"HLA-DPB1-Example","generation":"generated"},{"extension":[{"url":"http://hl7.org/fhir/tools/StructureDefinition/ig-page-name","valueUrl":"Observation-HLA-DQA1-Example.html"}],"nameUrl":"Observation-HLA-DQA1-Example.html","title":"HLA-DQA1-Example","generation":"generated"},{"extension":[{"url":"http://hl7.org/fhir/tools/StructureDefinition/ig-page-name","valueUrl":"Observation-HLA-DQB1-Example.html"}],"nameUrl":"Observation-HLA-DQB1-Example.html","title":"HLA-DQB1-Example","generation":"generated"},{"extension":[{"url":"http://hl7.org/fhir/tools/StructureDefinition/ig-page-name","valueUrl":"Observation-HLA-DRB1-Example.html"}],"nameUrl":"Observation-HLA-DRB1-Example.html","title":"HLA-DRB1-Example","generation":"generated"},{"extension":[{"url":"http://hl7.org/fhir/tools/StructureDefinition/ig-page-name","valueUrl":"Observation-HLA-DRB3-Example.html"}],"nameUrl":"Observation-HLA-DRB3-Example.html","title":"HLA-DRB3-Example","generation":"generated"},{"extension":[{"url":"http://hl7.org/fhir/tools/StructureDefinition/ig-page-name","valueUrl":"Observation-HLA-DRB4-Example.html"}],"nameUrl":"Observation-HLA-DRB4-Example.html","title":"HLA-DRB4-Example","generation":"generated"},{"extension":[{"url":"http://hl7.org/fhir/tools/StructureDefinition/ig-page-name","valueUrl":"Observation-HLA-DRB5-Example.html"}],"nameUrl":"Observation-HLA-DRB5-Example.html","title":"HLA-DRB5-Example","generation":"generated"},{"extension":[{"url":"http://hl7.org/fhir/tools/StructureDefinition/ig-page-name","valueUrl":"Observation-HLA-Multilocus-Genotype-Example.html"}],"nameUrl":"Observation-HLA-Multilocus-Genotype-Example.html","title":"HLA-Multilocus-Genotype-Example","generation":"generated"},{"extension":[{"url":"http://hl7.org/fhir/tools/StructureDefinition/ig-page-name","valueUrl":"Observation-MSABOObsExample.html"}],"nameUrl":"Observation-MSABOObsExample.html","title":"MSABOObsExample","generation":"generated"},{"extension":[{"url":"http://hl7.org/fhir/tools/StructureDefinition/ig-page-name","valueUrl":"Condition-MSDiagnosisExample-AML.html"}],"nameUrl":"Condition-MSDiagnosisExample-AML.html","title":"MSDiagnosisExample-AML","generation":"generated"},{"extension":[{"url":"http://hl7.org/fhir/tools/StructureDefinition/ig-page-name","valueUrl":"Condition-MSDiagnosisExample-OND.html"}],"nameUrl":"Condition-MSDiagnosisExample-OND.html","title":"MSDiagnosisExample-OND","generation":"generated"},{"extension":[{"url":"http://hl7.org/fhir/tools/StructureDefinition/ig-page-name","valueUrl":"Observation-MSHeightObsExample.html"}],"nameUrl":"Observation-MSHeightObsExample.html","title":"MSHeightObsExample","generation":"generated"},{"extension":[{"url":"http://hl7.org/fhir/tools/StructureDefinition/ig-page-name","valueUrl":"Patient-MSPatientExample.html"}],"nameUrl":"Patient-MSPatientExample.html","title":"MSPatientExample","generation":"generated"},{"extension":[{"url":"http://hl7.org/fhir/tools/StructureDefinition/ig-page-name","valueUrl":"Patient-MSPatientExample2.html"}],"nameUrl":"Patient-MSPatientExample2.html","title":"MSPatientExample2","generation":"generated"},{"extension":[{"url":"http://hl7.org/fhir/tools/StructureDefinition/ig-page-name","valueUrl":"Patient-MSPatientExample3.html"}],"nameUrl":"Patient-MSPatientExample3.html","title":"MSPatientExample3","generation":"generated"},{"extension":[{"url":"http://hl7.org/fhir/tools/StructureDefinition/ig-page-name","valueUrl":"Patient-MSPatientExample4.html"}],"nameUrl":"Patient-MSPatientExample4.html","title":"MSPatientExample4","generation":"generated"},{"extension":[{"url":"http://hl7.org/fhir/tools/StructureDefinition/ig-page-name","valueUrl":"Patient-MSPatientExample5.html"}],"nameUrl":"Patient-MSPatientExample5.html","title":"MSPatientExample5","generation":"generated"},{"extension":[{"url":"http://hl7.org/fhir/tools/StructureDefinition/ig-page-name","valueUrl":"Observation-MSPreferredProductExample.html"}],"nameUrl":"Observation-MSPreferredProductExample.html","title":"MSPreferredProductExample","generation":"generated"},{"extension":[{"url":"http://hl7.org/fhir/tools/StructureDefinition/ig-page-name","valueUrl":"Observation-MSRhObsExample.html"}],"nameUrl":"Observation-MSRhObsExample.html","title":"MSRhObsExample","generation":"generated"},{"extension":[{"url":"http://hl7.org/fhir/tools/StructureDefinition/ig-page-name","valueUrl":"Specimen-MSSpecimenExample.html"}],"nameUrl":"Specimen-MSSpecimenExample.html","title":"MSSpecimenExample","generation":"generated"},{"extension":[{"url":"http://hl7.org/fhir/tools/StructureDefinition/ig-page-name","valueUrl":"Observation-MSTransplantTimelineExample.html"}],"nameUrl":"Observation-MSTransplantTimelineExample.html","title":"MSTransplantTimelineExample","generation":"generated"},{"extension":[{"url":"http://hl7.org/fhir/tools/StructureDefinition/ig-page-name","valueUrl":"Observation-MSWeightObsExample.html"}],"nameUrl":"Observation-MSWeightObsExample.html","title":"MSWeightObsExample","generation":"generated"},{"extension":[{"url":"http://hl7.org/fhir/tools/StructureDefinition/ig-page-name","valueUrl":"Practitioner-PhysicianExample.html"}],"nameUrl":"Practitioner-PhysicianExample.html","title":"PhysicianExample","generation":"generated"},{"extension":[{"url":"http://hl7.org/fhir/tools/StructureDefinition/ig-page-name","valueUrl":"PractitionerRole-ReferringPhysicianRoleExample.html"}],"nameUrl":"PractitionerRole-ReferringPhysicianRoleExample.html","title":"ReferringPhysicianRoleExample","generation":"generated"},{"extension":[{"url":"http://hl7.org/fhir/tools/StructureDefinition/ig-page-name","valueUrl":"Practitioner-SearchCoordinatorExample.html"}],"nameUrl":"Practitioner-SearchCoordinatorExample.html","title":"SearchCoordinatorExample","generation":"generated"},{"extension":[{"url":"http://hl7.org/fhir/tools/StructureDefinition/ig-page-name","valueUrl":"PractitionerRole-SearchCoordinatorRoleExample.html"}],"nameUrl":"PractitionerRole-SearchCoordinatorRoleExample.html","title":"SearchCoordinatorRoleExample","generation":"generated"},{"extension":[{"url":"http://hl7.org/fhir/tools/StructureDefinition/ig-page-name","valueUrl":"Organization-TCExample.html"}],"nameUrl":"Organization-TCExample.html","title":"TCExample","generation":"generated"},{"extension":[{"url":"http://hl7.org/fhir/tools/StructureDefinition/ig-page-name","valueUrl":"PractitionerRole-TCPhysicianRoleExample.html"}],"nameUrl":"PractitionerRole-TCPhysicianRoleExample.html","title":"TCPhysicianRoleExample","generation":"generated"}]}]},"parameter":[{"code":"path-resource","value":"input/capabilities"},{"code":"path-resource","value":"input/examples"},{"code":"path-resource","value":"input/extensions"},{"code":"path-resource","value":"input/models"},{"code":"path-resource","value":"input/operations"},{"code":"path-resource","value":"input/profiles"},{"code":"path-resource","value":"input/resources"},{"code":"path-resource","value":"input/vocabulary"},{"code":"path-resource","value":"input/maps"},{"code":"path-resource","value":"input/testing"},{"code":"path-resource","value":"input/history"},{"code":"path-resource","value":"fsh-generated/resources"},{"code":"path-pages","value":"template/config"},{"code":"path-pages","value":"input/images"},{"code":"path-tx-cache","value":"input-cache/txcache"}]}}