{"resourceType":"ValueSet","id":"nmdp-abo-codes","text":{"status":"generated","div":"<div xmlns=\"http://www.w3.org/1999/xhtml\"><ul><li>Include all codes defined in <a href=\"CodeSystem-nmdp-abo-group-cs.html\"><code>http://terminology.nmdp.org/codesystem/abogroup</code></a></li></ul></div>"},"url":"http://fhir.nmdp.org/ig/matchsource/ValueSet/nmdp-abo-codes","version":"0.1.0","name":"NMDPABOVS","title":"NMDP Blood Group Value Set","status":"active","date":"2022-12-01T09:35:21-06:00","publisher":"NMDP","contact":[{"name":"NMDP","telecom":[{"system":"url","value":"http://bethematch.org"}]}],"description":"NMDP blood group codes","compose":{"include":[{"system":"http://terminology.nmdp.org/codesystem/abogroup"}]}}