{"resourceType":"ValueSet","id":"nmdp-diseasestage-codes","text":{"status":"generated","div":"<div xmlns=\"http://www.w3.org/1999/xhtml\"><ul><li>Include all codes defined in <a href=\"CodeSystem-nmdp-diseasestage-cs.html\"><code>http://terminology.nmdp.org/codesystem/diseasestage</code></a></li></ul></div>"},"url":"http://fhir.nmdp.org/ig/matchsync/ValueSet/nmdp-diseasestage-codes","version":"0.1.0","name":"NMDPDiseasStageVS","title":"NMDP Disease Stage Value Set","status":"active","experimental":true,"date":"2023-02-16T14:43:10-06:00","publisher":"NMDP","contact":[{"name":"NMDP","telecom":[{"system":"url","value":"http://bethematch.org"}]}],"description":"NMDP disease stage codes","compose":{"include":[{"system":"http://terminology.nmdp.org/codesystem/diseasestage"}]}}