{"resourceType":"ValueSet","id":"nmdp-preferred-product-codes","text":{"status":"generated","div":"<div xmlns=\"http://www.w3.org/1999/xhtml\"><ul><li>Include all codes defined in <a href=\"CodeSystem-nmdp-preferred-product-cs.html\"><code>http://terminology.nmdp.org/codesystem/preferredproduct</code></a></li></ul></div>"},"url":"http://fhir.nmdp.org/ig/matchsource/ValueSet/nmdp-preferred-product-codes","version":"0.1.0","name":"NMDPPreferredProductVS","title":"NMDP Preferred Product Value Set","status":"active","date":"2022-07-28T10:15:20-05:00","publisher":"NMDP","contact":[{"name":"NMDP","telecom":[{"system":"url","value":"http://bethematch.org"}]}],"description":"NMDP preferred product codes","compose":{"include":[{"system":"http://terminology.nmdp.org/codesystem/preferredproduct"}]}}