{"resourceType":"ValueSet","id":"ms-rh-codes","text":{"status":"generated","div":"<div xmlns=\"http://www.w3.org/1999/xhtml\"><p>This value set includes codes based on the following rules:</p><ul><li>Import all the codes that are contained in <a href=\"ValueSet-nmdp-rh-status-codes.html\">http://fhir.nmdp.org/ig/matchsource/ValueSet/nmdp-rh-status-codes</a></li><li>Import all the codes that are contained in <a href=\"ValueSet-loinc-posneg-codes.html\">http://loinc.org/vs/LL360-9</a></li></ul></div>"},"url":"http://fhir.nmdp.org/ig/matchsource/ValueSet/ms-rh-codes","version":"0.1.0","name":"MSRhVS","title":"Matchsource Rh Value Sets","status":"active","date":"2022-06-30T15:55:55-05:00","publisher":"NMDP","contact":[{"name":"NMDP","telecom":[{"system":"url","value":"http://bethematch.org"}]}],"description":"MatchSource codes for blood Rh. Combines NMDP and LOINC code","compose":{"include":[{"valueSet":["http://fhir.nmdp.org/ig/matchsource/ValueSet/nmdp-rh-status-codes"]},{"valueSet":["http://loinc.org/vs/LL360-9"]}]}}