<?xml version="1.0" encoding="UTF-8"?><ImplementationGuide xmlns="http://hl7.org/fhir"><id value="matchsource"/><text><status value="extensions"/><div xmlns="http://www.w3.org/1999/xhtml"><h2>MatchSourceIG</h2><p>The official URL for this implementation guide is: </p><pre>http://fhir.nmdp.org/ig/matchsource/ImplementationGuide/matchsource</pre></div></text><url value="http://fhir.nmdp.org/ig/matchsource/ImplementationGuide/matchsource"/><version value="0.1.0"/><name value="MatchSourceIG"/><status value="draft"/><date value="2022-05-26T09:36:20-05:00"/><publisher value="NMDP"/><contact><name value="NMDP"/><telecom><system value="url"/><value value="http://bethematch.org"/></telecom></contact><packageId value="matchsource"/><license value="CC0-1.0"/><fhirVersion value="4.0.1"/><dependsOn id="hl7tx"><uri value="http://terminology.hl7.org/ImplementationGuide/hl7.terminology"/><packageId value="hl7.terminology.r4"/><version value="3.1.0"/></dependsOn><dependsOn id="hl7_fhir_us_core"><uri value="http://hl7.org/fhir/us/core/ImplementationGuide/hl7.fhir.us.core"/><packageId value="hl7.fhir.us.core"/><version value="4.0.0"/></dependsOn><dependsOn id="mcode"><uri value="http://hl7.org/fhir/us/mcode"/><packageId value="hl7.fhir.us.mcode"/><version value="2.0.0"/></dependsOn><definition><extension url="http://hl7.org/fhir/tools/StructureDefinition/ig-parameter"><extension url="code"><valueString value="copyrightyear"/></extension><extension url="value"><valueString value="2022+"/></extension></extension><extension url="http://hl7.org/fhir/tools/StructureDefinition/ig-parameter"><extension url="code"><valueString value="releaselabel"/></extension><extension url="value"><valueString value="ci-build"/></extension></extension><extension url="http://hl7.org/fhir/tools/StructureDefinition/ig-parameter"><extension url="code"><valueString value="path-liquid"/></extension><extension url="value"><valueString value="template/liquid"/></extension></extension><extension url="http://hl7.org/fhir/tools/StructureDefinition/ig-parameter"><extension url="code"><valueString value="path-liquid"/></extension><extension url="value"><valueString value="input/liquid"/></extension></extension><extension url="http://hl7.org/fhir/tools/StructureDefinition/ig-parameter"><extension url="code"><valueString value="path-qa"/></extension><extension url="value"><valueString value="temp/qa"/></extension></extension><extension url="http://hl7.org/fhir/tools/StructureDefinition/ig-parameter"><extension url="code"><valueString value="path-temp"/></extension><extension url="value"><valueString value="temp/pages"/></extension></extension><extension url="http://hl7.org/fhir/tools/StructureDefinition/ig-parameter"><extension url="code"><valueString value="path-output"/></extension><extension url="value"><valueString value="output"/></extension></extension><extension url="http://hl7.org/fhir/tools/StructureDefinition/ig-parameter"><extension url="code"><valueString value="path-suppressed-warnings"/></extension><extension url="value"><valueString value="input/ignoreWarnings.txt"/></extension></extension><extension url="http://hl7.org/fhir/tools/StructureDefinition/ig-parameter"><extension url="code"><valueString value="path-history"/></extension><extension url="value"><valueString value="http://fhir.nmdp.org/ig/matchsource/history.html"/></extension></extension><extension url="http://hl7.org/fhir/tools/StructureDefinition/ig-parameter"><extension url="code"><valueString value="template-html"/></extension><extension url="value"><valueString value="template-page.html"/></extension></extension><extension url="http://hl7.org/fhir/tools/StructureDefinition/ig-parameter"><extension url="code"><valueString value="template-md"/></extension><extension url="value"><valueString value="template-page-md.html"/></extension></extension><extension url="http://hl7.org/fhir/tools/StructureDefinition/ig-parameter"><extension url="code"><valueString value="apply-contact"/></extension><extension url="value"><valueString value="true"/></extension></extension><extension url="http://hl7.org/fhir/tools/StructureDefinition/ig-parameter"><extension url="code"><valueString value="apply-context"/></extension><extension url="value"><valueString value="true"/></extension></extension><extension url="http://hl7.org/fhir/tools/StructureDefinition/ig-parameter"><extension url="code"><valueString value="apply-copyright"/></extension><extension url="value"><valueString value="true"/></extension></extension><extension url="http://hl7.org/fhir/tools/StructureDefinition/ig-parameter"><extension url="code"><valueString value="apply-jurisdiction"/></extension><extension url="value"><valueString value="true"/></extension></extension><extension url="http://hl7.org/fhir/tools/StructureDefinition/ig-parameter"><extension url="code"><valueString value="apply-license"/></extension><extension url="value"><valueString value="true"/></extension></extension><extension url="http://hl7.org/fhir/tools/StructureDefinition/ig-parameter"><extension url="code"><valueString value="apply-publisher"/></extension><extension url="value"><valueString value="true"/></extension></extension><extension url="http://hl7.org/fhir/tools/StructureDefinition/ig-parameter"><extension url="code"><valueString value="apply-version"/></extension><extension url="value"><valueString value="true"/></extension></extension><extension url="http://hl7.org/fhir/tools/StructureDefinition/ig-parameter"><extension url="code"><valueString value="active-tables"/></extension><extension url="value"><valueString value="true"/></extension></extension><extension url="http://hl7.org/fhir/tools/StructureDefinition/ig-parameter"><extension url="code"><valueString value="fmm-definition"/></extension><extension url="value"><valueString value="http://hl7.org/fhir/versions.html#maturity"/></extension></extension><extension url="http://hl7.org/fhir/tools/StructureDefinition/ig-parameter"><extension url="code"><valueString value="propagate-status"/></extension><extension url="value"><valueString value="true"/></extension></extension><extension url="http://hl7.org/fhir/tools/StructureDefinition/ig-parameter"><extension url="code"><valueString value="excludelogbinaryformat"/></extension><extension url="value"><valueString value="true"/></extension></extension><grouping id="-str-profile"><name value="Structures: Resource Profiles"/><description value="These define constraints on FHIR resources for systems conforming to this implementation guide"/></grouping><grouping id="-str-extension"><name value="Structures: Extension Definitions"/><description value="These define constraints on FHIR data types for systems conforming to this implementation guide"/></grouping><grouping id="-term-valueset"><name value="Terminology: Value Sets"/><description value="These define sets of codes used by systems conforming to this implementation guide"/></grouping><grouping id="-term-codesystem"><name value="Terminology: Code Systems"/><description value="These define new code systems used by systems conforming to this implementation guide"/></grouping><grouping id="-ex-example"><name value="Example: Example Instances"/><description value="These are example instances that show what data produced and consumed by systems conforming with this implementation guide might look like"/></grouping><resource><extension url="http://hl7.org/fhir/StructureDefinition/implementationguide-page"><valueUri value="StructureDefinition-ms-abogroup-observation.html"/></extension><reference><reference value="StructureDefinition/ms-abogroup-observation"/></reference><name value="MSABOGroupObservation"/><description value="ABO Blood Group of Patient"/><exampleBoolean value="false"/><groupingId value="-str-profile"/></resource><resource><extension url="http://hl7.org/fhir/StructureDefinition/implementationguide-page"><valueUri value="StructureDefinition-msdiagnosis.html"/></extension><reference><reference value="StructureDefinition/msdiagnosis"/></reference><name value="MSDiagnosis"/><description value="Diagnosis"/><exampleBoolean value="false"/><groupingId value="-str-profile"/></resource><resource><extension url="http://hl7.org/fhir/StructureDefinition/implementationguide-page"><valueUri value="StructureDefinition-ms-height-observation.html"/></extension><reference><reference value="StructureDefinition/ms-height-observation"/></reference><name value="MSHeightObservation"/><description value="Height of Patient"/><exampleBoolean value="false"/><groupingId value="-str-profile"/></resource><resource><extension url="http://hl7.org/fhir/StructureDefinition/implementationguide-page"><valueUri value="StructureDefinition-mspatient.html"/></extension><reference><reference value="StructureDefinition/mspatient"/></reference><name value="MSPatient"/><description value="Patient needing a transplant"/><exampleBoolean value="false"/><groupingId value="-str-profile"/></resource><resource><extension url="http://hl7.org/fhir/StructureDefinition/implementationguide-page"><valueUri value="StructureDefinition-ms-rhstatus-observation.html"/></extension><reference><reference value="StructureDefinition/ms-rhstatus-observation"/></reference><name value="MSRhStatusObservation"/><description value="Rh status of Patient"/><exampleBoolean value="false"/><groupingId value="-str-profile"/></resource><resource><extension url="http://hl7.org/fhir/StructureDefinition/implementationguide-page"><valueUri value="StructureDefinition-msspecimen.html"/></extension><reference><reference value="StructureDefinition/msspecimen"/></reference><name value="MSSpecimen"/><description value="Patient Sample"/><exampleBoolean value="false"/><groupingId value="-str-profile"/></resource><resource><extension url="http://hl7.org/fhir/StructureDefinition/implementationguide-page"><valueUri value="StructureDefinition-ms-weight-observation.html"/></extension><reference><reference value="StructureDefinition/ms-weight-observation"/></reference><name value="MSWeightObservation"/><description value="Weight of Patient"/><exampleBoolean value="false"/><groupingId value="-str-profile"/></resource><resource><extension url="http://hl7.org/fhir/StructureDefinition/implementationguide-page"><valueUri value="StructureDefinition-transplantcenter.html"/></extension><reference><reference value="StructureDefinition/transplantcenter"/></reference><name value="TransplantCenter"/><description value="Transplant Center"/><exampleBoolean value="false"/><groupingId value="-str-profile"/></resource><resource><extension url="http://hl7.org/fhir/StructureDefinition/implementationguide-page"><valueUri value="StructureDefinition-transplantcentercoordinator.html"/></extension><reference><reference value="StructureDefinition/transplantcentercoordinator"/></reference><name value="TransplantCenterCoordinator"/><description value="Transplant Center Coordinator"/><exampleBoolean value="false"/><groupingId value="-str-profile"/></resource><resource><extension url="http://hl7.org/fhir/StructureDefinition/implementationguide-page"><valueUri value="StructureDefinition-nmdp-race.html"/></extension><reference><reference value="StructureDefinition/nmdp-race"/></reference><name value="NMDP Race Code Extension"/><description value="Extension to use NMDP Race Codes"/><exampleBoolean value="false"/><groupingId value="-str-extension"/></resource><resource><extension url="http://hl7.org/fhir/StructureDefinition/implementationguide-page"><valueUri value="ValueSet-loinc-abo-codes.html"/></extension><reference><reference value="ValueSet/loinc-abo-codes"/></reference><name value="LOINC ABO group"/><description value="LOINC codes for ABO Blood Group"/><exampleBoolean value="false"/><groupingId value="-term-valueset"/></resource><resource><extension url="http://hl7.org/fhir/StructureDefinition/implementationguide-page"><valueUri value="ValueSet-ms-abo-group-codes.html"/></extension><reference><reference value="ValueSet/ms-abo-group-codes"/></reference><name value="ABO Group Codes for MatchSource"/><description value="ABO Group Codes for MatchSource. Combines LOINC and NMDP codes"/><exampleBoolean value="false"/><groupingId value="-term-valueset"/></resource><resource><extension url="http://hl7.org/fhir/StructureDefinition/implementationguide-page"><valueUri value="ValueSet-nmdp-abo-codes.html"/></extension><reference><reference value="ValueSet/nmdp-abo-codes"/></reference><name value="NMDP Codes for Blood Group"/><description value="NMDP Codes for Blood Group"/><exampleBoolean value="false"/><groupingId value="-term-valueset"/></resource><resource><extension url="http://hl7.org/fhir/StructureDefinition/implementationguide-page"><valueUri value="ValueSet-nmdp-diseasestage-codes.html"/></extension><reference><reference value="ValueSet/nmdp-diseasestage-codes"/></reference><name value="NMDP Disease Stage Code Value Set"/><description value="NMDP Disease Stage Codes"/><exampleBoolean value="false"/><groupingId value="-term-valueset"/></resource><resource><extension url="http://hl7.org/fhir/StructureDefinition/implementationguide-page"><valueUri value="ValueSet-nmdp-disease-codes.html"/></extension><reference><reference value="ValueSet/nmdp-disease-codes"/></reference><name value="NMDP Disease Code Value Set"/><description value="NMDP Disease Codes"/><exampleBoolean value="false"/><groupingId value="-term-valueset"/></resource><resource><extension url="http://hl7.org/fhir/StructureDefinition/implementationguide-page"><valueUri value="ValueSet-nmdp-language-codes.html"/></extension><reference><reference value="ValueSet/nmdp-language-codes"/></reference><name value="NMDP Language Code Value Set"/><description value="NMDP Language Codes"/><exampleBoolean value="false"/><groupingId value="-term-valueset"/></resource><resource><extension url="http://hl7.org/fhir/StructureDefinition/implementationguide-page"><valueUri value="ValueSet-nmdp-race-codes.html"/></extension><reference><reference value="ValueSet/nmdp-race-codes"/></reference><name value="NMDP Race Code Value Set"/><description value="NMDP Race Codes"/><exampleBoolean value="false"/><groupingId value="-term-valueset"/></resource><resource><extension url="http://hl7.org/fhir/StructureDefinition/implementationguide-page"><valueUri value="ValueSet-nmdp-rh-status-codes.html"/></extension><reference><reference value="ValueSet/nmdp-rh-status-codes"/></reference><name value="NMDP Codes for Rh status"/><description value="NMDP Codes for Rh staus"/><exampleBoolean value="false"/><groupingId value="-term-valueset"/></resource><resource><extension url="http://hl7.org/fhir/StructureDefinition/implementationguide-page"><valueUri value="ValueSet-loinc-PosNeg-codes.html"/></extension><reference><reference value="ValueSet/loinc-PosNeg-codes"/></reference><name value="Pos|Neg"/><description value="LOINC codes for Positive and Negative"/><exampleBoolean value="false"/><groupingId value="-term-valueset"/></resource><resource><extension url="http://hl7.org/fhir/StructureDefinition/implementationguide-page"><valueUri value="ValueSet-sct-abo-group.html"/></extension><reference><reference value="ValueSet/sct-abo-group"/></reference><name value="Snomed CT ABO group"/><exampleBoolean value="false"/><groupingId value="-term-valueset"/></resource><resource><extension url="http://hl7.org/fhir/StructureDefinition/implementationguide-page"><valueUri value="CodeSystem-nmdp-abo-group-cs.html"/></extension><reference><reference value="CodeSystem/nmdp-abo-group-cs"/></reference><name value="NMDP Blood Group Code System"/><description value="NMDP Code System of Blood Group"/><exampleBoolean value="false"/><groupingId value="-term-codesystem"/></resource><resource><extension url="http://hl7.org/fhir/StructureDefinition/implementationguide-page"><valueUri value="CodeSystem-nmdp-disease-cs.html"/></extension><reference><reference value="CodeSystem/nmdp-disease-cs"/></reference><name value="NMDP Disease Code System"/><description value="CodeSystem of NMDP Diseases"/><exampleBoolean value="false"/><groupingId value="-term-codesystem"/></resource><resource><extension url="http://hl7.org/fhir/StructureDefinition/implementationguide-page"><valueUri value="CodeSystem-nmdp-diseasestage-cs.html"/></extension><reference><reference value="CodeSystem/nmdp-diseasestage-cs"/></reference><name value="NMDP Disease Stage Code System"/><description value="CodeSystem of NMDP disease stages"/><exampleBoolean value="false"/><groupingId value="-term-codesystem"/></resource><resource><extension url="http://hl7.org/fhir/StructureDefinition/implementationguide-page"><valueUri value="CodeSystem-nmdp-language-cs.html"/></extension><reference><reference value="CodeSystem/nmdp-language-cs"/></reference><name value="NMDP Language Code System"/><description value="CodeSystem of NMDP languages"/><exampleBoolean value="false"/><groupingId value="-term-codesystem"/></resource><resource><extension url="http://hl7.org/fhir/StructureDefinition/implementationguide-page"><valueUri value="CodeSystem-nmdp-race-cs.html"/></extension><reference><reference value="CodeSystem/nmdp-race-cs"/></reference><name value="NMDP Race Code System"/><description value="CodeSystem of NMDP Diseases"/><exampleBoolean value="false"/><groupingId value="-term-codesystem"/></resource><resource><extension url="http://hl7.org/fhir/StructureDefinition/implementationguide-page"><valueUri value="CodeSystem-nmdp-rh-status-cs.html"/></extension><reference><reference value="CodeSystem/nmdp-rh-status-cs"/></reference><name value="NMDP Rh Code System"/><description value="NMDP Code System for Rh Status"/><exampleBoolean value="false"/><groupingId value="-term-codesystem"/></resource><resource><extension url="http://hl7.org/fhir/StructureDefinition/implementationguide-page"><valueUri value="Practitioner-CoordinatorExample.html"/></extension><reference><reference value="Practitioner/CoordinatorExample"/></reference><name value="CoordinatorExample"/><description value="An example of a Transplant Center Coordinator."/><exampleCanonical value="http://fhir.nmdp.org/ig/matchsource/StructureDefinition/transplantcentercoordinator"/><groupingId value="-ex-example"/></resource><resource><extension url="http://hl7.org/fhir/StructureDefinition/implementationguide-page"><valueUri value="Observation-MSABOObsExample.html"/></extension><reference><reference value="Observation/MSABOObsExample"/></reference><name value="MSABOObsExample"/><description value="Example of patient ABO"/><exampleCanonical value="http://fhir.nmdp.org/ig/matchsource/StructureDefinition/ms-abogroup-observation"/><groupingId value="-ex-example"/></resource><resource><extension url="http://hl7.org/fhir/StructureDefinition/implementationguide-page"><valueUri value="Condition-MSDiagnosisExample.html"/></extension><reference><reference value="Condition/MSDiagnosisExample"/></reference><name value="MSDiagnosisExample"/><description value="Example of a Diagnois"/><exampleCanonical value="http://fhir.nmdp.org/ig/matchsource/StructureDefinition/msdiagnosis"/><groupingId value="-ex-example"/></resource><resource><extension url="http://hl7.org/fhir/StructureDefinition/implementationguide-page"><valueUri value="Observation-MSHeightObsExample.html"/></extension><reference><reference value="Observation/MSHeightObsExample"/></reference><name value="MSHeightObsExample"/><description value="Example of patient height"/><exampleCanonical value="http://fhir.nmdp.org/ig/matchsource/StructureDefinition/ms-height-observation"/><groupingId value="-ex-example"/></resource><resource><extension url="http://hl7.org/fhir/StructureDefinition/implementationguide-page"><valueUri value="Patient-MSPatientExample.html"/></extension><reference><reference value="Patient/MSPatientExample"/></reference><name value="MSPatientExample"/><description value="An example of a patient needing a donor using us-core-race code."/><exampleCanonical value="http://fhir.nmdp.org/ig/matchsource/StructureDefinition/mspatient"/><groupingId value="-ex-example"/></resource><resource><extension url="http://hl7.org/fhir/StructureDefinition/implementationguide-page"><valueUri value="Patient-MSPatientExample2.html"/></extension><reference><reference value="Patient/MSPatientExample2"/></reference><name value="MSPatientExample2"/><description value="An example of a patient needing a donor using NMDP race code."/><exampleCanonical value="http://fhir.nmdp.org/ig/matchsource/StructureDefinition/mspatient"/><groupingId value="-ex-example"/></resource><resource><extension url="http://hl7.org/fhir/StructureDefinition/implementationguide-page"><valueUri value="Patient-MSPatientExample3.html"/></extension><reference><reference value="Patient/MSPatientExample3"/></reference><name value="MSPatientExample3"/><description value="An example of a patient without a race code - this should generate an error."/><exampleCanonical value="http://fhir.nmdp.org/ig/matchsource/StructureDefinition/mspatient"/><groupingId value="-ex-example"/></resource><resource><extension url="http://hl7.org/fhir/StructureDefinition/implementationguide-page"><valueUri value="Patient-MSPatientExample4.html"/></extension><reference><reference value="Patient/MSPatientExample4"/></reference><name value="MSPatientExample4"/><description value="An example of a patient needing a donor using us-core-race code but not us-core-ethnicity - this should generate an error"/><exampleCanonical value="http://fhir.nmdp.org/ig/matchsource/StructureDefinition/mspatient"/><groupingId value="-ex-example"/></resource><resource><extension url="http://hl7.org/fhir/StructureDefinition/implementationguide-page"><valueUri value="Specimen-MSSpecimenExample.html"/></extension><reference><reference value="Specimen/MSSpecimenExample"/></reference><name value="MSSpecimenExample"/><description value="An example patient specimen."/><exampleCanonical value="http://fhir.nmdp.org/ig/matchsource/StructureDefinition/msspecimen"/><groupingId value="-ex-example"/></resource><resource><extension url="http://hl7.org/fhir/StructureDefinition/implementationguide-page"><valueUri value="Observation-MSWeightObsExample.html"/></extension><reference><reference value="Observation/MSWeightObsExample"/></reference><name value="MSWeightObsExample"/><description value="Example of patient weight"/><exampleCanonical value="http://fhir.nmdp.org/ig/matchsource/StructureDefinition/ms-weight-observation"/><groupingId value="-ex-example"/></resource><resource><extension url="http://hl7.org/fhir/StructureDefinition/implementationguide-page"><valueUri value="Organization-TCExample.html"/></extension><reference><reference value="Organization/TCExample"/></reference><name value="TCExample"/><description value="An example of a Transplant Center."/><exampleCanonical value="http://fhir.nmdp.org/ig/matchsource/StructureDefinition/transplantcenter"/><groupingId value="-ex-example"/></resource><page><nameUrl value="toc.html"/><title value="Table of Contents"/><generation value="html"/><page><nameUrl value="index.html"/><title value="Home"/><generation value="markdown"/></page><page><nameUrl value="artifacts.html"/><title value="Artifacts Summary"/><generation value="html"/><page><nameUrl value="StructureDefinition-ms-abogroup-observation.html"/><title value="MSABOGroupObservation"/><generation value="generated"/></page><page><nameUrl value="StructureDefinition-msdiagnosis.html"/><title value="MSDiagnosis"/><generation value="generated"/></page><page><nameUrl value="StructureDefinition-ms-height-observation.html"/><title value="MSHeightObservation"/><generation value="generated"/></page><page><nameUrl value="StructureDefinition-mspatient.html"/><title value="MSPatient"/><generation value="generated"/></page><page><nameUrl value="StructureDefinition-ms-rhstatus-observation.html"/><title value="MSRhStatusObservation"/><generation value="generated"/></page><page><nameUrl value="StructureDefinition-msspecimen.html"/><title value="MSSpecimen"/><generation value="generated"/></page><page><nameUrl value="StructureDefinition-ms-weight-observation.html"/><title value="MSWeightObservation"/><generation value="generated"/></page><page><nameUrl value="StructureDefinition-transplantcenter.html"/><title value="TransplantCenter"/><generation value="generated"/></page><page><nameUrl value="StructureDefinition-transplantcentercoordinator.html"/><title value="TransplantCenterCoordinator"/><generation value="generated"/></page><page><nameUrl value="StructureDefinition-nmdp-race.html"/><title value="NMDP Race Code Extension"/><generation value="generated"/></page><page><nameUrl value="ValueSet-loinc-abo-codes.html"/><title value="LOINC ABO group"/><generation value="generated"/></page><page><nameUrl value="ValueSet-ms-abo-group-codes.html"/><title value="ABO Group Codes for MatchSource"/><generation value="generated"/></page><page><nameUrl value="ValueSet-nmdp-abo-codes.html"/><title value="NMDP Codes for Blood Group"/><generation value="generated"/></page><page><nameUrl value="ValueSet-nmdp-diseasestage-codes.html"/><title value="NMDP Disease Stage Code Value Set"/><generation value="generated"/></page><page><nameUrl value="ValueSet-nmdp-disease-codes.html"/><title value="NMDP Disease Code Value Set"/><generation value="generated"/></page><page><nameUrl value="ValueSet-nmdp-language-codes.html"/><title value="NMDP Language Code Value Set"/><generation value="generated"/></page><page><nameUrl value="ValueSet-nmdp-race-codes.html"/><title value="NMDP Race Code Value Set"/><generation value="generated"/></page><page><nameUrl value="ValueSet-nmdp-rh-status-codes.html"/><title value="NMDP Codes for Rh status"/><generation value="generated"/></page><page><nameUrl value="ValueSet-loinc-PosNeg-codes.html"/><title value="Pos|Neg"/><generation value="generated"/></page><page><nameUrl value="ValueSet-sct-abo-group.html"/><title value="Snomed CT ABO group"/><generation value="generated"/></page><page><nameUrl value="CodeSystem-nmdp-abo-group-cs.html"/><title value="NMDP Blood Group Code System"/><generation value="generated"/></page><page><nameUrl value="CodeSystem-nmdp-disease-cs.html"/><title value="NMDP Disease Code System"/><generation value="generated"/></page><page><nameUrl value="CodeSystem-nmdp-diseasestage-cs.html"/><title value="NMDP Disease Stage Code System"/><generation value="generated"/></page><page><nameUrl value="CodeSystem-nmdp-language-cs.html"/><title value="NMDP Language Code System"/><generation value="generated"/></page><page><nameUrl value="CodeSystem-nmdp-race-cs.html"/><title value="NMDP Race Code System"/><generation value="generated"/></page><page><nameUrl value="CodeSystem-nmdp-rh-status-cs.html"/><title value="NMDP Rh Code System"/><generation value="generated"/></page><page><nameUrl value="Practitioner-CoordinatorExample.html"/><title value="CoordinatorExample"/><generation value="generated"/></page><page><nameUrl value="Observation-MSABOObsExample.html"/><title value="MSABOObsExample"/><generation value="generated"/></page><page><nameUrl value="Condition-MSDiagnosisExample.html"/><title value="MSDiagnosisExample"/><generation value="generated"/></page><page><nameUrl value="Observation-MSHeightObsExample.html"/><title value="MSHeightObsExample"/><generation value="generated"/></page><page><nameUrl value="Patient-MSPatientExample.html"/><title value="MSPatientExample"/><generation value="generated"/></page><page><nameUrl value="Patient-MSPatientExample2.html"/><title value="MSPatientExample2"/><generation value="generated"/></page><page><nameUrl value="Patient-MSPatientExample3.html"/><title value="MSPatientExample3"/><generation value="generated"/></page><page><nameUrl value="Patient-MSPatientExample4.html"/><title value="MSPatientExample4"/><generation value="generated"/></page><page><nameUrl value="Specimen-MSSpecimenExample.html"/><title value="MSSpecimenExample"/><generation value="generated"/></page><page><nameUrl value="Observation-MSWeightObsExample.html"/><title value="MSWeightObsExample"/><generation value="generated"/></page><page><nameUrl value="Organization-TCExample.html"/><title value="TCExample"/><generation value="generated"/></page></page></page><parameter><code value="path-resource"/><value value="input/capabilities"/></parameter><parameter><code value="path-resource"/><value value="input/examples"/></parameter><parameter><code value="path-resource"/><value value="input/extensions"/></parameter><parameter><code value="path-resource"/><value value="input/models"/></parameter><parameter><code value="path-resource"/><value value="input/operations"/></parameter><parameter><code value="path-resource"/><value value="input/profiles"/></parameter><parameter><code value="path-resource"/><value value="input/resources"/></parameter><parameter><code value="path-resource"/><value value="input/vocabulary"/></parameter><parameter><code value="path-resource"/><value value="input/maps"/></parameter><parameter><code value="path-resource"/><value value="input/testing"/></parameter><parameter><code value="path-resource"/><value value="input/history"/></parameter><parameter><code value="path-resource"/><value value="fsh-generated/resources"/></parameter><parameter><code value="path-pages"/><value value="template/config"/></parameter><parameter><code value="path-pages"/><value value="input/images"/></parameter><parameter><code value="path-tx-cache"/><value value="input-cache/txcache"/></parameter></definition></ImplementationGuide>