<?xml version="1.0" encoding="UTF-8"?><CodeSystem xmlns="http://hl7.org/fhir"><id value="nmdp-preferred-product-cs"/><text><status value="generated"/><div xmlns="http://www.w3.org/1999/xhtml"><p class="res-header-id"><b>Generated Narrative: CodeSystem nmdp-preferred-product-cs</b></p><a name="nmdp-preferred-product-cs"> </a><a name="hcnmdp-preferred-product-cs"> </a><a name="nmdp-preferred-product-cs-en-US"> </a><p>This case-sensitive code system <code>http://terminology.nmdp.org/codesystem/preferredproduct</code> defines the following codes:</p><table class="codes"><tr><td style="white-space:nowrap"><b>Code</b></td><td><b>Display</b></td></tr><tr><td style="white-space:nowrap">PBSC<a name="nmdp-preferred-product-cs-PBSC"> </a></td><td>HPC, Apheresis</td></tr><tr><td style="white-space:nowrap">Marrow<a name="nmdp-preferred-product-cs-Marrow"> </a></td><td>HPC, Marrow</td></tr><tr><td style="white-space:nowrap">CBU<a name="nmdp-preferred-product-cs-CBU"> </a></td><td>HPC, Cord Blood</td></tr><tr><td style="white-space:nowrap">NP<a name="nmdp-preferred-product-cs-NP"> </a></td><td>No preference</td></tr><tr><td style="white-space:nowrap">U<a name="nmdp-preferred-product-cs-U"> </a></td><td>Unknown</td></tr></table></div></text><url value="http://terminology.nmdp.org/codesystem/preferredproduct"/><version value="0.1.2"/><name value="NMDPPreferredProductCS"/><title value="CodeSystem - Preferred Product - NMDP"/><status value="active"/><experimental value="true"/><date value="2025-04-16T10:30:36-05:00"/><publisher value="NMDP"/><contact><name value="NMDP"/><telecom><system value="url"/><value value="http://bethematch.org"/></telecom></contact><description value="NMDP Preferred Product for MatchSync patient"/><copyright value="National Marrow Donor Program"/><caseSensitive value="true"/><content value="complete"/><count value="5"/><concept><code value="PBSC"/><display value="HPC, Apheresis"/><designation><use><system value="http://terminology.hl7.org/CodeSystem/designation-usage"/><code value="display"/></use><value value="HPC, Apheresis"/></designation><designation><use><system value="http://terminology.hl7.org/CodeSystem/designation-usage"/><code value="display"/></use><value value="HPC, Apheresis"/></designation></concept><concept><code value="Marrow"/><display value="HPC, Marrow"/><designation><use><system value="http://terminology.hl7.org/CodeSystem/designation-usage"/><code value="display"/></use><value value="HPC, Marrow"/></designation><designation><use><system value="http://terminology.hl7.org/CodeSystem/designation-usage"/><code value="display"/></use><value value="HPC, Marrow"/></designation></concept><concept><code value="CBU"/><display value="HPC, Cord Blood"/><designation><use><system value="http://terminology.hl7.org/CodeSystem/designation-usage"/><code value="display"/></use><value value="HPC, Cord Blood"/></designation><designation><use><system value="http://terminology.hl7.org/CodeSystem/designation-usage"/><code value="display"/></use><value value="HPC, Cord Blood"/></designation></concept><concept><code value="NP"/><display value="No preference"/><designation><use><system value="http://terminology.hl7.org/CodeSystem/designation-usage"/><code value="display"/></use><value value="No preference"/></designation><designation><use><system value="http://terminology.hl7.org/CodeSystem/designation-usage"/><code value="display"/></use><value value="No preference"/></designation></concept><concept><code value="U"/><display value="Unknown"/><designation><use><system value="http://terminology.hl7.org/CodeSystem/designation-usage"/><code value="display"/></use><value value="Unknown"/></designation><designation><use><system value="http://terminology.hl7.org/CodeSystem/designation-usage"/><code value="display"/></use><value value="Unknown"/></designation></concept></CodeSystem>