<?xml version="1.0" encoding="UTF-8"?><CodeSystem xmlns="http://hl7.org/fhir"><id value="nmdp-practitioner-role-cs"/><text><status value="generated"/><div xmlns="http://www.w3.org/1999/xhtml"><p class="res-header-id"><b>Generated Narrative: CodeSystem nmdp-practitioner-role-cs</b></p><a name="nmdp-practitioner-role-cs"> </a><a name="hcnmdp-practitioner-role-cs"> </a><a name="nmdp-practitioner-role-cs-en-US"> </a><p>This case-sensitive code system <code>http://terminology.nmdp.org/codesystem/practitionerrole</code> defines the following codes:</p><table class="codes"><tr><td style="white-space:nowrap"><b>Code</b></td><td><b>Display</b></td></tr><tr><td style="white-space:nowrap">referringphysician<a name="nmdp-practitioner-role-cs-referringphysician"> </a></td><td>Referring Physician</td></tr><tr><td style="white-space:nowrap">tcphysician<a name="nmdp-practitioner-role-cs-tcphysician"> </a></td><td>Transplant Center Physician</td></tr><tr><td style="white-space:nowrap">searchcoordinator<a name="nmdp-practitioner-role-cs-searchcoordinator"> </a></td><td>Search Coordinator</td></tr></table></div></text><url value="http://terminology.nmdp.org/codesystem/practitionerrole"/><version value="0.1.2"/><name value="NMDPPractitionerRoleCS"/><title value="NMDP Practitioner Roles"/><status value="active"/><experimental value="true"/><date value="2025-04-16T10:30:36-05:00"/><publisher value="NMDP"/><contact><name value="NMDP"/><telecom><system value="url"/><value value="http://bethematch.org"/></telecom></contact><description value="NMDP Practitioner Roles"/><copyright value="National Marrow Donor Program"/><caseSensitive value="true"/><compositional value="true"/><content value="complete"/><count value="3"/><concept><code value="referringphysician"/><display value="Referring Physician"/><designation><use><system value="http://terminology.hl7.org/CodeSystem/designation-usage"/><code value="display"/></use><value value="Referring Physician"/></designation></concept><concept><code value="tcphysician"/><display value="Transplant Center Physician"/><designation><use><system value="http://terminology.hl7.org/CodeSystem/designation-usage"/><code value="display"/></use><value value="Transplant Center Physician"/></designation></concept><concept><code value="searchcoordinator"/><display value="Search Coordinator"/><designation><use><system value="http://terminology.hl7.org/CodeSystem/designation-usage"/><code value="display"/></use><value value="Search Coordinator"/></designation></concept></CodeSystem>