<?xml version="1.0" encoding="UTF-8"?>

<Organization xmlns="http://hl7.org/fhir">
  <id value="TCExample"/>
  <meta>
    <profile value="http://fhir.nmdp.org/ig/matchsync/StructureDefinition/transplantcenter"/>
    <security>
      <system value="http://terminology.nmdp.org/codesystem/transplant-center"/>
      <code value="tc_123"/>
    </security>
  </meta>
  <text>
    <status value="generated"/><div xmlns="http://www.w3.org/1999/xhtml"><p class="res-header-id"><b>Generated Narrative: Organization TCExample</b></p><a name="TCExample"> </a><a name="hcTCExample"> </a><a name="TCExample-en-US"> </a><p><b>identifier</b>: <code>http://terminology.nmdp.org/identifier/transplantcenter</code>/000</p><p><b>name</b>: My Transplant Center</p></div>
  </text>
  <identifier>
    <system value="http://terminology.nmdp.org/identifier/transplantcenter"/>
    <value value="000"/>
  </identifier>
  <name value="My Transplant Center"/>
</Organization>