<?xml version="1.0" encoding="UTF-8"?>

<Patient xmlns="http://hl7.org/fhir">
  <id value="MSPatientBirthSex"/>
  <meta>
    <profile value="http://fhir.nmdp.org/ig/matchsync/StructureDefinition/mspatient"/>
    <security>
      <system value="http://terminology.nmdp.org/codesystem/transplant-center"/>
      <code value="tc_123"/>
    </security>
  </meta>
  <text>
    <status value="generated"/><div xmlns="http://www.w3.org/1999/xhtml"><p class="res-header-id"><b>Generated Narrative: Patient MSPatientBirthSex</b></p><a name="MSPatientBirthSex"> </a><a name="hcMSPatientBirthSex"> </a><a name="MSPatientBirthSex-en-US"> </a><p style="border: 1px #661aff solid; background-color: #e6e6ff; padding: 10px;">Jane Everyperson  Female, DoB: 1974-12-25 ( http://example.org/mrn#123)</p><hr/><table class="grid"><tr><td style="background-color: #f3f5da" title="Ways to contact the Patient">Contact Detail</td><td colspan="3"><ul><li>ph: 1-612-555-1234</li><li>123 Main St Minneapolis MN 55401 USA </li></ul></td></tr><tr><td style="background-color: #f3f5da" title="Concepts classifying the person into a named category of humans sharing common history, traits, geographical origin or nationality.  The ethnicity codes used to represent these concepts are based upon the [CDC ethnicity and Ethnicity Code Set Version 1.0](http://www.cdc.gov/phin/resources/vocabulary/index.html) which includes over 900 concepts for representing race and ethnicity of which 43 reference ethnicity.  The ethnicity concepts are grouped by and pre-mapped to the 2 OMB ethnicity categories: - Hispanic or Latino - Not Hispanic or Latino.">US Core Ethnicity Extension:</td><td colspan="3"><ul><li>ombCategory: <a href="http://hl7.org/fhir/us/core/STU4/CodeSystem-cdcrec.html#cdcrec-2186-5">Race &amp; Ethnicity - CDC 2186-5</a>: Not Hispanic or Latino</li><li>text: Not Hispanic or Latino</li></ul></td></tr><tr><td style="background-color: #f3f5da" title="A code classifying the person's sex assigned at birth  as specified by the [Office of the National Coordinator for Health IT (ONC)](https://www.healthit.gov/newsroom/about-onc). This extension aligns with the C-CDA Birth Sex Observation (LOINC 76689-9)."><a href="http://hl7.org/fhir/us/core/STU4/StructureDefinition-us-core-birthsex.html">US Core Birth Sex Extension</a></td><td colspan="3">F</td></tr><tr><td style="background-color: #f3f5da" title="Concepts classifying the person into a named category of humans sharing common history, traits, geographical origin or nationality.  The race codes used to represent these concepts are based upon the [CDC Race and Ethnicity Code Set Version 1.0](http://www.cdc.gov/phin/resources/vocabulary/index.html) which includes over 900 concepts for representing race and ethnicity of which 921 reference race.  The race concepts are grouped by and pre-mapped to the 5 OMB race categories:

 - American Indian or Alaska Native
 - Asian
 - Black or African American
 - Native Hawaiian or Other Pacific Islander
 - White.">US Core Race Extension:</td><td colspan="3"><ul><li>ombCategory: <a href="http://hl7.org/fhir/us/core/STU4/CodeSystem-cdcrec.html#cdcrec-2106-3">Race &amp; Ethnicity - CDC 2106-3</a>: White</li><li>text: White</li></ul></td></tr></table></div>
  </text>
  <extension url="http://hl7.org/fhir/us/core/StructureDefinition/us-core-race">
    <extension url="ombCategory">
      <valueCoding>
        <system value="urn:oid:2.16.840.1.113883.6.238"/>
        <code value="2106-3"/>
        <display value="White"/>
      </valueCoding>
    </extension>
    <extension url="text">
      <valueString value="White"/>
    </extension>
  </extension>
  <extension url="http://hl7.org/fhir/us/core/StructureDefinition/us-core-ethnicity">
    <extension url="ombCategory">
      <valueCoding>
        <system value="urn:oid:2.16.840.1.113883.6.238"/>
        <code value="2186-5"/>
        <display value="Not Hispanic or Latino"/>
      </valueCoding>
    </extension>
    <extension url="text">
      <valueString value="Not Hispanic or Latino"/>
    </extension>
  </extension>
  <extension url="http://hl7.org/fhir/us/core/StructureDefinition/us-core-birthsex">
    <valueCode value="F"/>
  </extension>
  <identifier>
    <system value="http://example.org/mrn"/>
    <value value="123"/>
  </identifier>
  <name>
    <family value="Everyperson"/>
    <given value="Jane"/>
  </name>
  <telecom>
    <system value="phone"/>
    <value value="1-612-555-1234"/>
  </telecom>
  <gender value="female"/>
  <birthDate value="1974-12-25"/>
  <address>
    <line value="123 Main St"/>
    <city value="Minneapolis"/>
    <state value="MN"/>
    <postalCode value="55401"/>
    <country value="USA"/>
  </address>
</Patient>