<?xml version="1.0" encoding="UTF-8"?>

<PractitionerRole xmlns="http://hl7.org/fhir">
  <id value="SearchCoordinatorRoleExample"/>
  <meta>
    <profile value="http://fhir.nmdp.org/ig/matchsync/StructureDefinition/nmdp-practitioner-role"/>
    <security>
      <system value="http://terminology.nmdp.org/codesystem/transplant-center"/>
      <code value="tc_123"/>
    </security>
  </meta>
  <text>
    <status value="generated"/><div xmlns="http://www.w3.org/1999/xhtml"><p><b>Generated Narrative: PractitionerRole</b><a name="SearchCoordinatorRoleExample"> </a></p><div style="display: inline-block; background-color: #d9e0e7; padding: 6px; margin: 4px; border: 1px solid #8da1b4; border-radius: 5px; line-height: 60%"><p style="margin-bottom: 0px">Resource PractitionerRole &quot;SearchCoordinatorRoleExample&quot; </p><p style="margin-bottom: 0px">Profile: <a href="StructureDefinition-nmdp-practitioner-role.html">NMDPPractitionerRole</a></p><p style="margin-bottom: 0px">Security Labels: <span title="{http://terminology.nmdp.org/codesystem/transplant-center http://terminology.nmdp.org/codesystem/transplant-center}">http://terminology.nmdp.org/codesystem/transplant-center</span></p></div><p><b>practitioner</b>: <a href="Practitioner-SearchCoordinatorExample.html">Practitioner/SearchCoordinatorExample</a> &quot; SIMPSON&quot;</p><p><b>code</b>: Search Coordinator <span style="background: LightGoldenRodYellow; margin: 4px; border: 1px solid khaki"> (<a href="CodeSystem-nmdp-practitioner-role-cs.html">NMDP Practitioner Roles</a>#searchcoordinator)</span></p></div>
  </text>
  <practitioner>
    <reference value="Practitioner/SearchCoordinatorExample"/>
  </practitioner>
  <code>
    <coding>
      <system value="http://terminology.nmdp.org/codesystem/practitionerrole"/>
      <code value="searchcoordinator"/>
      <display value="Search Coordinator"/>
    </coding>
  </code>
</PractitionerRole>