<?xml version="1.0" encoding="UTF-8"?>

<Bundle xmlns="http://hl7.org/fhir">
  <id value="BundleExample-Practitioner"/>
  <meta>
    <profile value="http://fhir.nmdp.org/ig/matchsync/StructureDefinition/ms-bundle"/>
    <security>
      <system value="http://terminology.nmdp.org/codesystem/transplant-center"/>
      <code value="tc_123"/>
    </security>
  </meta>
  <type value="collection"/>
  <timestamp value="2020-11-24T23:50:50-05:00"/>
  <entry>
    <fullUrl value="urn:uuid:3f7d88b1-3e39-4f52-bb9c-5d680b7166b3"/>
    <resource>
      <Patient>
        <id value="3f7d88b1-3e39-4f52-bb9c-5d680b7166b3"/>
        <meta>
          <profile value="http://fhir.nmdp.org/ig/matchsync/StructureDefinition/mspatient"/>
          <security>
            <system value="http://terminology.nmdp.org/codesystem/transplant-center"/>
            <code value="tc_123"/>
          </security>
        </meta>
        <text>
          <status value="extensions"/><div xmlns="http://www.w3.org/1999/xhtml"><a name="Patient_3f7d88b1-3e39-4f52-bb9c-5d680b7166b3"> </a><p><b>Generated Narrative: Patient</b><a name="3f7d88b1-3e39-4f52-bb9c-5d680b7166b3"> </a><a name="hc3f7d88b1-3e39-4f52-bb9c-5d680b7166b3"> </a></p><div style="display: inline-block; background-color: #d9e0e7; padding: 6px; margin: 4px; border: 1px solid #8da1b4; border-radius: 5px; line-height: 60%"><p style="margin-bottom: 0px">Resource Patient &quot;3f7d88b1-3e39-4f52-bb9c-5d680b7166b3&quot; </p><p style="margin-bottom: 0px">Profile: <a href="StructureDefinition-mspatient.html">MSPatient</a></p><p style="margin-bottom: 0px">Security Labels: <span title="{http://terminology.nmdp.org/codesystem/transplant-center http://terminology.nmdp.org/codesystem/transplant-center}">http://terminology.nmdp.org/codesystem/transplant-center</span></p></div><blockquote><p><b>US Core Race Extension</b></p><blockquote><p><b>url</b></p><code>ombCategory</code></blockquote><p><b>value</b>: White (Details: urn:oid:2.16.840.1.113883.6.238 code 2106-3 = 'White', stated as 'White')</p><blockquote><p><b>url</b></p><code>text</code></blockquote><p><b>value</b>: White</p></blockquote><blockquote><p><b>US Core Ethnicity Extension</b></p><blockquote><p><b>url</b></p><code>ombCategory</code></blockquote><p><b>value</b>: Not Hispanic or Latino (Details: urn:oid:2.16.840.1.113883.6.238 code 2186-5 = 'Not Hispanic or Latino', stated as 'Not Hispanic or Latino')</p><blockquote><p><b>url</b></p><code>text</code></blockquote><p><b>value</b>: Not Hispanic or Latino</p></blockquote><p><b>identifier</b>: <code>http://example.org/mrn</code>/123</p><p><b>name</b>: Jane Everyperson </p><p><b>telecom</b>: ph: 1-612-555-1234</p><p><b>gender</b>: female</p><p><b>birthDate</b>: 1974-12-25</p><p><b>address</b>: 123 Main St Minneapolis MN 55401 USA </p><p><b>generalPractitioner</b>: </p><ul><li>See on this page: urn:uuid:f1942bac-b8b3-45a1-b1d0-6928326d03ce: Referring Physician</li><li>See on this page: urn:uuid:8fd0ef20-d146-4fff-b2a8-1d607adf9802: TC Physician</li><li>See on this page: urn:uuid:ad78058a-c0fe-4ea0-bc86-d2f3770a1944: Search Coordinator</li></ul></div>
        </text>
        <extension url="http://hl7.org/fhir/us/core/StructureDefinition/us-core-race">
          <extension url="ombCategory">
            <valueCoding>
              <system value="urn:oid:2.16.840.1.113883.6.238"/>
              <code value="2106-3"/>
              <display value="White"/>
            </valueCoding>
          </extension>
          <extension url="text">
            <valueString value="White"/>
          </extension>
        </extension>
        <extension url="http://hl7.org/fhir/us/core/StructureDefinition/us-core-ethnicity">
          <extension url="ombCategory">
            <valueCoding>
              <system value="urn:oid:2.16.840.1.113883.6.238"/>
              <code value="2186-5"/>
              <display value="Not Hispanic or Latino"/>
            </valueCoding>
          </extension>
          <extension url="text">
            <valueString value="Not Hispanic or Latino"/>
          </extension>
        </extension>
        <identifier>
          <system value="http://example.org/mrn"/>
          <value value="123"/>
        </identifier>
        <name>
          <family value="Everyperson"/>
          <given value="Jane"/>
        </name>
        <telecom>
          <system value="phone"/>
          <value value="1-612-555-1234"/>
        </telecom>
        <gender value="female"/>
        <birthDate value="1974-12-25"/>
        <address>
          <line value="123 Main St"/>
          <city value="Minneapolis"/>
          <state value="MN"/>
          <postalCode value="55401"/>
          <country value="USA"/>
        </address>
        <generalPractitioner>
          <reference value="urn:uuid:f1942bac-b8b3-45a1-b1d0-6928326d03ce"/>
          <display value="Referring Physician"/>
        </generalPractitioner>
        <generalPractitioner>
          <reference value="urn:uuid:8fd0ef20-d146-4fff-b2a8-1d607adf9802"/>
          <display value="TC Physician"/>
        </generalPractitioner>
        <generalPractitioner>
          <reference value="urn:uuid:ad78058a-c0fe-4ea0-bc86-d2f3770a1944"/>
          <display value="Search Coordinator"/>
        </generalPractitioner>
      </Patient>
    </resource>
  </entry>
  <entry>
    <fullUrl value="urn:uuid:ad78058a-c0fe-4ea0-bc86-d2f3770a1944"/>
    <resource>
      <PractitionerRole>
        <id value="ad78058a-c0fe-4ea0-bc86-d2f3770a1944"/>
        <meta>
          <profile value="http://fhir.nmdp.org/ig/matchsync/StructureDefinition/nmdp-practitioner-role"/>
          <security>
            <system value="http://terminology.nmdp.org/codesystem/transplant-center"/>
            <code value="tc_123"/>
          </security>
        </meta>
        <text>
          <status value="generated"/><div xmlns="http://www.w3.org/1999/xhtml"><a name="PractitionerRole_ad78058a-c0fe-4ea0-bc86-d2f3770a1944"> </a><p><b>Generated Narrative: PractitionerRole</b><a name="ad78058a-c0fe-4ea0-bc86-d2f3770a1944"> </a><a name="hcad78058a-c0fe-4ea0-bc86-d2f3770a1944"> </a></p><div style="display: inline-block; background-color: #d9e0e7; padding: 6px; margin: 4px; border: 1px solid #8da1b4; border-radius: 5px; line-height: 60%"><p style="margin-bottom: 0px">Resource PractitionerRole &quot;ad78058a-c0fe-4ea0-bc86-d2f3770a1944&quot; </p><p style="margin-bottom: 0px">Profile: <a href="StructureDefinition-nmdp-practitioner-role.html">NMDPPractitionerRole</a></p><p style="margin-bottom: 0px">Security Labels: <span title="{http://terminology.nmdp.org/codesystem/transplant-center http://terminology.nmdp.org/codesystem/transplant-center}">http://terminology.nmdp.org/codesystem/transplant-center</span></p></div><p><b>practitioner</b>: See on this page: urn:uuid:fe6acf5d-ed53-4758-8d38-10d915c984af: Bart Simpson</p><p><b>code</b>: Search Coordinator <span style="background: LightGoldenRodYellow; margin: 4px; border: 1px solid khaki"> (<a href="CodeSystem-nmdp-practitioner-role-cs.html">NMDP Practitioner Roles</a>#searchcoordinator)</span></p></div>
        </text>
        <practitioner>
          <reference value="urn:uuid:fe6acf5d-ed53-4758-8d38-10d915c984af"/>
          <display value="Bart Simpson"/>
        </practitioner>
        <code>
          <coding>
            <system value="http://terminology.nmdp.org/codesystem/practitionerrole"/>
            <code value="searchcoordinator"/>
            <display value="Search Coordinator"/>
          </coding>
        </code>
      </PractitionerRole>
    </resource>
  </entry>
  <entry>
    <fullUrl value="urn:uuid:8fd0ef20-d146-4fff-b2a8-1d607adf9802"/>
    <resource>
      <PractitionerRole>
        <id value="8fd0ef20-d146-4fff-b2a8-1d607adf9802"/>
        <meta>
          <profile value="http://fhir.nmdp.org/ig/matchsync/StructureDefinition/nmdp-practitioner-role"/>
          <security>
            <system value="http://terminology.nmdp.org/codesystem/transplant-center"/>
            <code value="tc_123"/>
          </security>
        </meta>
        <text>
          <status value="generated"/><div xmlns="http://www.w3.org/1999/xhtml"><a name="PractitionerRole_8fd0ef20-d146-4fff-b2a8-1d607adf9802"> </a><p><b>Generated Narrative: PractitionerRole</b><a name="8fd0ef20-d146-4fff-b2a8-1d607adf9802"> </a><a name="hc8fd0ef20-d146-4fff-b2a8-1d607adf9802"> </a></p><div style="display: inline-block; background-color: #d9e0e7; padding: 6px; margin: 4px; border: 1px solid #8da1b4; border-radius: 5px; line-height: 60%"><p style="margin-bottom: 0px">Resource PractitionerRole &quot;8fd0ef20-d146-4fff-b2a8-1d607adf9802&quot; </p><p style="margin-bottom: 0px">Profile: <a href="StructureDefinition-nmdp-practitioner-role.html">NMDPPractitionerRole</a></p><p style="margin-bottom: 0px">Security Labels: <span title="{http://terminology.nmdp.org/codesystem/transplant-center http://terminology.nmdp.org/codesystem/transplant-center}">http://terminology.nmdp.org/codesystem/transplant-center</span></p></div><p><b>practitioner</b>: See on this page: urn:uuid:26b2e265-9a7a-4e5e-b99d-bb301e8a3bfa: Lisa Simpson</p><p><b>code</b>: Transplant Center Physician <span style="background: LightGoldenRodYellow; margin: 4px; border: 1px solid khaki"> (<a href="CodeSystem-nmdp-practitioner-role-cs.html">NMDP Practitioner Roles</a>#tcphysician)</span></p></div>
        </text>
        <practitioner>
          <reference value="urn:uuid:26b2e265-9a7a-4e5e-b99d-bb301e8a3bfa"/>
          <display value="Lisa Simpson"/>
        </practitioner>
        <code>
          <coding>
            <system value="http://terminology.nmdp.org/codesystem/practitionerrole"/>
            <code value="tcphysician"/>
            <display value="Transplant Center Physician"/>
          </coding>
        </code>
      </PractitionerRole>
    </resource>
  </entry>
  <entry>
    <fullUrl value="urn:uuid:f1942bac-b8b3-45a1-b1d0-6928326d03ce"/>
    <resource>
      <PractitionerRole>
        <id value="f1942bac-b8b3-45a1-b1d0-6928326d03ce"/>
        <meta>
          <profile value="http://fhir.nmdp.org/ig/matchsync/StructureDefinition/nmdp-practitioner-role"/>
          <security>
            <system value="http://terminology.nmdp.org/codesystem/transplant-center"/>
            <code value="tc_123"/>
          </security>
        </meta>
        <text>
          <status value="generated"/><div xmlns="http://www.w3.org/1999/xhtml"><a name="PractitionerRole_f1942bac-b8b3-45a1-b1d0-6928326d03ce"> </a><p><b>Generated Narrative: PractitionerRole</b><a name="f1942bac-b8b3-45a1-b1d0-6928326d03ce"> </a><a name="hcf1942bac-b8b3-45a1-b1d0-6928326d03ce"> </a></p><div style="display: inline-block; background-color: #d9e0e7; padding: 6px; margin: 4px; border: 1px solid #8da1b4; border-radius: 5px; line-height: 60%"><p style="margin-bottom: 0px">Resource PractitionerRole &quot;f1942bac-b8b3-45a1-b1d0-6928326d03ce&quot; </p><p style="margin-bottom: 0px">Profile: <a href="StructureDefinition-nmdp-practitioner-role.html">NMDPPractitionerRole</a></p><p style="margin-bottom: 0px">Security Labels: <span title="{http://terminology.nmdp.org/codesystem/transplant-center http://terminology.nmdp.org/codesystem/transplant-center}">http://terminology.nmdp.org/codesystem/transplant-center</span></p></div><p><b>practitioner</b>: See on this page: urn:uuid:26b2e265-9a7a-4e5e-b99d-bb301e8a3bfa: Lisa Simpson</p><p><b>code</b>: Referring Physician <span style="background: LightGoldenRodYellow; margin: 4px; border: 1px solid khaki"> (<a href="CodeSystem-nmdp-practitioner-role-cs.html">NMDP Practitioner Roles</a>#referringphysician)</span></p></div>
        </text>
        <practitioner>
          <reference value="urn:uuid:26b2e265-9a7a-4e5e-b99d-bb301e8a3bfa"/>
          <display value="Lisa Simpson"/>
        </practitioner>
        <code>
          <coding>
            <system value="http://terminology.nmdp.org/codesystem/practitionerrole"/>
            <code value="referringphysician"/>
            <display value="Referring Physician"/>
          </coding>
        </code>
      </PractitionerRole>
    </resource>
  </entry>
  <entry>
    <fullUrl value="urn:uuid:26b2e265-9a7a-4e5e-b99d-bb301e8a3bfa"/>
    <resource>
      <Practitioner>
        <id value="26b2e265-9a7a-4e5e-b99d-bb301e8a3bfa"/>
        <meta>
          <profile value="http://fhir.nmdp.org/ig/matchsync/StructureDefinition/nmdp-practitioner"/>
          <security>
            <system value="http://terminology.nmdp.org/codesystem/transplant-center"/>
            <code value="tc_123"/>
          </security>
        </meta>
        <text>
          <status value="generated"/><div xmlns="http://www.w3.org/1999/xhtml"><a name="Practitioner_26b2e265-9a7a-4e5e-b99d-bb301e8a3bfa"> </a><p><b>Generated Narrative: Practitioner</b><a name="26b2e265-9a7a-4e5e-b99d-bb301e8a3bfa"> </a><a name="hc26b2e265-9a7a-4e5e-b99d-bb301e8a3bfa"> </a></p><div style="display: inline-block; background-color: #d9e0e7; padding: 6px; margin: 4px; border: 1px solid #8da1b4; border-radius: 5px; line-height: 60%"><p style="margin-bottom: 0px">Resource Practitioner &quot;26b2e265-9a7a-4e5e-b99d-bb301e8a3bfa&quot; </p><p style="margin-bottom: 0px">Profile: <a href="StructureDefinition-nmdp-practitioner.html">NMDPPractitioner</a></p><p style="margin-bottom: 0px">Security Labels: <span title="{http://terminology.nmdp.org/codesystem/transplant-center http://terminology.nmdp.org/codesystem/transplant-center}">http://terminology.nmdp.org/codesystem/transplant-center</span></p></div><p><b>name</b>: Lisa Simpson </p></div>
        </text>
        <name>
          <family value="Simpson"/>
          <given value="Lisa"/>
        </name>
      </Practitioner>
    </resource>
  </entry>
  <entry>
    <fullUrl value="urn:uuid:fe6acf5d-ed53-4758-8d38-10d915c984af"/>
    <resource>
      <Practitioner>
        <id value="fe6acf5d-ed53-4758-8d38-10d915c984af"/>
        <meta>
          <profile value="http://fhir.nmdp.org/ig/matchsync/StructureDefinition/nmdp-practitioner"/>
          <security>
            <system value="http://terminology.nmdp.org/codesystem/transplant-center"/>
            <code value="tc_123"/>
          </security>
        </meta>
        <text>
          <status value="generated"/><div xmlns="http://www.w3.org/1999/xhtml"><a name="Practitioner_fe6acf5d-ed53-4758-8d38-10d915c984af"> </a><p><b>Generated Narrative: Practitioner</b><a name="fe6acf5d-ed53-4758-8d38-10d915c984af"> </a><a name="hcfe6acf5d-ed53-4758-8d38-10d915c984af"> </a></p><div style="display: inline-block; background-color: #d9e0e7; padding: 6px; margin: 4px; border: 1px solid #8da1b4; border-radius: 5px; line-height: 60%"><p style="margin-bottom: 0px">Resource Practitioner &quot;fe6acf5d-ed53-4758-8d38-10d915c984af&quot; </p><p style="margin-bottom: 0px">Profile: <a href="StructureDefinition-nmdp-practitioner.html">NMDPPractitioner</a></p><p style="margin-bottom: 0px">Security Labels: <span title="{http://terminology.nmdp.org/codesystem/transplant-center http://terminology.nmdp.org/codesystem/transplant-center}">http://terminology.nmdp.org/codesystem/transplant-center</span></p></div><p><b>name</b>: Bart Simpson </p></div>
        </text>
        <name>
          <family value="Simpson"/>
          <given value="Bart"/>
        </name>
      </Practitioner>
    </resource>
  </entry>
  <entry>
    <fullUrl value="urn:uuid:a9e56f2a-0827-4efd-a773-ed48c6e2752c"/>
    <resource>
      <Condition>
        <id value="a9e56f2a-0827-4efd-a773-ed48c6e2752c"/>
        <meta>
          <profile value="http://fhir.nmdp.org/ig/matchsync/StructureDefinition/msdiagnosis"/>
          <security>
            <system value="http://terminology.nmdp.org/codesystem/transplant-center"/>
            <code value="tc_123"/>
          </security>
        </meta>
        <text>
          <status value="extensions"/><div xmlns="http://www.w3.org/1999/xhtml"><a name="Condition_a9e56f2a-0827-4efd-a773-ed48c6e2752c"> </a><p><b>Generated Narrative: Condition</b><a name="a9e56f2a-0827-4efd-a773-ed48c6e2752c"> </a><a name="hca9e56f2a-0827-4efd-a773-ed48c6e2752c"> </a></p><div style="display: inline-block; background-color: #d9e0e7; padding: 6px; margin: 4px; border: 1px solid #8da1b4; border-radius: 5px; line-height: 60%"><p style="margin-bottom: 0px">Resource Condition &quot;a9e56f2a-0827-4efd-a773-ed48c6e2752c&quot; </p><p style="margin-bottom: 0px">Profile: <a href="StructureDefinition-msdiagnosis.html">MSPrimaryDiagnosis</a></p><p style="margin-bottom: 0px">Security Labels: <span title="{http://terminology.nmdp.org/codesystem/transplant-center http://terminology.nmdp.org/codesystem/transplant-center}">http://terminology.nmdp.org/codesystem/transplant-center</span></p></div><p><b>Number of Remissions of Primary Diagnosis</b>: 0</p><p><b>code</b>: ACUTE MYELOGENOUS LEUKEMIA <span style="background: LightGoldenRodYellow; margin: 4px; border: 1px solid khaki"> (<a href="CodeSystem-nmdp-disease-cs.html">NMDP Disease Code System</a>#AML)</span></p><p><b>subject</b>: See on this page: urn:uuid:3f7d88b1-3e39-4f52-bb9c-5d680b7166b3</p><p><b>recordedDate</b>: 2021-11-01</p><h3>Stages</h3><table class="grid"><tr><td style="display: none">-</td><td><b>Summary</b></td></tr><tr><td style="display: none">*</td><td>Accelerated Phase <span style="background: LightGoldenRodYellow; margin: 4px; border: 1px solid khaki"> (<a href="CodeSystem-nmdp-diseasestage-cs.html">NMDP Disease Stage Code System</a>#AP)</span></td></tr></table></div>
        </text>
        <extension url="http://fhir.nmdp.org/ig/matchsync/StructureDefinition/number-of-remissions">
          <valueInteger value="0"/>
        </extension>
        <code>
          <coding>
            <system value="http://terminology.nmdp.org/codesystem/disease"/>
            <code value="AML"/>
            <display value="ACUTE MYELOGENOUS LEUKEMIA"/>
          </coding>
        </code>
        <subject>
          <reference value="urn:uuid:3f7d88b1-3e39-4f52-bb9c-5d680b7166b3"/>
        </subject>
        <recordedDate value="2021-11-01"/>
        <stage>
          <summary>
            <coding>
              <system value="http://terminology.nmdp.org/codesystem/diseasestage"/>
              <code value="AP"/>
              <display value="Accelerated Phase"/>
            </coding>
          </summary>
        </stage>
      </Condition>
    </resource>
  </entry>
</Bundle>