<?xml version="1.0" encoding="UTF-8"?>

<CodeSystem xmlns="http://hl7.org/fhir">
  <id value="nmdp-race-cs"/>
  <text>
    <status value="generated"/><div xmlns="http://www.w3.org/1999/xhtml"><p class="res-header-id"><b>Generated Narrative: CodeSystem nmdp-race-cs</b></p><a name="nmdp-race-cs"> </a><a name="hcnmdp-race-cs"> </a><a name="nmdp-race-cs-en-US"> </a><p>This case-sensitive code system <code>http://terminology.nmdp.org/codesystem/race</code> defines the following codes:</p><table class="codes"><tr><td style="white-space:nowrap"><b>Code</b></td><td><b>Display</b></td></tr><tr><td style="white-space:nowrap">AAFA<a name="nmdp-race-cs-AAFA"> </a></td><td>African American</td></tr><tr><td style="white-space:nowrap">AFA<a name="nmdp-race-cs-AFA"> </a></td><td>Unspecified</td></tr><tr><td style="white-space:nowrap">AFB<a name="nmdp-race-cs-AFB"> </a></td><td>African</td></tr><tr><td style="white-space:nowrap">AINDI<a name="nmdp-race-cs-AINDI"> </a></td><td>South Asian</td></tr><tr><td style="white-space:nowrap">AISC<a name="nmdp-race-cs-AISC"> </a></td><td>American Indian South or Centr</td></tr><tr><td style="white-space:nowrap">ALANAM<a name="nmdp-race-cs-ALANAM"> </a></td><td>Alaska Native or Aleut</td></tr><tr><td style="white-space:nowrap">AMIND<a name="nmdp-race-cs-AMIND"> </a></td><td>North American Indian</td></tr><tr><td style="white-space:nowrap">API<a name="nmdp-race-cs-API"> </a></td><td>Unspecified</td></tr><tr><td style="white-space:nowrap">CARB<a name="nmdp-race-cs-CARB"> </a></td><td>Black Caribbean</td></tr><tr><td style="white-space:nowrap">CARHIS<a name="nmdp-race-cs-CARHIS"> </a></td><td>Caribbean Hispanic</td></tr><tr><td style="white-space:nowrap">CARIBI<a name="nmdp-race-cs-CARIBI"> </a></td><td>Caribbean Indian</td></tr><tr><td style="white-space:nowrap">CAU<a name="nmdp-race-cs-CAU"> </a></td><td>Unspecified</td></tr><tr><td style="white-space:nowrap">DEC<a name="nmdp-race-cs-DEC"> </a></td><td>Declines or No Race Selected</td></tr><tr><td style="white-space:nowrap">EEURO<a name="nmdp-race-cs-EEURO"> </a></td><td>Eastern European</td></tr><tr><td style="white-space:nowrap">EURWRC<a name="nmdp-race-cs-EURWRC"> </a></td><td>North American or European</td></tr><tr><td style="white-space:nowrap">FILII<a name="nmdp-race-cs-FILII"> </a></td><td>Filipino</td></tr><tr><td style="white-space:nowrap">GUAMAN<a name="nmdp-race-cs-GUAMAN"> </a></td><td>Guamanian</td></tr><tr><td style="white-space:nowrap">HAWAII<a name="nmdp-race-cs-HAWAII"> </a></td><td>Hawaiian</td></tr><tr><td style="white-space:nowrap">HAWI<a name="nmdp-race-cs-HAWI"> </a></td><td>Unspecified</td></tr><tr><td style="white-space:nowrap">HIS<a name="nmdp-race-cs-HIS"> </a></td><td>Unspecified Hispanic</td></tr><tr><td style="white-space:nowrap">JAPI<a name="nmdp-race-cs-JAPI"> </a></td><td>Japanese</td></tr><tr><td style="white-space:nowrap">KORI<a name="nmdp-race-cs-KORI"> </a></td><td>Korean</td></tr><tr><td style="white-space:nowrap">MAFA<a name="nmdp-race-cs-MAFA"> </a></td><td>Multiple Black</td></tr><tr><td style="white-space:nowrap">MAPI<a name="nmdp-race-cs-MAPI"> </a></td><td>Multiple Asian/Pacific Islndr</td></tr><tr><td style="white-space:nowrap">MCAU<a name="nmdp-race-cs-MCAU"> </a></td><td>Multiple Caucasian</td></tr><tr><td style="white-space:nowrap">MEDIT<a name="nmdp-race-cs-MEDIT"> </a></td><td>Mediterranean</td></tr><tr><td style="white-space:nowrap">MENAFC<a name="nmdp-race-cs-MENAFC"> </a></td><td>MidEast/No. Coast of Africa</td></tr><tr><td style="white-space:nowrap">MHAW<a name="nmdp-race-cs-MHAW"> </a></td><td>Multiple Nat. Hw/Oth Pa. Isln</td></tr><tr><td style="white-space:nowrap">MHIS<a name="nmdp-race-cs-MHIS"> </a></td><td>Multiple Hispanic</td></tr><tr><td style="white-space:nowrap">MIDEAS<a name="nmdp-race-cs-MIDEAS"> </a></td><td>Middle Eastern</td></tr><tr><td style="white-space:nowrap">MNAM<a name="nmdp-race-cs-MNAM"> </a></td><td>Multiple Native American</td></tr><tr><td style="white-space:nowrap">MSWHIS<a name="nmdp-race-cs-MSWHIS"> </a></td><td>Mexican or Chicano</td></tr><tr><td style="white-space:nowrap">MULTI<a name="nmdp-race-cs-MULTI"> </a></td><td>Multiple Race</td></tr><tr><td style="white-space:nowrap">NAM<a name="nmdp-race-cs-NAM"> </a></td><td>Unspecified</td></tr><tr><td style="white-space:nowrap">NAMB<a name="nmdp-race-cs-NAMB"> </a></td><td>North American Black</td></tr><tr><td style="white-space:nowrap">NAMER<a name="nmdp-race-cs-NAMER"> </a></td><td>North American</td></tr><tr><td style="white-space:nowrap">NCAFRI<a name="nmdp-race-cs-NCAFRI"> </a></td><td>North Coast of Africa</td></tr><tr><td style="white-space:nowrap">NCHI<a name="nmdp-race-cs-NCHI"> </a></td><td>Chinese</td></tr><tr><td style="white-space:nowrap">NEURO<a name="nmdp-race-cs-NEURO"> </a></td><td>Northern European</td></tr><tr><td style="white-space:nowrap">OPI<a name="nmdp-race-cs-OPI"> </a></td><td>Other Pacific Islander</td></tr><tr><td style="white-space:nowrap">OTH<a name="nmdp-race-cs-OTH"> </a></td><td>Other</td></tr><tr><td style="white-space:nowrap">SAMOAN<a name="nmdp-race-cs-SAMOAN"> </a></td><td>Samoan</td></tr><tr><td style="white-space:nowrap">SCAHIS<a name="nmdp-race-cs-SCAHIS"> </a></td><td>South/Cntrl Amer. Hisp.</td></tr><tr><td style="white-space:nowrap">SCAMB<a name="nmdp-race-cs-SCAMB"> </a></td><td>Black South or Central America</td></tr><tr><td style="white-space:nowrap">SCSEAI<a name="nmdp-race-cs-SCSEAI"> </a></td><td>Other Southeast Asian</td></tr><tr><td style="white-space:nowrap">UNK<a name="nmdp-race-cs-UNK"> </a></td><td>Unknown/Question Not Asked</td></tr><tr><td style="white-space:nowrap">VIET<a name="nmdp-race-cs-VIET"> </a></td><td>Vietnamese</td></tr><tr><td style="white-space:nowrap">WCARIB<a name="nmdp-race-cs-WCARIB"> </a></td><td>White Caribbean</td></tr><tr><td style="white-space:nowrap">WEURO<a name="nmdp-race-cs-WEURO"> </a></td><td>Western European</td></tr><tr><td style="white-space:nowrap">WSCA<a name="nmdp-race-cs-WSCA"> </a></td><td>White South or Central America</td></tr></table></div>
  </text>
  <url value="http://terminology.nmdp.org/codesystem/race"/>
  <version value="0.1.1"/>
  <name value="NMDPRaceCS"/>
  <title value="NMDP Race Code System"/>
  <status value="active"/>
  <experimental value="true"/>
  <date value="2024-11-11T17:53:38-06:00"/>
  <publisher value="NMDP"/>
  <contact>
    <name value="NMDP"/>
    <telecom>
      <system value="url"/>
      <value value="http://bethematch.org"/>
    </telecom>
  </contact>
  <description value="Code System for NMDP diseases"/>
  <copyright value="National Marrow Donor Program"/>
  <caseSensitive value="true"/>
  <content value="complete"/>
  <count value="50"/>
  <concept>
    <code value="AAFA"/>
    <display value="African American"/>
  </concept>
  <concept>
    <code value="AFA"/>
    <display value="Unspecified"/>
  </concept>
  <concept>
    <code value="AFB"/>
    <display value="African"/>
  </concept>
  <concept>
    <code value="AINDI"/>
    <display value="South Asian"/>
  </concept>
  <concept>
    <code value="AISC"/>
    <display value="American Indian South or Centr"/>
  </concept>
  <concept>
    <code value="ALANAM"/>
    <display value="Alaska Native or Aleut"/>
  </concept>
  <concept>
    <code value="AMIND"/>
    <display value="North American Indian"/>
  </concept>
  <concept>
    <code value="API"/>
    <display value="Unspecified"/>
  </concept>
  <concept>
    <code value="CARB"/>
    <display value="Black Caribbean"/>
  </concept>
  <concept>
    <code value="CARHIS"/>
    <display value="Caribbean Hispanic"/>
  </concept>
  <concept>
    <code value="CARIBI"/>
    <display value="Caribbean Indian"/>
  </concept>
  <concept>
    <code value="CAU"/>
    <display value="Unspecified"/>
  </concept>
  <concept>
    <code value="DEC"/>
    <display value="Declines or No Race Selected"/>
  </concept>
  <concept>
    <code value="EEURO"/>
    <display value="Eastern European"/>
  </concept>
  <concept>
    <code value="EURWRC"/>
    <display value="North American or European"/>
  </concept>
  <concept>
    <code value="FILII"/>
    <display value="Filipino"/>
  </concept>
  <concept>
    <code value="GUAMAN"/>
    <display value="Guamanian"/>
  </concept>
  <concept>
    <code value="HAWAII"/>
    <display value="Hawaiian"/>
  </concept>
  <concept>
    <code value="HAWI"/>
    <display value="Unspecified"/>
  </concept>
  <concept>
    <code value="HIS"/>
    <display value="Unspecified Hispanic"/>
  </concept>
  <concept>
    <code value="JAPI"/>
    <display value="Japanese"/>
  </concept>
  <concept>
    <code value="KORI"/>
    <display value="Korean"/>
  </concept>
  <concept>
    <code value="MAFA"/>
    <display value="Multiple Black"/>
  </concept>
  <concept>
    <code value="MAPI"/>
    <display value="Multiple Asian/Pacific Islndr"/>
  </concept>
  <concept>
    <code value="MCAU"/>
    <display value="Multiple Caucasian"/>
  </concept>
  <concept>
    <code value="MEDIT"/>
    <display value="Mediterranean"/>
  </concept>
  <concept>
    <code value="MENAFC"/>
    <display value="MidEast/No. Coast of Africa"/>
  </concept>
  <concept>
    <code value="MHAW"/>
    <display value="Multiple Nat. Hw/Oth Pa. Isln"/>
  </concept>
  <concept>
    <code value="MHIS"/>
    <display value="Multiple Hispanic"/>
  </concept>
  <concept>
    <code value="MIDEAS"/>
    <display value="Middle Eastern"/>
  </concept>
  <concept>
    <code value="MNAM"/>
    <display value="Multiple Native American"/>
  </concept>
  <concept>
    <code value="MSWHIS"/>
    <display value="Mexican or Chicano"/>
  </concept>
  <concept>
    <code value="MULTI"/>
    <display value="Multiple Race"/>
  </concept>
  <concept>
    <code value="NAM"/>
    <display value="Unspecified"/>
  </concept>
  <concept>
    <code value="NAMB"/>
    <display value="North American Black"/>
  </concept>
  <concept>
    <code value="NAMER"/>
    <display value="North American"/>
  </concept>
  <concept>
    <code value="NCAFRI"/>
    <display value="North Coast of Africa"/>
  </concept>
  <concept>
    <code value="NCHI"/>
    <display value="Chinese"/>
  </concept>
  <concept>
    <code value="NEURO"/>
    <display value="Northern European"/>
  </concept>
  <concept>
    <code value="OPI"/>
    <display value="Other Pacific Islander"/>
  </concept>
  <concept>
    <code value="OTH"/>
    <display value="Other"/>
  </concept>
  <concept>
    <code value="SAMOAN"/>
    <display value="Samoan"/>
  </concept>
  <concept>
    <code value="SCAHIS"/>
    <display value="South/Cntrl Amer. Hisp."/>
  </concept>
  <concept>
    <code value="SCAMB"/>
    <display value="Black South or Central America"/>
  </concept>
  <concept>
    <code value="SCSEAI"/>
    <display value="Other Southeast Asian"/>
  </concept>
  <concept>
    <code value="UNK"/>
    <display value="Unknown/Question Not Asked"/>
  </concept>
  <concept>
    <code value="VIET"/>
    <display value="Vietnamese"/>
  </concept>
  <concept>
    <code value="WCARIB"/>
    <display value="White Caribbean"/>
  </concept>
  <concept>
    <code value="WEURO"/>
    <display value="Western European"/>
  </concept>
  <concept>
    <code value="WSCA"/>
    <display value="White South or Central America"/>
  </concept>
</CodeSystem>