<?xml version="1.0" encoding="UTF-8"?>

<Observation xmlns="http://hl7.org/fhir">
  <id value="HLA-DRB4-Example"/>
  <meta>
    <profile value="http://fhir.nmdp.org/ig/matchsource/StructureDefinition/hla-drb4"/>
    <security>
      <system value="http://terminology.nmdp.org/codesystem/transplant-center"/>
      <code value="tc_123"/>
    </security>
  </meta>
  <text>
    <status value="generated"/><div xmlns="http://www.w3.org/1999/xhtml"><p><b>Generated Narrative: Observation</b><a name="HLA-DRB4-Example"> </a></p><div style="display: inline-block; background-color: #d9e0e7; padding: 6px; margin: 4px; border: 1px solid #8da1b4; border-radius: 5px; line-height: 60%"><p style="margin-bottom: 0px">Resource Observation "HLA-DRB4-Example" </p><p style="margin-bottom: 0px">Profile: <a href="StructureDefinition-hla-drb4.html">HLA_DRB4</a></p><p style="margin-bottom: 0px">Security Labels: <span title="{http://terminology.nmdp.org/codesystem/transplant-center http://terminology.nmdp.org/codesystem/transplant-center}">http://terminology.nmdp.org/codesystem/transplant-center</span></p></div><p><b>status</b>: final</p><p><b>category</b>: Laboratory <span style="background: LightGoldenRodYellow; margin: 4px; border: 1px solid khaki"> (<a href="http://terminology.hl7.org/4.0.0/CodeSystem-observation-category.html">Observation Category Codes</a>#laboratory)</span></p><p><b>code</b>: Genotype display name <span style="background: LightGoldenRodYellow; margin: 4px; border: 1px solid khaki"> (<a href="https://loinc.org/">LOINC</a>#84413-4)</span></p><p><b>subject</b>: <a href="Patient-MSPatientExample.html">Patient/MSPatientExample</a> " EVERYPERSON"</p><p><b>effective</b>: 2022-05-01</p><p><b>value</b>: hla#3.25.0#HLA-DRB4*01:01:01:01 <span style="background: LightGoldenRodYellow; margin: 4px; border: 1px solid khaki"> (glstring.org#hla#3.25.0#HLA-DRB4*01:01:01:01)</span></p><p><b>specimen</b>: <a href="Specimen-MSSpecimenExample.html">Specimen/MSSpecimenExample</a></p><h3>Components</h3><table class="grid"><tr><td>-</td><td><b>Code</b></td><td><b>Value[x]</b></td></tr><tr><td>*</td><td>Gene studied [ID] <span style="background: LightGoldenRodYellow; margin: 4px; border: 1px solid khaki"> (<a href="https://loinc.org/">LOINC</a>#48018-6)</span></td><td>HLA-DRB4 <span style="background: LightGoldenRodYellow; margin: 4px; border: 1px solid khaki"> (<a href="CodeSystem-hla-genename-codesystem.html">HLA HGNC GeneID CodeSystem</a>#HGNC:4952)</span></td></tr></table></div>
  </text>
  <status value="final"/>
  <category>
    <coding>
      <system value="http://terminology.hl7.org/CodeSystem/observation-category"/>
      <code value="laboratory"/>
    </coding>
  </category>
  <code>
    <coding>
      <system value="http://loinc.org"/>
      <code value="84413-4"/>
    </coding>
  </code>
  <subject>
    <reference value="Patient/MSPatientExample"/>
  </subject>
  <effectiveDateTime value="2022-05-01"/>
  <valueCodeableConcept>
    <coding>
      <system value="http://glstring.org"/>
      <code value="hla#3.25.0#HLA-DRB4*01:01:01:01"/>
    </coding>
  </valueCodeableConcept>
  <specimen>
    <reference value="Specimen/MSSpecimenExample"/>
  </specimen>
  <component>
    <code>
      <coding>
        <system value="http://loinc.org"/>
        <code value="48018-6"/>
      </coding>
    </code>
    <valueCodeableConcept>
      <coding>
        <system value="http://www.genenames.org/geneId"/>
        <code value="HGNC:4952"/>
        <display value="HLA-DRB4"/>
      </coding>
    </valueCodeableConcept>
  </component>
</Observation>