<?xml version="1.0" encoding="UTF-8"?>

<ValueSet xmlns="http://hl7.org/fhir">
  <id value="nmdp-disease-codes"/>
  <text>
    <status value="generated"/><div xmlns="http://www.w3.org/1999/xhtml"><ul><li>Include all codes defined in <a href="CodeSystem-nmdp-disease-cs.html"><code>http://terminology.nmdp.org/codesystem/disease</code></a></li></ul></div>
  </text>
  <url value="http://fhir.nmdp.org/ig/matchsync/ValueSet/nmdp-disease-codes"/>
  <version value="0.1.0"/>
  <name value="NMDPDiseaseVS"/>
  <title value="NMDP Disease Value Set"/>
  <status value="active"/>
  <experimental value="true"/>
  <date value="2024-02-19T18:37:26-06:00"/>
  <publisher value="NMDP"/>
  <contact>
    <name value="NMDP"/>
    <telecom>
      <system value="url"/>
      <value value="http://bethematch.org"/>
    </telecom>
  </contact>
  <description value="NMDP disease codes"/>
  <compose>
    <include>
      <system value="http://terminology.nmdp.org/codesystem/disease"/>
    </include>
  </compose>
</ValueSet>