{
  "resourceType" : "ValueSet",
  "id" : "hla-geneid-valueset",
  "text" : {
    "status" : "generated",
    "div" : "<div xmlns=\"http://www.w3.org/1999/xhtml\"><ul><li>Include all codes defined in <a href=\"CodeSystem-hla-genename-codesystem.html\"><code>http://www.genenames.org/geneId</code></a></li></ul></div>"
  },
  "url" : "http://fhir.nmdp.org/ig/matchsync/ValueSet/hla-geneid-valueset",
  "version" : "0.1.0",
  "name" : "HLAGeneIdVS",
  "title" : "HLA Gene Name Value Set",
  "status" : "active",
  "experimental" : true,
  "date" : "2023-05-09T13:30:22-05:00",
  "publisher" : "NMDP",
  "contact" : [{
    "name" : "NMDP",
    "telecom" : [{
      "system" : "url",
      "value" : "http://bethematch.org"
    }]
  }],
  "description" : "HLA HGNC GeneIds Valueset",
  "compose" : {
    "include" : [{
      "system" : "http://www.genenames.org/geneId"
    }]
  }
}