{
  "resourceType" : "Observation",
  "id" : "HLA-C-Example",
  "meta" : {
    "profile" : ["http://fhir.nmdp.org/ig/matchsync/StructureDefinition/hla-c"],
    "security" : [{
      "system" : "http://terminology.nmdp.org/codesystem/transplant-center",
      "code" : "tc_123"
    }]
  },
  "text" : {
    "status" : "generated",
    "div" : "<div xmlns=\"http://www.w3.org/1999/xhtml\"><p class=\"res-header-id\"><b>Generated Narrative: Observation HLA-C-Example</b></p><a name=\"HLA-C-Example\"> </a><a name=\"hcHLA-C-Example\"> </a><a name=\"HLA-C-Example-en-US\"> </a><p><b>status</b>: Final</p><p><b>category</b>: <span title=\"Codes:{http://terminology.hl7.org/CodeSystem/observation-category laboratory}\">Laboratory</span></p><p><b>code</b>: <span title=\"Codes:{http://loinc.org 84413-4}\">Genotype display name</span></p><p><b>subject</b>: <a href=\"Patient-MSPatientExample.html\">Jane Everyperson  Female, DoB: 1974-12-25 ( http://example.org/mrn#123)</a></p><p><b>effective</b>: 2022-05-01</p><p><b>value</b>: <span title=\"Codes:{http://glstring.org hla#3.25.0#HLA-C*01:02:01:01+HLA-C*01:03:01}\">hla#3.25.0#HLA-C*01:02:01:01+HLA-C*01:03:01</span></p><p><b>specimen</b>: <a href=\"Specimen-MSSpecimenExample.html\">Specimen: identifier = http://terminology.nmdp.org/identifier/transplantcenter#000</a></p><h3>Components</h3><table class=\"grid\"><tr><td style=\"display: none\">-</td><td><b>Code</b></td><td><b>Value[x]</b></td></tr><tr><td style=\"display: none\">*</td><td><span title=\"Codes:{http://loinc.org 48018-6}\">Gene studied [ID]</span></td><td><span title=\"Codes:{http://www.genenames.org/geneId HGNC:4933}\">HLA-C</span></td></tr></table></div>"
  },
  "status" : "final",
  "category" : [{
    "coding" : [{
      "system" : "http://terminology.hl7.org/CodeSystem/observation-category",
      "code" : "laboratory"
    }]
  }],
  "code" : {
    "coding" : [{
      "system" : "http://loinc.org",
      "code" : "84413-4"
    }]
  },
  "subject" : {
    "reference" : "Patient/MSPatientExample"
  },
  "effectiveDateTime" : "2022-05-01",
  "valueCodeableConcept" : {
    "coding" : [{
      "system" : "http://glstring.org",
      "code" : "hla#3.25.0#HLA-C*01:02:01:01+HLA-C*01:03:01"
    }]
  },
  "specimen" : {
    "reference" : "Specimen/MSSpecimenExample"
  },
  "component" : [{
    "code" : {
      "coding" : [{
        "system" : "http://loinc.org",
        "code" : "48018-6"
      }]
    },
    "valueCodeableConcept" : {
      "coding" : [{
        "system" : "http://www.genenames.org/geneId",
        "code" : "HGNC:4933",
        "display" : "HLA-C"
      }]
    }
  }]
}