{
  "resourceType" : "ValueSet",
  "id" : "nmdp-language-codes",
  "text" : {
    "status" : "generated",
    "div" : "<div xmlns=\"http://www.w3.org/1999/xhtml\"><p class=\"res-header-id\"><b>Generated Narrative: ValueSet nmdp-language-codes</b></p><a name=\"nmdp-language-codes\"> </a><a name=\"hcnmdp-language-codes\"> </a><a name=\"nmdp-language-codes-en-US\"> </a><ul><li>Include all codes defined in <a href=\"CodeSystem-nmdp-language-cs.html\"><code>http://terminology.nmdp.org/codesystem/language</code></a></li></ul></div>"
  },
  "url" : "http://fhir.nmdp.org/ig/matchsync/ValueSet/nmdp-language-codes",
  "version" : "0.1.1",
  "name" : "NMDPLanguageCodes",
  "title" : "NMDP Language Value Set",
  "status" : "draft",
  "experimental" : true,
  "date" : "2024-12-02T18:31:42-06:00",
  "publisher" : "NMDP",
  "contact" : [{
    "name" : "NMDP",
    "telecom" : [{
      "system" : "url",
      "value" : "http://bethematch.org"
    }]
  }],
  "description" : "NMDP language codes",
  "compose" : {
    "include" : [{
      "system" : "http://terminology.nmdp.org/codesystem/language"
    }]
  }
}