URL,Version,Status,OIDs,Name,Title,Description,Used
http://hl7.org/fhir/sid/icd-10-cm,2.0.1,active,"2.16.840.1.113883.6.90",Icd10CM,International Classification of Diseases, 10th Revision, Clinical Modification (ICD-10-CM),"The International Classification of Diseases, 10th Revision, Clinical Modification (ICD-10-CM), describes the classification of morbidity and mortality information for statistical purposes and for the indexing of healthcare records by diseases. The ICD-10-CM codes can be used as the value of the Act.cd attribute.","ValueSet/icd10-gvhd-codes"
http://loinc.org,3.1.0,active,"2.16.840.1.113883.6.1",LOINC,Logical Observation Identifiers, Names and Codes (LOINC),"LOINC provides a set of universal names and ID codes for identifying laboratory and clinical test results.1,2 LOINC facilitates the exchange and pooling of results, such as blood hemoglobin, serum potassium, or vital signs, for clinical care, outcomes management, and research. LOINC's universal identifiers (names and codes) can be used in the context of order and observation exchanges between information systems that use syntax standards such as HL73, CEN TC251, ISO TC215, ASTM4, and DICOM. Specifically, the identifier can be used as the coded value for an observation in any other standard that uses the observation/observation value paradigm, whether messages, documents, application programming interface (API), etc. For example, LOINC codes are used widely in the OBX segment Observation Identifier field (OBX-3) of an ORU HL7 (HL7 version 2.x or ASTM 1238-9410) message that may be sent between a Clinical Laboratory Information Management Systems (LIMS) and Electronic Health Record Systems (EHR).5, 6 In this way, LOINC codes provide universal identifiers that allow the exchange of clinical data between heterogeneous computing environments.","ValueSet/loinc-abo-codes,ValueSet/loinc-abo-rh-codes,ValueSet/loinc-cmv-codes,ValueSet/loinc-posneg-codes"
http://terminology.nmdp.org/codesystem/abogroup,0.1.2,active,,NMDPABOCS,CodeSystem - Blood Group (ABO) - NMDP,"Code System for NMDP ABO blood groups","ValueSet/nmdp-abo-codes"
http://terminology.nmdp.org/codesystem/aborhgroup,0.1.2,active,,NMDPABORHCS,CodeSystem - Blood Group (ABO+RH) - NMDP,"Code System for NMDP ABO RH blood groups","ValueSet/nmdp-abo-rh-codes"
http://terminology.nmdp.org/codesystem/cmv,0.1.2,active,,NMDPCMVCS,CodeSystem - CMV Group - NMDP,"Code System for NMDP CMV","ValueSet/nmdp-cmv-codes"
http://terminology.nmdp.org/codesystem/disease,0.1.2,active,,NMDPDiseaseCS,CodeSystem - Disease - NMDP,"Code System for NMDP diseases","ValueSet/nmdp-disease-codes"
http://terminology.nmdp.org/codesystem/diseasestage,0.1.2,active,,NMDPDiseaseStageCS,CodeSystem - Disease Stage - NMDP,"Code System for NMDP disease stages","ValueSet/nmdp-diseasestage-codes"
http://terminology.nmdp.org/codesystem/ethnicity,0.1.2,active,,NMDPEthnicityCS,CodeSystem - Patient Ethnicity - NMDP,"Code System for NMDP ethnicity","ValueSet/nmdp-ethnicity-codes"
http://terminology.nmdp.org/codesystem/form117compliance,0.1.2,active,,NMDPForm117CS,CodeSystem - Form117 Compliance- NMDP,"NMDP Form 117 for MatchSync patient","ValueSet/ms-form117-codes"
http://terminology.nmdp.org/codesystem/genderidentity,0.1.2,active,,NMDPGenderIdentityCS,CodeSystem - Patient Gender Identity - NMDP,"Code System for NMDP diseases","ValueSet/nmdp-GenderIdentity-codes"
http://terminology.nmdp.org/codesystem/language,0.1.2,active,,NMDPLanguageCS,CodeSystem - Language - NMDP,"Code System for NMDP languages","ValueSet/nmdp-language-codes"
http://terminology.nmdp.org/codesystem/practitionerrole,0.1.2,active,,NMDPPractitionerRoleCS,NMDP Practitioner Roles,"NMDP Practitioner Roles","ValueSet/nmdp-practitioner-role-vs"
http://terminology.nmdp.org/codesystem/preferredproduct,0.1.2,active,,NMDPPreferredProductCS,CodeSystem - Preferred Product - NMDP,"NMDP Preferred Product for MatchSync patient","ValueSet/nmdp-preferred-product-codes"
http://terminology.nmdp.org/codesystem/race,0.1.2,active,,NMDPRaceCS,CodeSystem - Patient Race - NMDP,"Code System for NMDP diseases","ValueSet/nmdp-race-codes"
http://terminology.nmdp.org/codesystem/rhstatus,0.1.2,active,,NMDPRhStatusCS,CodeSystem - Blood Group (Rh) - NMDP,"Code System for NMDP Rh Status","ValueSet/nmdp-rh-status-codes"
http://terminology.nmdp.org/codesystem/transplanttimeline,0.1.2,active,,NMDPTransplantTimelineCS,CodeSystem - Transplant Timeline - NMDP,"Code System for NMDP transplant timeline","ValueSet/nmdp-transplant-timeline-codes"
http://www.genenames.org/geneId,0.1.2,active,,HLAGeneIdCS,HLA HGNC GeneID CodeSystem,"CodeSystem of HLA gene group subset of HGNC GeneId Codesystem","ValueSet/hla-geneid-valueset"
