<?xml version="1.0" encoding="UTF-8"?><ValueSet xmlns="http://hl7.org/fhir"><id value="nmdp-race-codes"/><text><status value="generated"/><div xmlns="http://www.w3.org/1999/xhtml"><p class="res-header-id"><b>Generated Narrative: ValueSet nmdp-race-codes</b></p><a name="nmdp-race-codes"> </a><a name="hcnmdp-race-codes"> </a><a name="nmdp-race-codes-en-US"> </a><ul><li>Include all codes defined in <a href="CodeSystem-nmdp-race-cs.html"><code>http://terminology.nmdp.org/codesystem/race</code></a></li></ul></div></text><url value="http://fhir.nmdp.org/ig/matchsync/ValueSet/nmdp-race-codes"/><version value="0.1.1"/><name value="NMDPRaceVS"/><title value="NMDP Race Value Set"/><status value="draft"/><experimental value="true"/><date value="2024-12-02T18:26:03-06:00"/><publisher value="NMDP"/><contact><name value="NMDP"/><telecom><system value="url"/><value value="http://bethematch.org"/></telecom></contact><description value="NMDP race codes"/><compose><include><system value="http://terminology.nmdp.org/codesystem/race"/></include></compose></ValueSet>