<?xml version="1.0" encoding="UTF-8"?><ValueSet xmlns="http://hl7.org/fhir"><id value="ms-rh-codes"/><text><status value="generated"/><div xmlns="http://www.w3.org/1999/xhtml"><p class="res-header-id"><b>Generated Narrative: ValueSet ms-rh-codes</b></p><a name="ms-rh-codes"> </a><a name="hcms-rh-codes"> </a><a name="ms-rh-codes-en-US"> </a><p>This value set includes codes based on the following rules:</p><ul><li>Import all the codes that are contained in <a href="ValueSet-nmdp-rh-status-codes.html">NMDP Codes for Rh status</a></li><li>Import all the codes that are contained in <a href="ValueSet-loinc-posneg-codes.html">LOINC Pos|Neg Value Set</a></li></ul></div></text><url value="http://fhir.nmdp.org/ig/matchsync/ValueSet/ms-rh-codes"/><version value="0.1.1"/><name value="MSRhVS"/><title value="MatchSync Rh Value Sets"/><status value="draft"/><experimental value="true"/><date value="2024-12-02T18:26:03-06:00"/><publisher value="NMDP"/><contact><name value="NMDP"/><telecom><system value="url"/><value value="http://bethematch.org"/></telecom></contact><description value="MatchSync codes for blood Rh. Combines NMDP and LOINC code"/><compose><include><valueSet value="http://fhir.nmdp.org/ig/matchsync/ValueSet/nmdp-rh-status-codes"/></include><include><valueSet value="http://loinc.org/vs/LL360-9"/></include></compose></ValueSet>