{
  "resourceType": "Patient",
  "id": "MSPatientExample3",
  "meta": {
    "profile": [
      "http://fhir.nmdp.org/ig/matchsource/StructureDefinition/mspatient"
    ]
  },
  "text": {
    "status": "generated",
    "div": "<div xmlns=\"http://www.w3.org/1999/xhtml\"><p><b>Jason Everyperson </b> male, DoB: 1974-12-25</p></div>"
  },
  "name": [
    {
      "family": "Everyperson",
      "given": [
        "Jason"
      ]
    }
  ],
  "telecom": [
    {
      "system": "phone",
      "value": "1-612-555-1234"
    }
  ],
  "gender": "male",
  "birthDate": "1974-12-25",
  "address": [
    {
      "line": [
        "123 Main St"
      ],
      "city": "Minneapolis",
      "state": "MN",
      "postalCode": "55401",
      "country": "USA"
    }
  ]
}