{
  "resourceType" : "Observation",
  "id" : "MSCmvExample",
  "meta" : {
    "profile" : ["http://fhir.nmdp.org/ig/matchsync/StructureDefinition/ms-cmvgroup-observation"],
    "security" : [{
      "system" : "http://terminology.nmdp.org/codesystem/transplant-center",
      "code" : "tc_123"
    }]
  },
  "text" : {
    "status" : "generated",
    "div" : "<div xmlns=\"http://www.w3.org/1999/xhtml\"><p class=\"res-header-id\"><b>Generated Narrative: Observation MSCmvExample</b></p><a name=\"MSCmvExample\"> </a><a name=\"hcMSCmvExample\"> </a><a name=\"MSCmvExample-en-US\"> </a><p><b>status</b>: Final</p><p><b>code</b>: <span title=\"Codes:{http://loinc.org 13949-3}\">Cytomegalovirus IgG Ab [Presence] in Serum or Plasma by Immunoassay</span></p><p><b>subject</b>: <a href=\"Patient-MSPatientExample.html\">Jane Everyperson  Female, DoB: 1974-12-25 ( http://example.org/mrn#123)</a></p><p><b>effective</b>: 2022-05-01</p><p><b>value</b>: <span title=\"Codes:{http://loinc.org LA6576-8}\">Positive</span></p></div>"
  },
  "status" : "final",
  "code" : {
    "coding" : [{
      "system" : "http://loinc.org",
      "code" : "13949-3",
      "display" : "Cytomegalovirus IgG Ab [Presence] in Serum or Plasma by Immunoassay"
    }]
  },
  "subject" : {
    "reference" : "Patient/MSPatientExample"
  },
  "effectiveDateTime" : "2022-05-01",
  "valueCodeableConcept" : {
    "coding" : [{
      "system" : "http://loinc.org",
      "code" : "LA6576-8",
      "display" : "Positive"
    }]
  }
}