<?xml version="1.0" encoding="UTF-8"?>

<Bundle xmlns="http://hl7.org/fhir">
  <id value="BundleExample-Minimal"/>
  <meta>
    <profile value="http://fhir.nmdp.org/ig/matchsource/StructureDefinition/ms-bundle"/>
    <security>
      <system value="http://terminology.nmdp.org/codesystem/transplant-center"/>
      <code value="tc_123"/>
    </security>
  </meta>
  <type value="collection"/>
  <timestamp value="2020-11-24T23:50:50-05:00"/>
  <entry>
    <fullUrl value="urn:uuid:cc111e78-15eb-430d-b337-a4418494bedc"/>
    <resource>
      <Patient>
        <id value="MSPatientExample"/>
        <meta>
          <profile value="http://fhir.nmdp.org/ig/matchsource/StructureDefinition/mspatient"/>
          <security>
            <system value="http://terminology.nmdp.org/codesystem/transplant-center"/>
            <code value="tc_123"/>
          </security>
        </meta>
        <text>
          <status value="extensions"/><div xmlns="http://www.w3.org/1999/xhtml"><p><b>Generated Narrative: Patient</b><a name="MSPatientExample"> </a></p><div style="display: inline-block; background-color: #d9e0e7; padding: 6px; margin: 4px; border: 1px solid #8da1b4; border-radius: 5px; line-height: 60%"><p style="margin-bottom: 0px">Resource Patient "MSPatientExample" </p><p style="margin-bottom: 0px">Profile: <a href="StructureDefinition-mspatient.html">MSPatient</a></p><p style="margin-bottom: 0px">Security Labels: <span title="{http://terminology.nmdp.org/codesystem/transplant-center http://terminology.nmdp.org/codesystem/transplant-center}">http://terminology.nmdp.org/codesystem/transplant-center</span></p></div><blockquote><p><b>US Core Race Extension</b></p><p><b>value</b>: White (Details: urn:oid:2.16.840.1.113883.6.238 code 2106-3 = 'White', stated as 'White')</p><p><b>value</b>: White</p></blockquote><blockquote><p><b>US Core Ethnicity Extension</b></p><p><b>value</b>: Not Hispanic or Latino (Details: urn:oid:2.16.840.1.113883.6.238 code 2186-5 = 'Not Hispanic or Latino', stated as 'Not Hispanic or Latino')</p><p><b>value</b>: Not Hispanic or Latino</p></blockquote><p><b>identifier</b>: id: 123</p><p><b>name</b>: Jane Everyperson </p><p><b>telecom</b>: ph: 1-612-555-1234</p><p><b>gender</b>: female</p><p><b>birthDate</b>: 1974-12-25</p><p><b>address</b>: 123 Main St Minneapolis MN 55401 USA </p></div>
        </text>
        <extension url="http://hl7.org/fhir/us/core/StructureDefinition/us-core-race">
          <extension url="ombCategory">
            <valueCoding>
              <system value="urn:oid:2.16.840.1.113883.6.238"/>
              <code value="2106-3"/>
              <display value="White"/>
            </valueCoding>
          </extension>
          <extension url="text">
            <valueString value="White"/>
          </extension>
        </extension>
        <extension url="http://hl7.org/fhir/us/core/StructureDefinition/us-core-ethnicity">
          <extension url="ombCategory">
            <valueCoding>
              <system value="urn:oid:2.16.840.1.113883.6.238"/>
              <code value="2186-5"/>
              <display value="Not Hispanic or Latino"/>
            </valueCoding>
          </extension>
          <extension url="text">
            <valueString value="Not Hispanic or Latino"/>
          </extension>
        </extension>
        <identifier>
          <system value="http://example.org/mrn"/>
          <value value="123"/>
        </identifier>
        <name>
          <family value="Everyperson"/>
          <given value="Jane"/>
        </name>
        <telecom>
          <system value="phone"/>
          <value value="1-612-555-1234"/>
        </telecom>
        <gender value="female"/>
        <birthDate value="1974-12-25"/>
        <address>
          <line value="123 Main St"/>
          <city value="Minneapolis"/>
          <state value="MN"/>
          <postalCode value="55401"/>
          <country value="USA"/>
        </address>
      </Patient>
    </resource>
  </entry>
  <entry>
    <fullUrl value="urn:uuid:cef4702d-cbe1-447b-b671-588dbfb40bb5"/>
    <resource>
      <Practitioner>
        <id value="CoordinatorExample"/>
        <meta>
          <profile value="http://fhir.nmdp.org/ig/matchsource/StructureDefinition/transplantcentercoordinator"/>
          <security>
            <system value="http://terminology.nmdp.org/codesystem/transplant-center"/>
            <code value="tc_123"/>
          </security>
        </meta>
        <text>
          <status value="generated"/><div xmlns="http://www.w3.org/1999/xhtml"><p><b>Generated Narrative: Practitioner</b><a name="CoordinatorExample"> </a></p><div style="display: inline-block; background-color: #d9e0e7; padding: 6px; margin: 4px; border: 1px solid #8da1b4; border-radius: 5px; line-height: 60%"><p style="margin-bottom: 0px">Resource Practitioner "CoordinatorExample" </p><p style="margin-bottom: 0px">Profile: <a href="StructureDefinition-transplantcentercoordinator.html">TransplantCenterCoordinator</a></p><p style="margin-bottom: 0px">Security Labels: <span title="{http://terminology.nmdp.org/codesystem/transplant-center http://terminology.nmdp.org/codesystem/transplant-center}">http://terminology.nmdp.org/codesystem/transplant-center</span></p></div><p><b>name</b>: Bart Simpson </p></div>
        </text>
        <name>
          <family value="Simpson"/>
          <given value="Bart"/>
        </name>
      </Practitioner>
    </resource>
  </entry>
  <entry>
    <fullUrl value="urn:uuid:be7873b5-9685-42a9-9815-6d048e6dcc8f"/>
    <resource>
      <Condition>
        <id value="MSDiagnosisExample-AML"/>
        <meta>
          <profile value="http://fhir.nmdp.org/ig/matchsource/StructureDefinition/msdiagnosis"/>
          <security>
            <system value="http://terminology.nmdp.org/codesystem/transplant-center"/>
            <code value="tc_123"/>
          </security>
        </meta>
        <text>
          <status value="extensions"/><div xmlns="http://www.w3.org/1999/xhtml"><p><b>Generated Narrative: Condition</b><a name="MSDiagnosisExample-AML"> </a></p><div style="display: inline-block; background-color: #d9e0e7; padding: 6px; margin: 4px; border: 1px solid #8da1b4; border-radius: 5px; line-height: 60%"><p style="margin-bottom: 0px">Resource Condition "MSDiagnosisExample-AML" </p><p style="margin-bottom: 0px">Profile: <a href="StructureDefinition-msdiagnosis.html">MSPrimaryDiagnosis</a></p><p style="margin-bottom: 0px">Security Labels: <span title="{http://terminology.nmdp.org/codesystem/transplant-center http://terminology.nmdp.org/codesystem/transplant-center}">http://terminology.nmdp.org/codesystem/transplant-center</span></p></div><p><b>Number of Remissions of Primary Diagnosis</b>: 0</p><p><b>code</b>: ACUTE MYELOGENOUS LEUKEMIA <span style="background: LightGoldenRodYellow; margin: 4px; border: 1px solid khaki"> (<a href="CodeSystem-nmdp-disease-cs.html">NMDP Disease Code System</a>#AML)</span></p><p><b>subject</b>: <a href="#Patient_MSPatientExample">See above (Patient/MSPatientExample)</a></p><p><b>recordedDate</b>: 2021-11-01</p><h3>Stages</h3><table class="grid"><tr><td>-</td><td><b>Summary</b></td></tr><tr><td>*</td><td>Accelerated Phase <span style="background: LightGoldenRodYellow; margin: 4px; border: 1px solid khaki"> (<a href="CodeSystem-nmdp-diseasestage-cs.html">NMDP Disease Stage Code System</a>#AP)</span></td></tr></table></div>
        </text>
        <extension url="http://fhir.nmdp.org/ig/matchsource/StructureDefinition/number-of-remissions">
          <valueInteger value="0"/>
        </extension>
        <code>
          <coding>
            <system value="http://terminology.nmdp.org/codesystem/disease"/>
            <code value="AML"/>
            <display value="ACUTE MYELOGENOUS LEUKEMIA"/>
          </coding>
        </code>
        <subject>
          <reference value="Patient/MSPatientExample"/>
        </subject>
        <recordedDate value="2021-11-01"/>
        <stage>
          <summary>
            <coding>
              <system value="http://terminology.nmdp.org/codesystem/diseasestage"/>
              <code value="AP"/>
              <display value="Accelerated Phase"/>
            </coding>
          </summary>
        </stage>
      </Condition>
    </resource>
  </entry>
</Bundle>