<?xml version="1.0" encoding="UTF-8"?>

<Bundle xmlns="http://hl7.org/fhir">
  <id value="BundleExample-Full-Multilocus-HLA"/>
  <meta>
    <profile value="http://fhir.nmdp.org/ig/matchsource/StructureDefinition/ms-bundle-hla-multilocus"/>
    <security>
      <system value="http://terminology.nmdp.org/codesystem/transplant-center"/>
      <code value="tc_123"/>
    </security>
  </meta>
  <type value="collection"/>
  <timestamp value="2020-11-24T23:50:50-05:00"/>
  <entry>
    <fullUrl value="urn:uuid:cc111e78-15eb-430d-b337-a4418494bedc"/>
    <resource>
      <Patient>
        <id value="MSPatientExample"/>
        <meta>
          <profile value="http://fhir.nmdp.org/ig/matchsource/StructureDefinition/mspatient"/>
          <security>
            <system value="http://terminology.nmdp.org/codesystem/transplant-center"/>
            <code value="tc_123"/>
          </security>
        </meta>
        <text>
          <status value="extensions"/><div xmlns="http://www.w3.org/1999/xhtml"><p><b>Generated Narrative</b></p><div style="display: inline-block; background-color: #d9e0e7; padding: 6px; margin: 4px; border: 1px solid #8da1b4; border-radius: 5px; line-height: 60%"><p style="margin-bottom: 0px">Resource "MSPatientExample" </p><p style="margin-bottom: 0px">Profile: <a href="StructureDefinition-mspatient.html">MSPatient</a></p><p style="margin-bottom: 0px">Security Labels: <span title="{http://terminology.nmdp.org/codesystem/transplant-center http://terminology.nmdp.org/codesystem/transplant-center}">http://terminology.nmdp.org/codesystem/transplant-center</span></p></div><blockquote><p><b>US Core Race Extension</b></p><p><b>value</b>: White (Details: urn:oid:2.16.840.1.113883.6.238 code 2106-3 = 'White', stated as 'White')</p><p><b>value</b>: White</p></blockquote><blockquote><p><b>US Core Ethnicity Extension</b></p><p><b>value</b>: Not Hispanic or Latino (Details: urn:oid:2.16.840.1.113883.6.238 code 2186-5 = 'Not Hispanic or Latino', stated as 'Not Hispanic or Latino')</p><p><b>value</b>: Not Hispanic or Latino</p></blockquote><p><b>name</b>: Jane Everyperson </p><p><b>telecom</b>: ph: 1-612-555-1234</p><p><b>gender</b>: female</p><p><b>birthDate</b>: 1974-12-25</p><p><b>address</b>: 123 Main St Minneapolis MN 55401 USA </p></div>
        </text>
        <extension url="http://hl7.org/fhir/us/core/StructureDefinition/us-core-race">
          <extension url="ombCategory">
            <valueCoding>
              <system value="urn:oid:2.16.840.1.113883.6.238"/>
              <code value="2106-3"/>
              <display value="White"/>
            </valueCoding>
          </extension>
          <extension url="text">
            <valueString value="White"/>
          </extension>
        </extension>
        <extension url="http://hl7.org/fhir/us/core/StructureDefinition/us-core-ethnicity">
          <extension url="ombCategory">
            <valueCoding>
              <system value="urn:oid:2.16.840.1.113883.6.238"/>
              <code value="2186-5"/>
              <display value="Not Hispanic or Latino"/>
            </valueCoding>
          </extension>
          <extension url="text">
            <valueString value="Not Hispanic or Latino"/>
          </extension>
        </extension>
        <name>
          <family value="Everyperson"/>
          <given value="Jane"/>
        </name>
        <telecom>
          <system value="phone"/>
          <value value="1-612-555-1234"/>
        </telecom>
        <gender value="female"/>
        <birthDate value="1974-12-25"/>
        <address>
          <line value="123 Main St"/>
          <city value="Minneapolis"/>
          <state value="MN"/>
          <postalCode value="55401"/>
          <country value="USA"/>
        </address>
      </Patient>
    </resource>
  </entry>
  <entry>
    <fullUrl value="urn:uuid:cef4702d-cbe1-447b-b671-588dbfb40bb5"/>
    <resource>
      <Practitioner>
        <id value="CoordinatorExample"/>
        <meta>
          <profile value="http://fhir.nmdp.org/ig/matchsource/StructureDefinition/transplantcentercoordinator"/>
          <security>
            <system value="http://terminology.nmdp.org/codesystem/transplant-center"/>
            <code value="tc_123"/>
          </security>
        </meta>
        <text>
          <status value="generated"/><div xmlns="http://www.w3.org/1999/xhtml"><p><b>Generated Narrative</b></p><div style="display: inline-block; background-color: #d9e0e7; padding: 6px; margin: 4px; border: 1px solid #8da1b4; border-radius: 5px; line-height: 60%"><p style="margin-bottom: 0px">Resource "CoordinatorExample" </p><p style="margin-bottom: 0px">Profile: <a href="StructureDefinition-transplantcentercoordinator.html">TransplantCenterCoordinator</a></p><p style="margin-bottom: 0px">Security Labels: <span title="{http://terminology.nmdp.org/codesystem/transplant-center http://terminology.nmdp.org/codesystem/transplant-center}">http://terminology.nmdp.org/codesystem/transplant-center</span></p></div><p><b>name</b>: Bart Simpson </p></div>
        </text>
        <name>
          <family value="Simpson"/>
          <given value="Bart"/>
        </name>
      </Practitioner>
    </resource>
  </entry>
  <entry>
    <fullUrl value="urn:uuid:be7873b5-9685-42a9-9815-6d048e6dcc8f"/>
    <resource>
      <Condition>
        <id value="MSDiagnosisExample-AML"/>
        <meta>
          <profile value="http://fhir.nmdp.org/ig/matchsource/StructureDefinition/msdiagnosis"/>
          <security>
            <system value="http://terminology.nmdp.org/codesystem/transplant-center"/>
            <code value="tc_123"/>
          </security>
        </meta>
        <text>
          <status value="extensions"/><div xmlns="http://www.w3.org/1999/xhtml"><p><b>Generated Narrative</b></p><div style="display: inline-block; background-color: #d9e0e7; padding: 6px; margin: 4px; border: 1px solid #8da1b4; border-radius: 5px; line-height: 60%"><p style="margin-bottom: 0px">Resource "MSDiagnosisExample-AML" </p><p style="margin-bottom: 0px">Profile: <a href="StructureDefinition-msdiagnosis.html">MSDiagnosis</a></p><p style="margin-bottom: 0px">Security Labels: <span title="{http://terminology.nmdp.org/codesystem/transplant-center http://terminology.nmdp.org/codesystem/transplant-center}">http://terminology.nmdp.org/codesystem/transplant-center</span></p></div><p><b>Number of Remissions of Primary Diagnosis</b>: 0</p><p><b>code</b>: ACUTE MYELOGENOUS LEUKEMIA <span style="background: LightGoldenRodYellow; margin: 4px; border: 1px solid khaki"> (<a href="CodeSystem-nmdp-disease-cs.html">NMDP Disease Code System</a>#AML)</span></p><p><b>subject</b>: <a href="#Patient_MSPatientExample">See above (Patient/MSPatientExample)</a></p><p><b>recordedDate</b>: 2021-11-01</p><h3>Stages</h3><table class="grid"><tr><td>-</td><td><b>Summary</b></td></tr><tr><td>*</td><td>Accelerated Phase <span style="background: LightGoldenRodYellow; margin: 4px; border: 1px solid khaki"> (<a href="CodeSystem-nmdp-diseasestage-cs.html">NMDP Disease Stage Code System</a>#AP)</span></td></tr></table></div>
        </text>
        <extension url="http://fhir.nmdp.org/ig/matchsource/StructureDefinition/number-of-remissions">
          <valueInteger value="0"/>
        </extension>
        <code>
          <coding>
            <system value="http://terminology.nmdp.org/codesystem/disease"/>
            <code value="AML"/>
            <display value="ACUTE MYELOGENOUS LEUKEMIA"/>
          </coding>
        </code>
        <subject>
          <reference value="Patient/MSPatientExample"/>
        </subject>
        <recordedDate value="2021-11-01"/>
        <stage>
          <summary>
            <coding>
              <system value="http://terminology.nmdp.org/codesystem/diseasestage"/>
              <code value="AP"/>
              <display value="Accelerated Phase"/>
            </coding>
          </summary>
        </stage>
      </Condition>
    </resource>
  </entry>
  <entry>
    <fullUrl value="urn:uuid:1e4f257c-83e0-4ca8-9aa1-1126fde59618"/>
    <resource>
      <Observation>
        <id value="MSRhObsExample"/>
        <meta>
          <profile value="http://fhir.nmdp.org/ig/matchsource/StructureDefinition/ms-rhstatus-observation"/>
          <security>
            <system value="http://terminology.nmdp.org/codesystem/transplant-center"/>
            <code value="tc_123"/>
          </security>
        </meta>
        <text>
          <status value="generated"/><div xmlns="http://www.w3.org/1999/xhtml"><p><b>Generated Narrative</b></p><div style="display: inline-block; background-color: #d9e0e7; padding: 6px; margin: 4px; border: 1px solid #8da1b4; border-radius: 5px; line-height: 60%"><p style="margin-bottom: 0px">Resource "MSRhObsExample" </p><p style="margin-bottom: 0px">Profile: <a href="StructureDefinition-ms-rhstatus-observation.html">MSRhStatusObservation</a></p><p style="margin-bottom: 0px">Security Labels: <span title="{http://terminology.nmdp.org/codesystem/transplant-center http://terminology.nmdp.org/codesystem/transplant-center}">http://terminology.nmdp.org/codesystem/transplant-center</span></p></div><p><b>status</b>: final</p><p><b>code</b>: Rh [Type] in Blood <span style="background: LightGoldenRodYellow; margin: 4px; border: 1px solid khaki"> (<a href="https://loinc.org/">LOINC</a>#10331-7)</span></p><p><b>subject</b>: <a href="#Patient_MSPatientExample">See above (Patient/MSPatientExample)</a></p><p><b>effective</b>: 2022-05-01</p><p><b>value</b>: Positive <span style="background: LightGoldenRodYellow; margin: 4px; border: 1px solid khaki"> (<a href="https://loinc.org/">LOINC</a>#LA6576-8)</span></p></div>
        </text>
        <status value="final"/>
        <code>
          <coding>
            <system value="http://loinc.org"/>
            <code value="10331-7"/>
            <display value="Rh [Type] in Blood"/>
          </coding>
        </code>
        <subject>
          <reference value="Patient/MSPatientExample"/>
        </subject>
        <effectiveDateTime value="2022-05-01"/>
        <valueCodeableConcept>
          <coding>
            <system value="http://loinc.org"/>
            <code value="LA6576-8"/>
            <display value="Positive"/>
          </coding>
        </valueCodeableConcept>
      </Observation>
    </resource>
  </entry>
  <entry>
    <fullUrl value="urn:uuid:20028d3f-5640-48ca-baef-e77fb6af9baa"/>
    <resource>
      <Observation>
        <id value="MSABOObsExample"/>
        <meta>
          <profile value="http://fhir.nmdp.org/ig/matchsource/StructureDefinition/ms-abogroup-observation"/>
          <security>
            <system value="http://terminology.nmdp.org/codesystem/transplant-center"/>
            <code value="tc_123"/>
          </security>
        </meta>
        <text>
          <status value="generated"/><div xmlns="http://www.w3.org/1999/xhtml"><p><b>Generated Narrative</b></p><div style="display: inline-block; background-color: #d9e0e7; padding: 6px; margin: 4px; border: 1px solid #8da1b4; border-radius: 5px; line-height: 60%"><p style="margin-bottom: 0px">Resource "MSABOObsExample" </p><p style="margin-bottom: 0px">Profile: <a href="StructureDefinition-ms-abogroup-observation.html">MSABOGroupObservation</a></p><p style="margin-bottom: 0px">Security Labels: <span title="{http://terminology.nmdp.org/codesystem/transplant-center http://terminology.nmdp.org/codesystem/transplant-center}">http://terminology.nmdp.org/codesystem/transplant-center</span></p></div><p><b>status</b>: final</p><p><b>code</b>: ABO group [Type] in Blood <span style="background: LightGoldenRodYellow; margin: 4px; border: 1px solid khaki"> (<a href="https://loinc.org/">LOINC</a>#883-9)</span></p><p><b>subject</b>: <a href="#Patient_MSPatientExample">See above (Patient/MSPatientExample)</a></p><p><b>effective</b>: 2022-05-01</p><p><b>value</b>: Group A <span style="background: LightGoldenRodYellow; margin: 4px; border: 1px solid khaki"> (<a href="https://loinc.org/">LOINC</a>#LA19710-5)</span></p></div>
        </text>
        <status value="final"/>
        <code>
          <coding>
            <system value="http://loinc.org"/>
            <code value="883-9"/>
            <display value="ABO group [Type] in Blood"/>
          </coding>
        </code>
        <subject>
          <reference value="Patient/MSPatientExample"/>
        </subject>
        <effectiveDateTime value="2022-05-01"/>
        <valueCodeableConcept>
          <coding>
            <system value="http://loinc.org"/>
            <code value="LA19710-5"/>
            <display value="Group A"/>
          </coding>
        </valueCodeableConcept>
      </Observation>
    </resource>
  </entry>
  <entry>
    <fullUrl value="urn:uuid:0e21a7e9-4d1b-4026-a23d-d49d20a0b9c0"/>
    <resource>
      <Observation>
        <id value="MSTransplantTimelineExample"/>
        <meta>
          <profile value="http://fhir.nmdp.org/ig/matchsource/StructureDefinition/ms-transplant-timeline-observation"/>
          <security>
            <system value="http://terminology.nmdp.org/codesystem/transplant-center"/>
            <code value="tc_123"/>
          </security>
        </meta>
        <text>
          <status value="generated"/><div xmlns="http://www.w3.org/1999/xhtml"><p><b>Generated Narrative</b></p><div style="display: inline-block; background-color: #d9e0e7; padding: 6px; margin: 4px; border: 1px solid #8da1b4; border-radius: 5px; line-height: 60%"><p style="margin-bottom: 0px">Resource "MSTransplantTimelineExample" </p><p style="margin-bottom: 0px">Profile: <a href="StructureDefinition-ms-transplant-timeline-observation.html">MSTransplantTimeline</a></p><p style="margin-bottom: 0px">Security Labels: <span title="{http://terminology.nmdp.org/codesystem/transplant-center http://terminology.nmdp.org/codesystem/transplant-center}">http://terminology.nmdp.org/codesystem/transplant-center</span></p></div><p><b>status</b>: final</p><p><b>code</b>: Transplant Timeline <span style="background: LightGoldenRodYellow; margin: 4px; border: 1px solid khaki"> ()</span></p><p><b>subject</b>: <a href="#Patient_MSPatientExample">See above (Patient/MSPatientExample)</a></p><p><b>effective</b>: 2022-05-01</p><p><b>value</b>: Pending, Case manager to follow up <span style="background: LightGoldenRodYellow; margin: 4px; border: 1px solid khaki"> (<a href="CodeSystem-nmdp-transplant-timeline-cs.html">NMDP Transplant Timeline Code System</a>#P)</span></p></div>
        </text>
        <status value="final"/>
        <code>
          <text value="Transplant Timeline"/>
        </code>
        <subject>
          <reference value="Patient/MSPatientExample"/>
        </subject>
        <effectiveDateTime value="2022-05-01"/>
        <valueCodeableConcept>
          <coding>
            <system value="http://terminology.nmdp.org/codesystem/transplanttimeline"/>
            <code value="P"/>
            <display value="Pending, Case manager to follow up"/>
          </coding>
        </valueCodeableConcept>
      </Observation>
    </resource>
  </entry>
  <entry>
    <fullUrl value="urn:uuid:d93ec14e-8dc1-442b-a3c1-4da9c149d5c2"/>
    <resource>
      <Observation>
        <id value="MSPreferredProductExample"/>
        <meta>
          <profile value="http://fhir.nmdp.org/ig/matchsource/StructureDefinition/ms-preferred-product-observation"/>
          <security>
            <system value="http://terminology.nmdp.org/codesystem/transplant-center"/>
            <code value="tc_123"/>
          </security>
        </meta>
        <text>
          <status value="generated"/><div xmlns="http://www.w3.org/1999/xhtml"><p><b>Generated Narrative</b></p><div style="display: inline-block; background-color: #d9e0e7; padding: 6px; margin: 4px; border: 1px solid #8da1b4; border-radius: 5px; line-height: 60%"><p style="margin-bottom: 0px">Resource "MSPreferredProductExample" </p><p style="margin-bottom: 0px">Profile: <a href="StructureDefinition-ms-preferred-product-observation.html">MSPreferredProduct</a></p><p style="margin-bottom: 0px">Security Labels: <span title="{http://terminology.nmdp.org/codesystem/transplant-center http://terminology.nmdp.org/codesystem/transplant-center}">http://terminology.nmdp.org/codesystem/transplant-center</span></p></div><p><b>status</b>: final</p><p><b>code</b>: Preferred Product <span style="background: LightGoldenRodYellow; margin: 4px; border: 1px solid khaki"> ()</span></p><p><b>subject</b>: <a href="#Patient_MSPatientExample">See above (Patient/MSPatientExample)</a></p><p><b>effective</b>: 2022-05-01</p><p><b>value</b>: Peripheral Blood Stem Cell (Aphaeresis) <span style="background: LightGoldenRodYellow; margin: 4px; border: 1px solid khaki"> (<a href="CodeSystem-nmdp-preferred-product-cs.html">NMDP Preferred Product for Transplant</a>#PBSC)</span></p></div>
        </text>
        <status value="final"/>
        <code>
          <text value="Preferred Product"/>
        </code>
        <subject>
          <reference value="Patient/MSPatientExample"/>
        </subject>
        <effectiveDateTime value="2022-05-01"/>
        <valueCodeableConcept>
          <coding>
            <system value="http://terminology.nmdp.org/codesystem/preferredproduct"/>
            <code value="PBSC"/>
            <display value="Peripheral Blood Stem Cell (Aphaeresis)"/>
          </coding>
        </valueCodeableConcept>
      </Observation>
    </resource>
  </entry>
  <entry>
    <fullUrl value="urn:uuid:25a64d4a-3bdc-4313-a486-d5dd7ed0902c"/>
    <resource>
      <Organization>
        <id value="TCExample"/>
        <meta>
          <profile value="http://fhir.nmdp.org/ig/matchsource/StructureDefinition/transplantcenter"/>
          <security>
            <system value="http://terminology.nmdp.org/codesystem/transplant-center"/>
            <code value="tc_123"/>
          </security>
        </meta>
        <text>
          <status value="generated"/><div xmlns="http://www.w3.org/1999/xhtml"><p><b>Generated Narrative</b></p><div style="display: inline-block; background-color: #d9e0e7; padding: 6px; margin: 4px; border: 1px solid #8da1b4; border-radius: 5px; line-height: 60%"><p style="margin-bottom: 0px">Resource "TCExample" </p><p style="margin-bottom: 0px">Profile: <a href="StructureDefinition-transplantcenter.html">TransplantCenter</a></p><p style="margin-bottom: 0px">Security Labels: <span title="{http://terminology.nmdp.org/codesystem/transplant-center http://terminology.nmdp.org/codesystem/transplant-center}">http://terminology.nmdp.org/codesystem/transplant-center</span></p></div><p><b>identifier</b>: id: 000</p><p><b>name</b>: My Transplant Center</p></div>
        </text>
        <identifier>
          <system value="http://terminology.nmdp.org/identifier/transplantcenter"/>
          <value value="000"/>
        </identifier>
        <name value="My Transplant Center"/>
      </Organization>
    </resource>
  </entry>
  <entry>
    <fullUrl value="urn:uuid:6cc0a753-ff82-4099-b477-08a57474a951"/>
    <resource>
      <Specimen>
        <id value="MSSpecimenExample"/>
        <meta>
          <profile value="http://fhir.nmdp.org/ig/matchsource/StructureDefinition/msspecimen"/>
          <security>
            <system value="http://terminology.nmdp.org/codesystem/transplant-center"/>
            <code value="tc_123"/>
          </security>
        </meta>
        <text>
          <status value="generated"/><div xmlns="http://www.w3.org/1999/xhtml"><p><b>Generated Narrative</b></p><div style="display: inline-block; background-color: #d9e0e7; padding: 6px; margin: 4px; border: 1px solid #8da1b4; border-radius: 5px; line-height: 60%"><p style="margin-bottom: 0px">Resource "MSSpecimenExample" </p><p style="margin-bottom: 0px">Profile: <a href="StructureDefinition-msspecimen.html">MSSpecimen</a></p><p style="margin-bottom: 0px">Security Labels: <span title="{http://terminology.nmdp.org/codesystem/transplant-center http://terminology.nmdp.org/codesystem/transplant-center}">http://terminology.nmdp.org/codesystem/transplant-center</span></p></div><p><b>identifier</b>: id: 000</p><p><b>subject</b>: <a href="#Patient_MSPatientExample">See above (Patient/MSPatientExample)</a></p></div>
        </text>
        <identifier>
          <system value="http://terminology.nmdp.org/identifier/transplantcenter"/>
          <value value="000"/>
        </identifier>
        <subject>
          <reference value="Patient/MSPatientExample"/>
        </subject>
      </Specimen>
    </resource>
  </entry>
  <entry>
    <fullUrl value="urn:uuid:55888b44-4677-4378-ae7d-66df85f6ed19"/>
    <resource>
      <Observation>
        <id value="HLA-Multilocus-Genotype-Example"/>
        <meta>
          <profile value="http://fhir.nmdp.org/ig/matchsource/StructureDefinition/hla-genotype"/>
          <security>
            <system value="http://terminology.nmdp.org/codesystem/transplant-center"/>
            <code value="tc_123"/>
          </security>
        </meta>
        <text>
          <status value="generated"/><div xmlns="http://www.w3.org/1999/xhtml"><p><b>Generated Narrative</b></p><div style="display: inline-block; background-color: #d9e0e7; padding: 6px; margin: 4px; border: 1px solid #8da1b4; border-radius: 5px; line-height: 60%"><p style="margin-bottom: 0px">Resource "HLA-Multilocus-Genotype-Example" </p><p style="margin-bottom: 0px">Profile: <a href="StructureDefinition-hla-genotype.html">HLA Genotype Observation</a></p><p style="margin-bottom: 0px">Security Labels: <span title="{http://terminology.nmdp.org/codesystem/transplant-center http://terminology.nmdp.org/codesystem/transplant-center}">http://terminology.nmdp.org/codesystem/transplant-center</span></p></div><p><b>status</b>: final</p><p><b>category</b>: Laboratory <span style="background: LightGoldenRodYellow; margin: 4px; border: 1px solid khaki"> (<a href="http://terminology.hl7.org/3.1.0/CodeSystem-observation-category.html">Observation Category Codes</a>#laboratory)</span></p><p><b>code</b>: Genotype display name <span style="background: LightGoldenRodYellow; margin: 4px; border: 1px solid khaki"> (<a href="https://loinc.org/">LOINC</a>#84413-4)</span></p><p><b>subject</b>: <a href="#Patient_MSPatientExample">See above (Patient/MSPatientExample)</a></p><p><b>effective</b>: 2022-05-01</p><p><b>value</b>: hla#3.25.0#HLA-A*01:01:01:01+HLA-A*01:02^HLA-B*57:01:01:01+HLA-B*15:01:01:01^HLA-DRB1*01:01:01:01+HLA-DRB1*01:02:01:01+HLA-DRB3*01:01:02:01 <span style="background: LightGoldenRodYellow; margin: 4px; border: 1px solid khaki"> (glstring.org#hla#3.25.0#HLA-A*01:01:01:01+HLA-A*01:02^HLA-B*57:01:01:01+HLA-B*15:01:01:01^HLA-DRB1*01:01:01:01+HLA-DRB1*01:02:01:01+HLA-DRB3*01:01:02:01)</span></p><p><b>specimen</b>: <a href="#Specimen_MSSpecimenExample">See above (Specimen/MSSpecimenExample)</a></p><blockquote><p><b>component</b></p><p><b>code</b>: Gene studied [ID] <span style="background: LightGoldenRodYellow; margin: 4px; border: 1px solid khaki"> (<a href="https://loinc.org/">LOINC</a>#48018-6)</span></p><p><b>value</b>: HLA-A <span style="background: LightGoldenRodYellow; margin: 4px; border: 1px solid khaki"> (<a href="CodeSystem-hla-genename-codesystem.html">HLA HGNC GeneID CodeSystem</a>#HGNC:4931)</span></p></blockquote><blockquote><p><b>component</b></p><p><b>code</b>: Gene studied [ID] <span style="background: LightGoldenRodYellow; margin: 4px; border: 1px solid khaki"> (<a href="https://loinc.org/">LOINC</a>#48018-6)</span></p><p><b>value</b>: HLA-B <span style="background: LightGoldenRodYellow; margin: 4px; border: 1px solid khaki"> (<a href="CodeSystem-hla-genename-codesystem.html">HLA HGNC GeneID CodeSystem</a>#HGNC:4932)</span></p></blockquote><blockquote><p><b>component</b></p><p><b>code</b>: Gene studied [ID] <span style="background: LightGoldenRodYellow; margin: 4px; border: 1px solid khaki"> (<a href="https://loinc.org/">LOINC</a>#48018-6)</span></p><p><b>value</b>: HLA-DRB1 <span style="background: LightGoldenRodYellow; margin: 4px; border: 1px solid khaki"> (<a href="CodeSystem-hla-genename-codesystem.html">HLA HGNC GeneID CodeSystem</a>#HGNC:4948)</span></p></blockquote><blockquote><p><b>component</b></p><p><b>code</b>: Gene studied [ID] <span style="background: LightGoldenRodYellow; margin: 4px; border: 1px solid khaki"> (<a href="https://loinc.org/">LOINC</a>#48018-6)</span></p><p><b>value</b>: HLA-DRB3 <span style="background: LightGoldenRodYellow; margin: 4px; border: 1px solid khaki"> (<a href="CodeSystem-hla-genename-codesystem.html">HLA HGNC GeneID CodeSystem</a>#HGNC:4948)</span></p></blockquote></div>
        </text>
        <status value="final"/>
        <category>
          <coding>
            <system value="http://terminology.hl7.org/CodeSystem/observation-category"/>
            <code value="laboratory"/>
          </coding>
        </category>
        <code>
          <coding>
            <system value="http://loinc.org"/>
            <code value="84413-4"/>
          </coding>
        </code>
        <subject>
          <reference value="Patient/MSPatientExample"/>
        </subject>
        <effectiveDateTime value="2022-05-01"/>
        <valueCodeableConcept>
          <coding>
            <system value="http://glstring.org"/>
            <code value="hla#3.25.0#HLA-A*01:01:01:01+HLA-A*01:02^HLA-B*57:01:01:01+HLA-B*15:01:01:01^HLA-DRB1*01:01:01:01+HLA-DRB1*01:02:01:01+HLA-DRB3*01:01:02:01"/>
          </coding>
        </valueCodeableConcept>
        <specimen>
          <reference value="Specimen/MSSpecimenExample"/>
        </specimen>
        <component>
          <code>
            <coding>
              <system value="http://loinc.org"/>
              <code value="48018-6"/>
            </coding>
          </code>
          <valueCodeableConcept>
            <coding>
              <system value="http://www.genenames.org/geneId"/>
              <code value="HGNC:4931"/>
              <display value="HLA-A"/>
            </coding>
          </valueCodeableConcept>
        </component>
        <component>
          <code>
            <coding>
              <system value="http://loinc.org"/>
              <code value="48018-6"/>
            </coding>
          </code>
          <valueCodeableConcept>
            <coding>
              <system value="http://www.genenames.org/geneId"/>
              <code value="HGNC:4932"/>
              <display value="HLA-B"/>
            </coding>
          </valueCodeableConcept>
        </component>
        <component>
          <code>
            <coding>
              <system value="http://loinc.org"/>
              <code value="48018-6"/>
            </coding>
          </code>
          <valueCodeableConcept>
            <coding>
              <system value="http://www.genenames.org/geneId"/>
              <code value="HGNC:4948"/>
              <display value="HLA-DRB1"/>
            </coding>
          </valueCodeableConcept>
        </component>
        <component>
          <code>
            <coding>
              <system value="http://loinc.org"/>
              <code value="48018-6"/>
            </coding>
          </code>
          <valueCodeableConcept>
            <coding>
              <system value="http://www.genenames.org/geneId"/>
              <code value="HGNC:4948"/>
              <display value="HLA-DRB3"/>
            </coding>
          </valueCodeableConcept>
        </component>
      </Observation>
    </resource>
  </entry>
</Bundle>