<?xml version="1.0" encoding="UTF-8"?>

<Observation xmlns="http://hl7.org/fhir">
  <id value="MSTransplantTimelineExample"/>
  <meta>
    <profile value="http://fhir.nmdp.org/ig/matchsync/StructureDefinition/ms-transplant-timeline-observation"/>
    <security>
      <system value="http://terminology.nmdp.org/codesystem/transplant-center"/>
      <code value="tc_123"/>
    </security>
  </meta>
  <text>
    <status value="generated"/><div xmlns="http://www.w3.org/1999/xhtml"><p><b>Generated Narrative: Observation</b><a name="MSTransplantTimelineExample"> </a></p><div style="display: inline-block; background-color: #d9e0e7; padding: 6px; margin: 4px; border: 1px solid #8da1b4; border-radius: 5px; line-height: 60%"><p style="margin-bottom: 0px">Resource Observation &quot;MSTransplantTimelineExample&quot; </p><p style="margin-bottom: 0px">Profile: <a href="StructureDefinition-ms-transplant-timeline-observation.html">MSTransplantTimeline</a></p><p style="margin-bottom: 0px">Security Labels: <span title="{http://terminology.nmdp.org/codesystem/transplant-center http://terminology.nmdp.org/codesystem/transplant-center}">http://terminology.nmdp.org/codesystem/transplant-center</span></p></div><p><b>status</b>: final</p><p><b>code</b>: Transplant Timeline <span style="background: LightGoldenRodYellow; margin: 4px; border: 1px solid khaki"> ()</span></p><p><b>subject</b>: <a href="Patient-MSPatientExample.html">Patient/MSPatientExample</a> &quot; EVERYPERSON&quot;</p><p><b>effective</b>: 2022-05-01</p><p><b>value</b>: Pending, Case manager to follow up <span style="background: LightGoldenRodYellow; margin: 4px; border: 1px solid khaki"> (<a href="CodeSystem-nmdp-transplant-timeline-cs.html">NMDP Transplant Timeline Code System</a>#P)</span></p></div>
  </text>
  <status value="final"/>
  <code>
    <text value="Transplant Timeline"/>
  </code>
  <subject>
    <reference value="Patient/MSPatientExample"/>
  </subject>
  <effectiveDateTime value="2022-05-01"/>
  <valueCodeableConcept>
    <coding>
      <system value="http://terminology.nmdp.org/codesystem/transplanttimeline"/>
      <code value="P"/>
      <display value="Pending, Case manager to follow up"/>
    </coding>
  </valueCodeableConcept>
</Observation>