<?xml version="1.0" encoding="UTF-8"?>

<ValueSet xmlns="http://hl7.org/fhir">
  <id value="ms-abo-group-codes"/>
  <text>
    <status value="generated"/><div xmlns="http://www.w3.org/1999/xhtml"><p>This value set includes codes based on the following rules:</p><ul><li>Import all the codes that are contained in <a href="ValueSet-nmdp-abo-codes.html">http://fhir.nmdp.org/ig/matchsource/ValueSet/nmdp-abo-codes</a></li><li>Import all the codes that are contained in <a href="ValueSet-loinc-abo-codes.html">http://loinc.org/vs/LL2419-1</a></li><li>Import all the codes that are contained in <a href="ValueSet-sct-abo-group-codes.html">http://fhir.nmdp.org/ig/matchsource/ValueSet/sct-abo-group-codes</a></li></ul></div>
  </text>
  <url value="http://fhir.nmdp.org/ig/matchsource/ValueSet/ms-abo-group-codes"/>
  <version value="0.1.0"/>
  <name value="MSABOGroupVS"/>
  <title value="MatchSource ABO Group Value Set"/>
  <status value="active"/>
  <date value="2022-07-28T10:15:20-05:00"/>
  <publisher value="NMDP"/>
  <contact>
    <name value="NMDP"/>
    <telecom>
      <system value="url"/>
      <value value="http://bethematch.org"/>
    </telecom>
  </contact>
  <description value="MatchSource ABO group codes. Combines LOINC, Snomed, and NMDP codes"/>
  <compose>
    <include>
      <valueSet value="http://fhir.nmdp.org/ig/matchsource/ValueSet/nmdp-abo-codes"/>
    </include>
    <include>
      <valueSet value="http://loinc.org/vs/LL2419-1"/>
    </include>
    <include>
      <valueSet value="http://fhir.nmdp.org/ig/matchsource/ValueSet/sct-abo-group-codes"/>
    </include>
  </compose>
</ValueSet>