<?xml version="1.0" encoding="UTF-8"?>

<ValueSet xmlns="http://hl7.org/fhir">
  <id value="sct-abo-group-codes"/>
  <text>
    <status value="generated"/><div xmlns="http://www.w3.org/1999/xhtml"><ul><li>Include these codes as defined in <a href="http://www.snomed.org/"><code>http://snomed.info/sct</code></a><table class="none"><tr><td style="white-space:nowrap"><b>Code</b></td><td><b>Display</b></td></tr><tr><td><a href="http://snomed.info/id/112144000">112144000</a></td><td>Blood group A (finding)</td></tr><tr><td><a href="http://snomed.info/id/165743006">165743006</a></td><td>Blood group AB (finding)</td></tr><tr><td><a href="http://snomed.info/id/112149005">112149005</a></td><td>Blood group B (finding)</td></tr><tr><td><a href="http://snomed.info/id/58460004">58460004</a></td><td>Blood group O (finding)</td></tr></table></li></ul></div>
  </text>
  <url value="http://fhir.nmdp.org/ig/matchsource/ValueSet/sct-abo-group-codes"/>
  <version value="0.1.0"/>
  <name value="SCTABOGroupVS"/>
  <title value="Snomed CT ABO group Value Set"/>
  <status value="active"/>
  <date value="2022-12-01T09:35:21-06:00"/>
  <publisher value="NMDP"/>
  <contact>
    <name value="NMDP"/>
    <telecom>
      <system value="url"/>
      <value value="http://bethematch.org"/>
    </telecom>
  </contact>
  <description value="Snomed CT codes for ABO blood group"/>
  <compose>
    <include>
      <system value="http://snomed.info/sct"/>
      <concept>
        <code value="112144000"/>
        <display value="Blood group A (finding)"/>
      </concept>
      <concept>
        <code value="165743006"/>
        <display value="Blood group AB (finding)"/>
      </concept>
      <concept>
        <code value="112149005"/>
        <display value="Blood group B (finding)"/>
      </concept>
      <concept>
        <code value="58460004"/>
        <display value="Blood group O (finding)"/>
      </concept>
    </include>
  </compose>
</ValueSet>