<?xml version="1.0" encoding="UTF-8"?>

<CodeSystem xmlns="http://hl7.org/fhir">
  <id value="nmdp-GenderIdentity-cs"/>
  <text>
    <status value="generated"/><div xmlns="http://www.w3.org/1999/xhtml"><p class="res-header-id"><b>Generated Narrative: CodeSystem nmdp-GenderIdentity-cs</b></p><a name="nmdp-GenderIdentity-cs"> </a><a name="hcnmdp-GenderIdentity-cs"> </a><a name="nmdp-GenderIdentity-cs-en-US"> </a><p>This case-sensitive code system <code>http://terminology.nmdp.org/codesystem/genderidentity</code> defines the following codes:</p><table class="codes"><tr><td style="white-space:nowrap"><b>Code</b></td><td><b>Display</b></td></tr><tr><td style="white-space:nowrap">F<a name="nmdp-GenderIdentity-cs-F"> </a></td><td>Female</td></tr><tr><td style="white-space:nowrap">M<a name="nmdp-GenderIdentity-cs-M"> </a></td><td>Male</td></tr><tr><td style="white-space:nowrap">NB<a name="nmdp-GenderIdentity-cs-NB"> </a></td><td>Non-binary</td></tr><tr><td style="white-space:nowrap">SI<a name="nmdp-GenderIdentity-cs-SI"> </a></td><td>Self-identified</td></tr></table></div>
  </text>
  <url value="http://terminology.nmdp.org/codesystem/genderidentity"/>
  <version value="0.1.2"/>
  <name value="NMDPGenderIdentityCS"/>
  <title value="CodeSystem - Patient Gender Identity - NMDP"/>
  <status value="active"/>
  <experimental value="true"/>
  <date value="2025-04-16T10:30:36-05:00"/>
  <publisher value="NMDP"/>
  <contact>
    <name value="NMDP"/>
    <telecom>
      <system value="url"/>
      <value value="http://bethematch.org"/>
    </telecom>
  </contact>
  <description value="Code System for NMDP diseases"/>
  <copyright value="National Marrow Donor Program"/>
  <caseSensitive value="true"/>
  <content value="complete"/>
  <count value="4"/>
  <concept>
    <code value="F"/>
    <display value="Female"/>
  </concept>
  <concept>
    <code value="M"/>
    <display value="Male"/>
  </concept>
  <concept>
    <code value="NB"/>
    <display value="Non-binary"/>
  </concept>
  <concept>
    <code value="SI"/>
    <display value="Self-identified"/>
  </concept>
</CodeSystem>