<?xml version="1.0" encoding="UTF-8"?>

<Condition xmlns="http://hl7.org/fhir">
  <id value="MSDiagnosisExample-OND"/>
  <meta>
    <profile value="http://fhir.nmdp.org/ig/matchsync/StructureDefinition/msdiagnosis"/>
    <security>
      <system value="http://terminology.nmdp.org/codesystem/transplant-center"/>
      <code value="tc_123"/>
    </security>
  </meta>
  <text>
    <status value="generated"/><div xmlns="http://www.w3.org/1999/xhtml"><p class="res-header-id"><b>Generated Narrative: Condition MSDiagnosisExample-OND</b></p><a name="MSDiagnosisExample-OND"> </a><a name="hcMSDiagnosisExample-OND"> </a><a name="MSDiagnosisExample-OND-en-US"> </a><div style="display: inline-block; background-color: #d9e0e7; padding: 6px; margin: 4px; border: 1px solid #8da1b4; border-radius: 5px; line-height: 60%"><p style="margin-bottom: 0px"/><p style="margin-bottom: 0px">Profile: <a href="StructureDefinition-msdiagnosis.html">MSPrimaryDiagnosis</a></p><p style="margin-bottom: 0px">Security Label: tc_123 (Details: transplant-center code tc_123)</p></div><p><b>code</b>: <span title="Codes:{http://terminology.nmdp.org/codesystem/disease OND}">OTHER NON-MALIGNANT DISEASE</span></p><p><b>subject</b>: <a href="Patient-MSPatientExample.html">Jane Everyperson  Female, DoB: 1974-12-25 ( http://example.org/mrn#123)</a></p><p><b>recordedDate</b>: 2021-11-01</p></div>
  </text>
  <code>
    <coding>
      <system value="http://terminology.nmdp.org/codesystem/disease"/>
      <code value="OND"/>
      <display value="OTHER NON-MALIGNANT DISEASE"/>
    </coding>
  </code>
  <subject>
    <reference value="Patient/MSPatientExample"/>
  </subject>
  <recordedDate value="2021-11-01"/>
</Condition>