<?xml version="1.0" encoding="UTF-8"?>

<ImplementationGuide xmlns="http://hl7.org/fhir">
  <id value="nmdp.fhir.matchsync"/>
  <text>
    <status value="generated"/><div xmlns="http://www.w3.org/1999/xhtml"><p class="res-header-id"><b>Generated Narrative: ImplementationGuide nmdp.fhir.matchsync</b></p><a name="nmdp.fhir.matchsync"> </a><a name="hcnmdp.fhir.matchsync"> </a><a name="nmdp.fhir.matchsync-en-US"> </a><h2>MatchSyncIG</h2><p>The official URL for this implementation guide is: </p><pre>http://fhir.nmdp.org/ig/matchsync/ImplementationGuide/nmdp.fhir.matchsync</pre></div>
  </text>
  <url value="http://fhir.nmdp.org/ig/matchsync/ImplementationGuide/nmdp.fhir.matchsync"/>
  <version value="0.1.2"/>
  <name value="MatchSyncIG"/>
  <status value="draft"/>
  <date value="2025-04-16T10:30:36-05:00"/>
  <publisher value="NMDP"/>
  <contact>
    <name value="NMDP"/>
    <telecom>
      <system value="url"/>
      <value value="http://bethematch.org"/>
    </telecom>
  </contact>
  <packageId value="nmdp.fhir.matchsync"/>
  <license value="CC0-1.0"/>
  <fhirVersion value="4.0.1"/>
  <dependsOn id="hl7tx">
    <extension url="http://hl7.org/fhir/tools/StructureDefinition/implementationguide-dependency-comment">
      <valueMarkdown value="Automatically added as a dependency - all IGs depend on HL7 Terminology"/>
    </extension>
    <uri value="http://terminology.hl7.org/ImplementationGuide/hl7.terminology"/>
    <packageId value="hl7.terminology.r4"/>
    <version value="6.2.0"/>
  </dependsOn>
  <dependsOn id="hl7ext">
    <extension url="http://hl7.org/fhir/tools/StructureDefinition/implementationguide-dependency-comment">
      <valueMarkdown value="Automatically added as a dependency - all IGs depend on the HL7 Extension Pack"/>
    </extension>
    <uri value="http://hl7.org/fhir/extensions/ImplementationGuide/hl7.fhir.uv.extensions"/>
    <packageId value="hl7.fhir.uv.extensions.r4"/>
    <version value="5.2.0"/>
  </dependsOn>
  <dependsOn id="hl7_fhir_us_core">
    <uri value="http://hl7.org/fhir/us/core/ImplementationGuide/hl7.fhir.us.core"/>
    <packageId value="hl7.fhir.us.core"/>
    <version value="4.0.0"/>
  </dependsOn>
  <dependsOn id="mcode">
    <uri value="http://hl7.org/fhir/us/mcode/ImplementationGuide/hl7.fhir.us.mcode"/>
    <packageId value="hl7.fhir.us.mcode"/>
    <version value="2.0.0"/>
  </dependsOn>
  <dependsOn id="hl7_fhir_uv_genomics_reporting">
    <uri value="http://hl7.org/fhir/uv/genomics-reporting/ImplementationGuide/hl7.fhir.uv.genomics-reporting"/>
    <packageId value="hl7.fhir.uv.genomics-reporting"/>
    <version value="2.0.0"/>
  </dependsOn>
  <definition>
    <extension url="http://hl7.org/fhir/tools/StructureDefinition/ig-parameter">
      <extension url="code">
        <valueString value="copyrightyear"/>
      </extension>
      <extension url="value">
        <valueString value="2022+"/>
      </extension>
    </extension>
    <extension url="http://hl7.org/fhir/tools/StructureDefinition/ig-parameter">
      <extension url="code">
        <valueString value="releaselabel"/>
      </extension>
      <extension url="value">
        <valueString value="ci-build"/>
      </extension>
    </extension>
    <extension url="http://hl7.org/fhir/tools/StructureDefinition/ig-parameter">
      <extension url="code">
        <valueString value="special-url"/>
      </extension>
      <extension url="value">
        <valueString value="http://terminology.nmdp.org/codesystem/disease"/>
      </extension>
    </extension>
    <extension url="http://hl7.org/fhir/tools/StructureDefinition/ig-parameter">
      <extension url="code">
        <valueString value="special-url"/>
      </extension>
      <extension url="value">
        <valueString value="http://terminology.nmdp.org/codesystem/diseasestage"/>
      </extension>
    </extension>
    <extension url="http://hl7.org/fhir/tools/StructureDefinition/ig-parameter">
      <extension url="code">
        <valueString value="special-url"/>
      </extension>
      <extension url="value">
        <valueString value="http://terminology.nmdp.org/codesystem/abogroup"/>
      </extension>
    </extension>
    <extension url="http://hl7.org/fhir/tools/StructureDefinition/ig-parameter">
      <extension url="code">
        <valueString value="special-url"/>
      </extension>
      <extension url="value">
        <valueString value="http://terminology.nmdp.org/codesystem/aborhgroup"/>
      </extension>
    </extension>
    <extension url="http://hl7.org/fhir/tools/StructureDefinition/ig-parameter">
      <extension url="code">
        <valueString value="special-url"/>
      </extension>
      <extension url="value">
        <valueString value="http://terminology.nmdp.org/codesystem/rhstatus"/>
      </extension>
    </extension>
    <extension url="http://hl7.org/fhir/tools/StructureDefinition/ig-parameter">
      <extension url="code">
        <valueString value="special-url"/>
      </extension>
      <extension url="value">
        <valueString value="http://terminology.nmdp.org/codesystem/cmv"/>
      </extension>
    </extension>
    <extension url="http://hl7.org/fhir/tools/StructureDefinition/ig-parameter">
      <extension url="code">
        <valueString value="special-url"/>
      </extension>
      <extension url="value">
        <valueString value="http://terminology.nmdp.org/codesystem/race"/>
      </extension>
    </extension>
    <extension url="http://hl7.org/fhir/tools/StructureDefinition/ig-parameter">
      <extension url="code">
        <valueString value="special-url"/>
      </extension>
      <extension url="value">
        <valueString value="http://terminology.nmdp.org/codesystem/ethnicity"/>
      </extension>
    </extension>
    <extension url="http://hl7.org/fhir/tools/StructureDefinition/ig-parameter">
      <extension url="code">
        <valueString value="special-url"/>
      </extension>
      <extension url="value">
        <valueString value="http://terminology.nmdp.org/codesystem/language"/>
      </extension>
    </extension>
    <extension url="http://hl7.org/fhir/tools/StructureDefinition/ig-parameter">
      <extension url="code">
        <valueString value="special-url"/>
      </extension>
      <extension url="value">
        <valueString value="http://terminology.nmdp.org/codesystem/preferredproduct"/>
      </extension>
    </extension>
    <extension url="http://hl7.org/fhir/tools/StructureDefinition/ig-parameter">
      <extension url="code">
        <valueString value="special-url"/>
      </extension>
      <extension url="value">
        <valueString value="http://terminology.nmdp.org/codesystem/transplanttimeline"/>
      </extension>
    </extension>
    <extension url="http://hl7.org/fhir/tools/StructureDefinition/ig-parameter">
      <extension url="code">
        <valueString value="special-url"/>
      </extension>
      <extension url="value">
        <valueString value="http://terminology.nmdp.org/codesystem/practitionerrole"/>
      </extension>
    </extension>
    <extension url="http://hl7.org/fhir/tools/StructureDefinition/ig-parameter">
      <extension url="code">
        <valueString value="special-url"/>
      </extension>
      <extension url="value">
        <valueString value="http://terminology.nmdp.org/codesystem/form117compliance"/>
      </extension>
    </extension>
    <extension url="http://hl7.org/fhir/tools/StructureDefinition/ig-parameter">
      <extension url="code">
        <valueString value="special-url"/>
      </extension>
      <extension url="value">
        <valueString value="http://terminology.nmdp.org/codesystem/genderidentity"/>
      </extension>
    </extension>
    <extension url="http://hl7.org/fhir/tools/StructureDefinition/ig-parameter">
      <extension url="code">
        <valueString value="special-url"/>
      </extension>
      <extension url="value">
        <valueString value="http://www.glstring.org"/>
      </extension>
    </extension>
    <extension url="http://hl7.org/fhir/tools/StructureDefinition/ig-parameter">
      <extension url="code">
        <valueString value="special-url"/>
      </extension>
      <extension url="value">
        <valueString value="http://www.genenames.org/geneId"/>
      </extension>
    </extension>
    <extension url="http://hl7.org/fhir/tools/StructureDefinition/ig-parameter">
      <extension url="code">
        <valueString value="special-url"/>
      </extension>
      <extension url="value">
        <valueString value="http://loinc.org/vs/LL2419-1"/>
      </extension>
    </extension>
    <extension url="http://hl7.org/fhir/tools/StructureDefinition/ig-parameter">
      <extension url="code">
        <valueString value="special-url"/>
      </extension>
      <extension url="value">
        <valueString value="http://loinc.org/vs/LL360-9"/>
      </extension>
    </extension>
    <extension url="http://hl7.org/fhir/tools/StructureDefinition/ig-parameter">
      <extension url="code">
        <valueString value="special-url"/>
      </extension>
      <extension url="value">
        <valueString value="http://loinc.org/vs/LL2972-9"/>
      </extension>
    </extension>
    <extension url="http://hl7.org/fhir/tools/StructureDefinition/ig-parameter">
      <extension url="code">
        <valueString value="special-url"/>
      </extension>
      <extension url="value">
        <valueString value="http://loinc.org/vs/LL3639-3"/>
      </extension>
    </extension>
    <extension url="http://hl7.org/fhir/tools/StructureDefinition/ig-parameter">
      <extension url="code">
        <valueString value="autoload-resources"/>
      </extension>
      <extension url="value">
        <valueString value="true"/>
      </extension>
    </extension>
    <extension url="http://hl7.org/fhir/tools/StructureDefinition/ig-parameter">
      <extension url="code">
        <valueString value="path-liquid"/>
      </extension>
      <extension url="value">
        <valueString value="template/liquid"/>
      </extension>
    </extension>
    <extension url="http://hl7.org/fhir/tools/StructureDefinition/ig-parameter">
      <extension url="code">
        <valueString value="path-liquid"/>
      </extension>
      <extension url="value">
        <valueString value="input/liquid"/>
      </extension>
    </extension>
    <extension url="http://hl7.org/fhir/tools/StructureDefinition/ig-parameter">
      <extension url="code">
        <valueString value="path-qa"/>
      </extension>
      <extension url="value">
        <valueString value="temp/qa"/>
      </extension>
    </extension>
    <extension url="http://hl7.org/fhir/tools/StructureDefinition/ig-parameter">
      <extension url="code">
        <valueString value="path-temp"/>
      </extension>
      <extension url="value">
        <valueString value="temp/pages"/>
      </extension>
    </extension>
    <extension url="http://hl7.org/fhir/tools/StructureDefinition/ig-parameter">
      <extension url="code">
        <valueString value="path-output"/>
      </extension>
      <extension url="value">
        <valueString value="output"/>
      </extension>
    </extension>
    <extension url="http://hl7.org/fhir/tools/StructureDefinition/ig-parameter">
      <extension url="code">
        <valueString value="path-suppressed-warnings"/>
      </extension>
      <extension url="value">
        <valueString value="input/ignoreWarnings.txt"/>
      </extension>
    </extension>
    <extension url="http://hl7.org/fhir/tools/StructureDefinition/ig-parameter">
      <extension url="code">
        <valueString value="path-history"/>
      </extension>
      <extension url="value">
        <valueString value="http://fhir.nmdp.org/ig/matchsync/history.html"/>
      </extension>
    </extension>
    <extension url="http://hl7.org/fhir/tools/StructureDefinition/ig-parameter">
      <extension url="code">
        <valueString value="template-html"/>
      </extension>
      <extension url="value">
        <valueString value="template-page.html"/>
      </extension>
    </extension>
    <extension url="http://hl7.org/fhir/tools/StructureDefinition/ig-parameter">
      <extension url="code">
        <valueString value="template-md"/>
      </extension>
      <extension url="value">
        <valueString value="template-page-md.html"/>
      </extension>
    </extension>
    <extension url="http://hl7.org/fhir/tools/StructureDefinition/ig-parameter">
      <extension url="code">
        <valueString value="apply-contact"/>
      </extension>
      <extension url="value">
        <valueString value="true"/>
      </extension>
    </extension>
    <extension url="http://hl7.org/fhir/tools/StructureDefinition/ig-parameter">
      <extension url="code">
        <valueString value="apply-context"/>
      </extension>
      <extension url="value">
        <valueString value="true"/>
      </extension>
    </extension>
    <extension url="http://hl7.org/fhir/tools/StructureDefinition/ig-parameter">
      <extension url="code">
        <valueString value="apply-copyright"/>
      </extension>
      <extension url="value">
        <valueString value="true"/>
      </extension>
    </extension>
    <extension url="http://hl7.org/fhir/tools/StructureDefinition/ig-parameter">
      <extension url="code">
        <valueString value="apply-jurisdiction"/>
      </extension>
      <extension url="value">
        <valueString value="true"/>
      </extension>
    </extension>
    <extension url="http://hl7.org/fhir/tools/StructureDefinition/ig-parameter">
      <extension url="code">
        <valueString value="apply-license"/>
      </extension>
      <extension url="value">
        <valueString value="true"/>
      </extension>
    </extension>
    <extension url="http://hl7.org/fhir/tools/StructureDefinition/ig-parameter">
      <extension url="code">
        <valueString value="apply-publisher"/>
      </extension>
      <extension url="value">
        <valueString value="true"/>
      </extension>
    </extension>
    <extension url="http://hl7.org/fhir/tools/StructureDefinition/ig-parameter">
      <extension url="code">
        <valueString value="apply-version"/>
      </extension>
      <extension url="value">
        <valueString value="true"/>
      </extension>
    </extension>
    <extension url="http://hl7.org/fhir/tools/StructureDefinition/ig-parameter">
      <extension url="code">
        <valueString value="apply-wg"/>
      </extension>
      <extension url="value">
        <valueString value="true"/>
      </extension>
    </extension>
    <extension url="http://hl7.org/fhir/tools/StructureDefinition/ig-parameter">
      <extension url="code">
        <valueString value="active-tables"/>
      </extension>
      <extension url="value">
        <valueString value="true"/>
      </extension>
    </extension>
    <extension url="http://hl7.org/fhir/tools/StructureDefinition/ig-parameter">
      <extension url="code">
        <valueString value="fmm-definition"/>
      </extension>
      <extension url="value">
        <valueString value="http://hl7.org/fhir/versions.html#maturity"/>
      </extension>
    </extension>
    <extension url="http://hl7.org/fhir/tools/StructureDefinition/ig-parameter">
      <extension url="code">
        <valueString value="propagate-status"/>
      </extension>
      <extension url="value">
        <valueString value="true"/>
      </extension>
    </extension>
    <extension url="http://hl7.org/fhir/tools/StructureDefinition/ig-parameter">
      <extension url="code">
        <valueString value="excludelogbinaryformat"/>
      </extension>
      <extension url="value">
        <valueString value="true"/>
      </extension>
    </extension>
    <extension url="http://hl7.org/fhir/tools/StructureDefinition/ig-parameter">
      <extension url="code">
        <valueString value="tabbed-snapshots"/>
      </extension>
      <extension url="value">
        <valueString value="true"/>
      </extension>
    </extension>
    <extension url="http://hl7.org/fhir/tools/StructureDefinition/ig-internal-dependency">
      <valueCode value="hl7.fhir.uv.tools.r4#0.4.1"/>
    </extension>
    <extension url="http://hl7.org/fhir/tools/StructureDefinition/ig-parameter">
      <extension url="code">
        <valueCode value="copyrightyear"/>
      </extension>
      <extension url="value">
        <valueString value="2022+"/>
      </extension>
    </extension>
    <extension url="http://hl7.org/fhir/tools/StructureDefinition/ig-parameter">
      <extension url="code">
        <valueCode value="releaselabel"/>
      </extension>
      <extension url="value">
        <valueString value="ci-build"/>
      </extension>
    </extension>
    <extension url="http://hl7.org/fhir/tools/StructureDefinition/ig-parameter">
      <extension url="code">
        <valueCode value="special-url"/>
      </extension>
      <extension url="value">
        <valueString value="http://terminology.nmdp.org/codesystem/disease"/>
      </extension>
    </extension>
    <extension url="http://hl7.org/fhir/tools/StructureDefinition/ig-parameter">
      <extension url="code">
        <valueCode value="special-url"/>
      </extension>
      <extension url="value">
        <valueString value="http://terminology.nmdp.org/codesystem/diseasestage"/>
      </extension>
    </extension>
    <extension url="http://hl7.org/fhir/tools/StructureDefinition/ig-parameter">
      <extension url="code">
        <valueCode value="special-url"/>
      </extension>
      <extension url="value">
        <valueString value="http://terminology.nmdp.org/codesystem/abogroup"/>
      </extension>
    </extension>
    <extension url="http://hl7.org/fhir/tools/StructureDefinition/ig-parameter">
      <extension url="code">
        <valueCode value="special-url"/>
      </extension>
      <extension url="value">
        <valueString value="http://terminology.nmdp.org/codesystem/aborhgroup"/>
      </extension>
    </extension>
    <extension url="http://hl7.org/fhir/tools/StructureDefinition/ig-parameter">
      <extension url="code">
        <valueCode value="special-url"/>
      </extension>
      <extension url="value">
        <valueString value="http://terminology.nmdp.org/codesystem/rhstatus"/>
      </extension>
    </extension>
    <extension url="http://hl7.org/fhir/tools/StructureDefinition/ig-parameter">
      <extension url="code">
        <valueCode value="special-url"/>
      </extension>
      <extension url="value">
        <valueString value="http://terminology.nmdp.org/codesystem/cmv"/>
      </extension>
    </extension>
    <extension url="http://hl7.org/fhir/tools/StructureDefinition/ig-parameter">
      <extension url="code">
        <valueCode value="special-url"/>
      </extension>
      <extension url="value">
        <valueString value="http://terminology.nmdp.org/codesystem/race"/>
      </extension>
    </extension>
    <extension url="http://hl7.org/fhir/tools/StructureDefinition/ig-parameter">
      <extension url="code">
        <valueCode value="special-url"/>
      </extension>
      <extension url="value">
        <valueString value="http://terminology.nmdp.org/codesystem/ethnicity"/>
      </extension>
    </extension>
    <extension url="http://hl7.org/fhir/tools/StructureDefinition/ig-parameter">
      <extension url="code">
        <valueCode value="special-url"/>
      </extension>
      <extension url="value">
        <valueString value="http://terminology.nmdp.org/codesystem/language"/>
      </extension>
    </extension>
    <extension url="http://hl7.org/fhir/tools/StructureDefinition/ig-parameter">
      <extension url="code">
        <valueCode value="special-url"/>
      </extension>
      <extension url="value">
        <valueString value="http://terminology.nmdp.org/codesystem/preferredproduct"/>
      </extension>
    </extension>
    <extension url="http://hl7.org/fhir/tools/StructureDefinition/ig-parameter">
      <extension url="code">
        <valueCode value="special-url"/>
      </extension>
      <extension url="value">
        <valueString value="http://terminology.nmdp.org/codesystem/transplanttimeline"/>
      </extension>
    </extension>
    <extension url="http://hl7.org/fhir/tools/StructureDefinition/ig-parameter">
      <extension url="code">
        <valueCode value="special-url"/>
      </extension>
      <extension url="value">
        <valueString value="http://terminology.nmdp.org/codesystem/practitionerrole"/>
      </extension>
    </extension>
    <extension url="http://hl7.org/fhir/tools/StructureDefinition/ig-parameter">
      <extension url="code">
        <valueCode value="special-url"/>
      </extension>
      <extension url="value">
        <valueString value="http://terminology.nmdp.org/codesystem/form117compliance"/>
      </extension>
    </extension>
    <extension url="http://hl7.org/fhir/tools/StructureDefinition/ig-parameter">
      <extension url="code">
        <valueCode value="special-url"/>
      </extension>
      <extension url="value">
        <valueString value="http://terminology.nmdp.org/codesystem/genderidentity"/>
      </extension>
    </extension>
    <extension url="http://hl7.org/fhir/tools/StructureDefinition/ig-parameter">
      <extension url="code">
        <valueCode value="special-url"/>
      </extension>
      <extension url="value">
        <valueString value="http://www.glstring.org"/>
      </extension>
    </extension>
    <extension url="http://hl7.org/fhir/tools/StructureDefinition/ig-parameter">
      <extension url="code">
        <valueCode value="special-url"/>
      </extension>
      <extension url="value">
        <valueString value="http://www.genenames.org/geneId"/>
      </extension>
    </extension>
    <extension url="http://hl7.org/fhir/tools/StructureDefinition/ig-parameter">
      <extension url="code">
        <valueCode value="special-url"/>
      </extension>
      <extension url="value">
        <valueString value="http://loinc.org/vs/LL2419-1"/>
      </extension>
    </extension>
    <extension url="http://hl7.org/fhir/tools/StructureDefinition/ig-parameter">
      <extension url="code">
        <valueCode value="special-url"/>
      </extension>
      <extension url="value">
        <valueString value="http://loinc.org/vs/LL360-9"/>
      </extension>
    </extension>
    <extension url="http://hl7.org/fhir/tools/StructureDefinition/ig-parameter">
      <extension url="code">
        <valueCode value="special-url"/>
      </extension>
      <extension url="value">
        <valueString value="http://loinc.org/vs/LL2972-9"/>
      </extension>
    </extension>
    <extension url="http://hl7.org/fhir/tools/StructureDefinition/ig-parameter">
      <extension url="code">
        <valueCode value="special-url"/>
      </extension>
      <extension url="value">
        <valueString value="http://loinc.org/vs/LL3639-3"/>
      </extension>
    </extension>
    <extension url="http://hl7.org/fhir/tools/StructureDefinition/ig-parameter">
      <extension url="code">
        <valueCode value="autoload-resources"/>
      </extension>
      <extension url="value">
        <valueString value="true"/>
      </extension>
    </extension>
    <extension url="http://hl7.org/fhir/tools/StructureDefinition/ig-parameter">
      <extension url="code">
        <valueCode value="path-liquid"/>
      </extension>
      <extension url="value">
        <valueString value="template/liquid"/>
      </extension>
    </extension>
    <extension url="http://hl7.org/fhir/tools/StructureDefinition/ig-parameter">
      <extension url="code">
        <valueCode value="path-liquid"/>
      </extension>
      <extension url="value">
        <valueString value="input/liquid"/>
      </extension>
    </extension>
    <extension url="http://hl7.org/fhir/tools/StructureDefinition/ig-parameter">
      <extension url="code">
        <valueCode value="path-qa"/>
      </extension>
      <extension url="value">
        <valueString value="temp/qa"/>
      </extension>
    </extension>
    <extension url="http://hl7.org/fhir/tools/StructureDefinition/ig-parameter">
      <extension url="code">
        <valueCode value="path-temp"/>
      </extension>
      <extension url="value">
        <valueString value="temp/pages"/>
      </extension>
    </extension>
    <extension url="http://hl7.org/fhir/tools/StructureDefinition/ig-parameter">
      <extension url="code">
        <valueCode value="path-output"/>
      </extension>
      <extension url="value">
        <valueString value="output"/>
      </extension>
    </extension>
    <extension url="http://hl7.org/fhir/tools/StructureDefinition/ig-parameter">
      <extension url="code">
        <valueCode value="path-suppressed-warnings"/>
      </extension>
      <extension url="value">
        <valueString value="input/ignoreWarnings.txt"/>
      </extension>
    </extension>
    <extension url="http://hl7.org/fhir/tools/StructureDefinition/ig-parameter">
      <extension url="code">
        <valueCode value="path-history"/>
      </extension>
      <extension url="value">
        <valueString value="http://fhir.nmdp.org/ig/matchsync/history.html"/>
      </extension>
    </extension>
    <extension url="http://hl7.org/fhir/tools/StructureDefinition/ig-parameter">
      <extension url="code">
        <valueCode value="template-html"/>
      </extension>
      <extension url="value">
        <valueString value="template-page.html"/>
      </extension>
    </extension>
    <extension url="http://hl7.org/fhir/tools/StructureDefinition/ig-parameter">
      <extension url="code">
        <valueCode value="template-md"/>
      </extension>
      <extension url="value">
        <valueString value="template-page-md.html"/>
      </extension>
    </extension>
    <extension url="http://hl7.org/fhir/tools/StructureDefinition/ig-parameter">
      <extension url="code">
        <valueCode value="apply-contact"/>
      </extension>
      <extension url="value">
        <valueString value="true"/>
      </extension>
    </extension>
    <extension url="http://hl7.org/fhir/tools/StructureDefinition/ig-parameter">
      <extension url="code">
        <valueCode value="apply-context"/>
      </extension>
      <extension url="value">
        <valueString value="true"/>
      </extension>
    </extension>
    <extension url="http://hl7.org/fhir/tools/StructureDefinition/ig-parameter">
      <extension url="code">
        <valueCode value="apply-copyright"/>
      </extension>
      <extension url="value">
        <valueString value="true"/>
      </extension>
    </extension>
    <extension url="http://hl7.org/fhir/tools/StructureDefinition/ig-parameter">
      <extension url="code">
        <valueCode value="apply-jurisdiction"/>
      </extension>
      <extension url="value">
        <valueString value="true"/>
      </extension>
    </extension>
    <extension url="http://hl7.org/fhir/tools/StructureDefinition/ig-parameter">
      <extension url="code">
        <valueCode value="apply-license"/>
      </extension>
      <extension url="value">
        <valueString value="true"/>
      </extension>
    </extension>
    <extension url="http://hl7.org/fhir/tools/StructureDefinition/ig-parameter">
      <extension url="code">
        <valueCode value="apply-publisher"/>
      </extension>
      <extension url="value">
        <valueString value="true"/>
      </extension>
    </extension>
    <extension url="http://hl7.org/fhir/tools/StructureDefinition/ig-parameter">
      <extension url="code">
        <valueCode value="apply-version"/>
      </extension>
      <extension url="value">
        <valueString value="true"/>
      </extension>
    </extension>
    <extension url="http://hl7.org/fhir/tools/StructureDefinition/ig-parameter">
      <extension url="code">
        <valueCode value="apply-wg"/>
      </extension>
      <extension url="value">
        <valueString value="true"/>
      </extension>
    </extension>
    <extension url="http://hl7.org/fhir/tools/StructureDefinition/ig-parameter">
      <extension url="code">
        <valueCode value="active-tables"/>
      </extension>
      <extension url="value">
        <valueString value="true"/>
      </extension>
    </extension>
    <extension url="http://hl7.org/fhir/tools/StructureDefinition/ig-parameter">
      <extension url="code">
        <valueCode value="fmm-definition"/>
      </extension>
      <extension url="value">
        <valueString value="http://hl7.org/fhir/versions.html#maturity"/>
      </extension>
    </extension>
    <extension url="http://hl7.org/fhir/tools/StructureDefinition/ig-parameter">
      <extension url="code">
        <valueCode value="propagate-status"/>
      </extension>
      <extension url="value">
        <valueString value="true"/>
      </extension>
    </extension>
    <extension url="http://hl7.org/fhir/tools/StructureDefinition/ig-parameter">
      <extension url="code">
        <valueCode value="excludelogbinaryformat"/>
      </extension>
      <extension url="value">
        <valueString value="true"/>
      </extension>
    </extension>
    <extension url="http://hl7.org/fhir/tools/StructureDefinition/ig-parameter">
      <extension url="code">
        <valueCode value="tabbed-snapshots"/>
      </extension>
      <extension url="value">
        <valueString value="true"/>
      </extension>
    </extension>
    <resource>
      <extension url="http://hl7.org/fhir/tools/StructureDefinition/resource-information">
        <valueString value="Practitioner"/>
      </extension>
      <reference>
        <reference value="Practitioner/26b2e265-9a7a-4e5e-b99d-bb301e8a3bfa"/>
      </reference>
      <name value="26b2e265-9a7a-4e5e-b99d-bb301e8a3bfa"/>
      <description value="Example of a physician practitioner."/>
      <exampleCanonical value="http://fhir.nmdp.org/ig/matchsync/StructureDefinition/nmdp-practitioner"/>
    </resource>
    <resource>
      <extension url="http://hl7.org/fhir/tools/StructureDefinition/resource-information">
        <valueString value="Patient"/>
      </extension>
      <reference>
        <reference value="Patient/3f7d88b1-3e39-4f52-bb9c-5d680b7166b3"/>
      </reference>
      <name value="3f7d88b1-3e39-4f52-bb9c-5d680b7166b3"/>
      <description value="Example of a patient needing a donor using us-core-race and us-core-ethnicity codes."/>
      <exampleCanonical value="http://fhir.nmdp.org/ig/matchsync/StructureDefinition/mspatient"/>
    </resource>
    <resource>
      <extension url="http://hl7.org/fhir/tools/StructureDefinition/resource-information">
        <valueString value="PractitionerRole"/>
      </extension>
      <reference>
        <reference value="PractitionerRole/8fd0ef20-d146-4fff-b2a8-1d607adf9802"/>
      </reference>
      <name value="8fd0ef20-d146-4fff-b2a8-1d607adf9802"/>
      <description value="Example of Transplant Center Physician Role"/>
      <exampleCanonical value="http://fhir.nmdp.org/ig/matchsync/StructureDefinition/nmdp-practitioner-role"/>
    </resource>
    <resource>
      <extension url="http://hl7.org/fhir/tools/StructureDefinition/resource-information">
        <valueString value="Condition"/>
      </extension>
      <reference>
        <reference value="Condition/a9e56f2a-0827-4efd-a773-ed48c6e2752c"/>
      </reference>
      <name value="a9e56f2a-0827-4efd-a773-ed48c6e2752c"/>
      <description value="Example of a Diagnois: AML"/>
      <exampleCanonical value="http://fhir.nmdp.org/ig/matchsync/StructureDefinition/msdiagnosis"/>
    </resource>
    <resource>
      <extension url="http://hl7.org/fhir/tools/StructureDefinition/resource-information">
        <valueString value="PractitionerRole"/>
      </extension>
      <reference>
        <reference value="PractitionerRole/ad78058a-c0fe-4ea0-bc86-d2f3770a1944"/>
      </reference>
      <name value="ad78058a-c0fe-4ea0-bc86-d2f3770a1944"/>
      <description value="Example of Transplant Center Search Coordinotor Role"/>
      <exampleCanonical value="http://fhir.nmdp.org/ig/matchsync/StructureDefinition/nmdp-practitioner-role"/>
    </resource>
    <resource>
      <extension url="http://hl7.org/fhir/tools/StructureDefinition/resource-information">
        <valueString value="CodeSystem"/>
      </extension>
      <reference>
        <reference value="CodeSystem/nmdp-abo-group-cs"/>
      </reference>
      <name value="CodeSystem - Blood Group (ABO) - NMDP"/>
      <description value="Code System for NMDP ABO blood groups"/>
      <exampleBoolean value="false"/>
    </resource>
    <resource>
      <extension url="http://hl7.org/fhir/tools/StructureDefinition/resource-information">
        <valueString value="CodeSystem"/>
      </extension>
      <reference>
        <reference value="CodeSystem/nmdp-abo-rh-group-cs"/>
      </reference>
      <name value="CodeSystem - Blood Group (ABO+RH) - NMDP"/>
      <description value="Code System for NMDP ABO RH blood groups"/>
      <exampleBoolean value="false"/>
    </resource>
    <resource>
      <extension url="http://hl7.org/fhir/tools/StructureDefinition/resource-information">
        <valueString value="CodeSystem"/>
      </extension>
      <reference>
        <reference value="CodeSystem/nmdp-rh-status-cs"/>
      </reference>
      <name value="CodeSystem - Blood Group (Rh) - NMDP"/>
      <description value="Code System for NMDP Rh Status"/>
      <exampleBoolean value="false"/>
    </resource>
    <resource>
      <extension url="http://hl7.org/fhir/tools/StructureDefinition/resource-information">
        <valueString value="CodeSystem"/>
      </extension>
      <reference>
        <reference value="CodeSystem/nmdp-cmv-cs"/>
      </reference>
      <name value="CodeSystem - CMV Group - NMDP"/>
      <description value="Code System for NMDP CMV"/>
      <exampleBoolean value="false"/>
    </resource>
    <resource>
      <extension url="http://hl7.org/fhir/tools/StructureDefinition/resource-information">
        <valueString value="CodeSystem"/>
      </extension>
      <reference>
        <reference value="CodeSystem/nmdp-disease-cs"/>
      </reference>
      <name value="CodeSystem - Disease - NMDP"/>
      <description value="Code System for NMDP diseases"/>
      <exampleBoolean value="false"/>
    </resource>
    <resource>
      <extension url="http://hl7.org/fhir/tools/StructureDefinition/resource-information">
        <valueString value="CodeSystem"/>
      </extension>
      <reference>
        <reference value="CodeSystem/nmdp-diseasestage-cs"/>
      </reference>
      <name value="CodeSystem - Disease Stage - NMDP"/>
      <description value="Code System for NMDP disease stages"/>
      <exampleBoolean value="false"/>
    </resource>
    <resource>
      <extension url="http://hl7.org/fhir/tools/StructureDefinition/resource-information">
        <valueString value="CodeSystem"/>
      </extension>
      <reference>
        <reference value="CodeSystem/nmdp-form117-cs"/>
      </reference>
      <name value="CodeSystem - Form117 Compliance- NMDP"/>
      <description value="NMDP Form 117 for MatchSync patient"/>
      <exampleBoolean value="false"/>
    </resource>
    <resource>
      <extension url="http://hl7.org/fhir/tools/StructureDefinition/resource-information">
        <valueString value="CodeSystem"/>
      </extension>
      <reference>
        <reference value="CodeSystem/nmdp-language-cs"/>
      </reference>
      <name value="CodeSystem - Language - NMDP"/>
      <description value="Code System for NMDP languages"/>
      <exampleBoolean value="false"/>
    </resource>
    <resource>
      <extension url="http://hl7.org/fhir/tools/StructureDefinition/resource-information">
        <valueString value="CodeSystem"/>
      </extension>
      <reference>
        <reference value="CodeSystem/nmdp-ethnicity-cs"/>
      </reference>
      <name value="CodeSystem - Patient Ethnicity - NMDP"/>
      <description value="Code System for NMDP ethnicity"/>
      <exampleBoolean value="false"/>
    </resource>
    <resource>
      <extension url="http://hl7.org/fhir/tools/StructureDefinition/resource-information">
        <valueString value="CodeSystem"/>
      </extension>
      <reference>
        <reference value="CodeSystem/nmdp-GenderIdentity-cs"/>
      </reference>
      <name value="CodeSystem - Patient Gender Identity - NMDP"/>
      <description value="Code System for NMDP diseases"/>
      <exampleBoolean value="false"/>
    </resource>
    <resource>
      <extension url="http://hl7.org/fhir/tools/StructureDefinition/resource-information">
        <valueString value="CodeSystem"/>
      </extension>
      <reference>
        <reference value="CodeSystem/nmdp-race-cs"/>
      </reference>
      <name value="CodeSystem - Patient Race - NMDP"/>
      <description value="Code System for NMDP diseases"/>
      <exampleBoolean value="false"/>
    </resource>
    <resource>
      <extension url="http://hl7.org/fhir/tools/StructureDefinition/resource-information">
        <valueString value="CodeSystem"/>
      </extension>
      <reference>
        <reference value="CodeSystem/nmdp-preferred-product-cs"/>
      </reference>
      <name value="CodeSystem - Preferred Product - NMDP"/>
      <description value="NMDP Preferred Product for MatchSync patient"/>
      <exampleBoolean value="false"/>
    </resource>
    <resource>
      <extension url="http://hl7.org/fhir/tools/StructureDefinition/resource-information">
        <valueString value="CodeSystem"/>
      </extension>
      <reference>
        <reference value="CodeSystem/nmdp-transplant-timeline-cs"/>
      </reference>
      <name value="CodeSystem - Transplant Timeline - NMDP"/>
      <description value="Code System for NMDP transplant timeline"/>
      <exampleBoolean value="false"/>
    </resource>
    <resource>
      <extension url="http://hl7.org/fhir/tools/StructureDefinition/resource-information">
        <valueString value="Observation"/>
      </extension>
      <reference>
        <reference value="Observation/Example-MS-ABOGroup"/>
      </reference>
      <name value="Example-MS-ABOGroup"/>
      <description value="Example of patient ABO"/>
      <exampleCanonical value="http://fhir.nmdp.org/ig/matchsync/StructureDefinition/ms-abogroup-observation"/>
    </resource>
    <resource>
      <extension url="http://hl7.org/fhir/tools/StructureDefinition/resource-information">
        <valueString value="Observation"/>
      </extension>
      <reference>
        <reference value="Observation/Example-MS-ABORH"/>
      </reference>
      <name value="Example-MS-ABORH"/>
      <description value="Example of patient ABO and RH"/>
      <exampleCanonical value="http://fhir.nmdp.org/ig/matchsync/StructureDefinition/ms-aborhgroup-observation"/>
    </resource>
    <resource>
      <extension url="http://hl7.org/fhir/tools/StructureDefinition/resource-information">
        <valueString value="Observation"/>
      </extension>
      <reference>
        <reference value="Observation/Example-MS-CMV"/>
      </reference>
      <name value="Example-MS-CMV"/>
      <description value="Example of Cytomeglovirus found in patient"/>
      <exampleCanonical value="http://fhir.nmdp.org/ig/matchsync/StructureDefinition/ms-cmvgroup-observation"/>
    </resource>
    <resource>
      <extension url="http://hl7.org/fhir/tools/StructureDefinition/resource-information">
        <valueString value="Observation"/>
      </extension>
      <reference>
        <reference value="Observation/Example-MS-Form117Compliance"/>
      </reference>
      <name value="Example-MS-Form117Compliance"/>
      <description value="Example of Form 117 Compliance for patient"/>
      <exampleCanonical value="http://fhir.nmdp.org/ig/matchsync/StructureDefinition/ms-form117-observation"/>
    </resource>
    <resource>
      <extension url="http://hl7.org/fhir/tools/StructureDefinition/resource-information">
        <valueString value="Observation"/>
      </extension>
      <reference>
        <reference value="Observation/Example-MS-PatientHeight"/>
      </reference>
      <name value="Example-MS-PatientHeight"/>
      <description value="Example of patient height"/>
      <exampleCanonical value="http://fhir.nmdp.org/ig/matchsync/StructureDefinition/ms-height-observation"/>
    </resource>
    <resource>
      <extension url="http://hl7.org/fhir/tools/StructureDefinition/resource-information">
        <valueString value="Observation"/>
      </extension>
      <reference>
        <reference value="Observation/Example-MS-PatientWeight"/>
      </reference>
      <name value="Example-MS-PatientWeight"/>
      <description value="Example of patient weight"/>
      <exampleCanonical value="http://fhir.nmdp.org/ig/matchsync/StructureDefinition/ms-weight-observation"/>
    </resource>
    <resource>
      <extension url="http://hl7.org/fhir/tools/StructureDefinition/resource-information">
        <valueString value="Observation"/>
      </extension>
      <reference>
        <reference value="Observation/Example-MS-PreferredProduct"/>
      </reference>
      <name value="Example-MS-PreferredProduct"/>
      <description value="Example of preferred product"/>
      <exampleCanonical value="http://fhir.nmdp.org/ig/matchsync/StructureDefinition/ms-preferred-product-observation"/>
    </resource>
    <resource>
      <extension url="http://hl7.org/fhir/tools/StructureDefinition/resource-information">
        <valueString value="Observation"/>
      </extension>
      <reference>
        <reference value="Observation/Example-MS-RhStatus"/>
      </reference>
      <name value="Example-MS-RhStatus"/>
      <description value="Example of patient Rh status"/>
      <exampleCanonical value="http://fhir.nmdp.org/ig/matchsync/StructureDefinition/ms-rhstatus-observation"/>
    </resource>
    <resource>
      <extension url="http://hl7.org/fhir/tools/StructureDefinition/resource-information">
        <valueString value="Observation"/>
      </extension>
      <reference>
        <reference value="Observation/Example-MS-TransplantTimeline"/>
      </reference>
      <name value="Example-MS-TransplantTimeline"/>
      <description value="Example of transplant timeline"/>
      <exampleCanonical value="http://fhir.nmdp.org/ig/matchsync/StructureDefinition/ms-transplant-timeline-observation"/>
    </resource>
    <resource>
      <extension url="http://hl7.org/fhir/tools/StructureDefinition/resource-information">
        <valueString value="PractitionerRole"/>
      </extension>
      <reference>
        <reference value="PractitionerRole/f1942bac-b8b3-45a1-b1d0-6928326d03ce"/>
      </reference>
      <name value="f1942bac-b8b3-45a1-b1d0-6928326d03ce"/>
      <description value="Example of Referring Physician Role"/>
      <exampleCanonical value="http://fhir.nmdp.org/ig/matchsync/StructureDefinition/nmdp-practitioner-role"/>
    </resource>
    <resource>
      <extension url="http://hl7.org/fhir/tools/StructureDefinition/resource-information">
        <valueString value="Practitioner"/>
      </extension>
      <reference>
        <reference value="Practitioner/fe6acf5d-ed53-4758-8d38-10d915c984af"/>
      </reference>
      <name value="fe6acf5d-ed53-4758-8d38-10d915c984af"/>
      <description value="Example of a search coordinator practitioner."/>
      <exampleCanonical value="http://fhir.nmdp.org/ig/matchsync/StructureDefinition/nmdp-practitioner"/>
    </resource>
    <resource>
      <extension url="http://hl7.org/fhir/tools/StructureDefinition/resource-information">
        <valueString value="CodeSystem"/>
      </extension>
      <reference>
        <reference value="CodeSystem/glstring-codesystem"/>
      </reference>
      <name value="Genotype List String Code CodeSystem"/>
      <description value="Genotype List String Codesystem used for HLA reporting"/>
      <exampleBoolean value="false"/>
    </resource>
    <resource>
      <extension url="http://hl7.org/fhir/tools/StructureDefinition/resource-information">
        <valueString value="ValueSet"/>
      </extension>
      <reference>
        <reference value="ValueSet/hla-geneid-valueset"/>
      </reference>
      <name value="HLA Gene Name Value Set"/>
      <description value="HLA HGNC GeneIds Valueset"/>
      <exampleBoolean value="false"/>
    </resource>
    <resource>
      <extension url="http://hl7.org/fhir/tools/StructureDefinition/resource-information">
        <valueString value="StructureDefinition:resource"/>
      </extension>
      <reference>
        <reference value="StructureDefinition/hla-genotype"/>
      </reference>
      <name value="HLA Genotype Observation"/>
      <description value="HLA Genotype profile of genotype observation"/>
      <exampleBoolean value="false"/>
    </resource>
    <resource>
      <extension url="http://hl7.org/fhir/tools/StructureDefinition/resource-information">
        <valueString value="CodeSystem"/>
      </extension>
      <reference>
        <reference value="CodeSystem/hla-genename-codesystem"/>
      </reference>
      <name value="HLA HGNC GeneID CodeSystem"/>
      <description value="CodeSystem of HLA gene group subset of HGNC GeneId Codesystem"/>
      <exampleBoolean value="false"/>
    </resource>
    <resource>
      <extension url="http://hl7.org/fhir/tools/StructureDefinition/resource-information">
        <valueString value="Observation"/>
      </extension>
      <reference>
        <reference value="Observation/HLA-A-Example"/>
      </reference>
      <name value="HLA-A-Example"/>
      <description value="Example of HLA-A"/>
      <exampleCanonical value="http://fhir.nmdp.org/ig/matchsync/StructureDefinition/hla-a"/>
    </resource>
    <resource>
      <extension url="http://hl7.org/fhir/tools/StructureDefinition/resource-information">
        <valueString value="Observation"/>
      </extension>
      <reference>
        <reference value="Observation/HLA-B-Example"/>
      </reference>
      <name value="HLA-B-Example"/>
      <description value="Example of HLA-B"/>
      <exampleCanonical value="http://fhir.nmdp.org/ig/matchsync/StructureDefinition/hla-b"/>
    </resource>
    <resource>
      <extension url="http://hl7.org/fhir/tools/StructureDefinition/resource-information">
        <valueString value="Observation"/>
      </extension>
      <reference>
        <reference value="Observation/HLA-C-Example"/>
      </reference>
      <name value="HLA-C-Example"/>
      <description value="Example of HLA-C"/>
      <exampleCanonical value="http://fhir.nmdp.org/ig/matchsync/StructureDefinition/hla-c"/>
    </resource>
    <resource>
      <extension url="http://hl7.org/fhir/tools/StructureDefinition/resource-information">
        <valueString value="Observation"/>
      </extension>
      <reference>
        <reference value="Observation/HLA-DPA1-Example"/>
      </reference>
      <name value="HLA-DPA1-Example"/>
      <description value="Example of HLA-DPA1"/>
      <exampleCanonical value="http://fhir.nmdp.org/ig/matchsync/StructureDefinition/hla-dpa1"/>
    </resource>
    <resource>
      <extension url="http://hl7.org/fhir/tools/StructureDefinition/resource-information">
        <valueString value="Observation"/>
      </extension>
      <reference>
        <reference value="Observation/HLA-DPB1-Example"/>
      </reference>
      <name value="HLA-DPB1-Example"/>
      <description value="Example of HLA-DPB1"/>
      <exampleCanonical value="http://fhir.nmdp.org/ig/matchsync/StructureDefinition/hla-dpb1"/>
    </resource>
    <resource>
      <extension url="http://hl7.org/fhir/tools/StructureDefinition/resource-information">
        <valueString value="Observation"/>
      </extension>
      <reference>
        <reference value="Observation/HLA-DQA1-Example"/>
      </reference>
      <name value="HLA-DQA1-Example"/>
      <description value="Example of HLA-DQA1"/>
      <exampleCanonical value="http://fhir.nmdp.org/ig/matchsync/StructureDefinition/hla-dqa1"/>
    </resource>
    <resource>
      <extension url="http://hl7.org/fhir/tools/StructureDefinition/resource-information">
        <valueString value="Observation"/>
      </extension>
      <reference>
        <reference value="Observation/HLA-DQB1-Example"/>
      </reference>
      <name value="HLA-DQB1-Example"/>
      <description value="Example of HLA-DQB1"/>
      <exampleCanonical value="http://fhir.nmdp.org/ig/matchsync/StructureDefinition/hla-dqb1"/>
    </resource>
    <resource>
      <extension url="http://hl7.org/fhir/tools/StructureDefinition/resource-information">
        <valueString value="Observation"/>
      </extension>
      <reference>
        <reference value="Observation/HLA-DRB1-Example"/>
      </reference>
      <name value="HLA-DRB1-Example"/>
      <description value="Example of HLA-DRB1"/>
      <exampleCanonical value="http://fhir.nmdp.org/ig/matchsync/StructureDefinition/hla-drb1"/>
    </resource>
    <resource>
      <extension url="http://hl7.org/fhir/tools/StructureDefinition/resource-information">
        <valueString value="Observation"/>
      </extension>
      <reference>
        <reference value="Observation/HLA-DRB3-Example"/>
      </reference>
      <name value="HLA-DRB3-Example"/>
      <description value="Example of HLA-DRB3"/>
      <exampleCanonical value="http://fhir.nmdp.org/ig/matchsync/StructureDefinition/hla-drb3"/>
    </resource>
    <resource>
      <extension url="http://hl7.org/fhir/tools/StructureDefinition/resource-information">
        <valueString value="Observation"/>
      </extension>
      <reference>
        <reference value="Observation/HLA-DRB4-Example"/>
      </reference>
      <name value="HLA-DRB4-Example"/>
      <description value="Example of HLA-DRB4"/>
      <exampleCanonical value="http://fhir.nmdp.org/ig/matchsync/StructureDefinition/hla-drb4"/>
    </resource>
    <resource>
      <extension url="http://hl7.org/fhir/tools/StructureDefinition/resource-information">
        <valueString value="Observation"/>
      </extension>
      <reference>
        <reference value="Observation/HLA-DRB5-Example"/>
      </reference>
      <name value="HLA-DRB5-Example"/>
      <description value="Example of HLA-DRB5"/>
      <exampleCanonical value="http://fhir.nmdp.org/ig/matchsync/StructureDefinition/hla-drb5"/>
    </resource>
    <resource>
      <extension url="http://hl7.org/fhir/tools/StructureDefinition/resource-information">
        <valueString value="Observation"/>
      </extension>
      <reference>
        <reference value="Observation/HLA-Multilocus-Genotype-Example"/>
      </reference>
      <name value="HLA-Multilocus-Genotype-Example"/>
      <description value="Multilocus Genotype of HLA-A, HLA-B, HLA-DRB1, and HLA-DRB3"/>
      <exampleCanonical value="http://fhir.nmdp.org/ig/matchsync/StructureDefinition/hla-genotype"/>
    </resource>
    <resource>
      <extension url="http://hl7.org/fhir/tools/StructureDefinition/resource-information">
        <valueString value="StructureDefinition:resource"/>
      </extension>
      <reference>
        <reference value="StructureDefinition/hla-a"/>
      </reference>
      <name value="HLA_A"/>
      <description value="Genotype for HLA-A"/>
      <exampleBoolean value="false"/>
    </resource>
    <resource>
      <extension url="http://hl7.org/fhir/tools/StructureDefinition/resource-information">
        <valueString value="StructureDefinition:resource"/>
      </extension>
      <reference>
        <reference value="StructureDefinition/hla-b"/>
      </reference>
      <name value="HLA_B"/>
      <description value="Genotype for HLA-B"/>
      <exampleBoolean value="false"/>
    </resource>
    <resource>
      <extension url="http://hl7.org/fhir/tools/StructureDefinition/resource-information">
        <valueString value="StructureDefinition:resource"/>
      </extension>
      <reference>
        <reference value="StructureDefinition/hla-c"/>
      </reference>
      <name value="HLA_C"/>
      <description value="Genotype for HLA-C"/>
      <exampleBoolean value="false"/>
    </resource>
    <resource>
      <extension url="http://hl7.org/fhir/tools/StructureDefinition/resource-information">
        <valueString value="StructureDefinition:resource"/>
      </extension>
      <reference>
        <reference value="StructureDefinition/hla-dpa1"/>
      </reference>
      <name value="HLA_DPA1"/>
      <description value="Genotype for HLA-DPA1"/>
      <exampleBoolean value="false"/>
    </resource>
    <resource>
      <extension url="http://hl7.org/fhir/tools/StructureDefinition/resource-information">
        <valueString value="StructureDefinition:resource"/>
      </extension>
      <reference>
        <reference value="StructureDefinition/hla-dpb1"/>
      </reference>
      <name value="HLA_DPB1"/>
      <description value="Genotype for HLA-DPB1"/>
      <exampleBoolean value="false"/>
    </resource>
    <resource>
      <extension url="http://hl7.org/fhir/tools/StructureDefinition/resource-information">
        <valueString value="StructureDefinition:resource"/>
      </extension>
      <reference>
        <reference value="StructureDefinition/hla-dqa1"/>
      </reference>
      <name value="HLA_DQA1"/>
      <description value="Genotype for HLA-DQA1"/>
      <exampleBoolean value="false"/>
    </resource>
    <resource>
      <extension url="http://hl7.org/fhir/tools/StructureDefinition/resource-information">
        <valueString value="StructureDefinition:resource"/>
      </extension>
      <reference>
        <reference value="StructureDefinition/hla-dqb1"/>
      </reference>
      <name value="HLA_DQB1"/>
      <description value="Genotype for HLA-DQB1"/>
      <exampleBoolean value="false"/>
    </resource>
    <resource>
      <extension url="http://hl7.org/fhir/tools/StructureDefinition/resource-information">
        <valueString value="StructureDefinition:resource"/>
      </extension>
      <reference>
        <reference value="StructureDefinition/hla-drb1"/>
      </reference>
      <name value="HLA_DRB1"/>
      <description value="Genotype for HLA-DRB1"/>
      <exampleBoolean value="false"/>
    </resource>
    <resource>
      <extension url="http://hl7.org/fhir/tools/StructureDefinition/resource-information">
        <valueString value="StructureDefinition:resource"/>
      </extension>
      <reference>
        <reference value="StructureDefinition/hla-drb3"/>
      </reference>
      <name value="HLA_DRB3"/>
      <description value="Genotype for HLA-DRB3"/>
      <exampleBoolean value="false"/>
    </resource>
    <resource>
      <extension url="http://hl7.org/fhir/tools/StructureDefinition/resource-information">
        <valueString value="StructureDefinition:resource"/>
      </extension>
      <reference>
        <reference value="StructureDefinition/hla-drb4"/>
      </reference>
      <name value="HLA_DRB4"/>
      <description value="Genotype for HLA-DRB4"/>
      <exampleBoolean value="false"/>
    </resource>
    <resource>
      <extension url="http://hl7.org/fhir/tools/StructureDefinition/resource-information">
        <valueString value="StructureDefinition:resource"/>
      </extension>
      <reference>
        <reference value="StructureDefinition/hla-drb5"/>
      </reference>
      <name value="HLA_DRB5"/>
      <description value="Genotype for HLA-DRB5"/>
      <exampleBoolean value="false"/>
    </resource>
    <resource>
      <extension url="http://hl7.org/fhir/tools/StructureDefinition/resource-information">
        <valueString value="ValueSet"/>
      </extension>
      <reference>
        <reference value="ValueSet/icd10-gvhd-codes"/>
      </reference>
      <name value="ICD-10 (GVHD) Codes"/>
      <description value="GVHD ICD-10 Codes"/>
      <exampleBoolean value="false"/>
    </resource>
    <resource>
      <extension url="http://hl7.org/fhir/tools/StructureDefinition/resource-information">
        <valueString value="StructureDefinition:resource"/>
      </extension>
      <reference>
        <reference value="StructureDefinition/ms-bundle"/>
      </reference>
      <name value="MatchSync Bundle"/>
      <description value="Collection Bundle for MatchSync"/>
      <exampleBoolean value="false"/>
    </resource>
    <resource>
      <extension url="http://hl7.org/fhir/tools/StructureDefinition/resource-information">
        <valueString value="Bundle"/>
      </extension>
      <reference>
        <reference value="Bundle/BundleExample-Practitioner"/>
      </reference>
      <name value="MatchSync Bundle Example - Practioners"/>
      <description value="MatchSync Bundle Example with Patient, Search Coordinator, Referring Physician, and TC Physician"/>
      <exampleCanonical value="http://fhir.nmdp.org/ig/matchsync/StructureDefinition/ms-bundle"/>
    </resource>
    <resource>
      <extension url="http://hl7.org/fhir/tools/StructureDefinition/resource-information">
        <valueString value="StructureDefinition:resource"/>
      </extension>
      <reference>
        <reference value="StructureDefinition/ms-bundle-hla-separate"/>
      </reference>
      <name value="MatchSync Bundle with Separate HLA"/>
      <description value="Collection Bundle for MatchSync with separate HLA Observations for each locus"/>
      <exampleBoolean value="false"/>
    </resource>
    <resource>
      <extension url="http://hl7.org/fhir/tools/StructureDefinition/resource-information">
        <valueString value="StructureDefinition:resource"/>
      </extension>
      <reference>
        <reference value="StructureDefinition/ms-bundle-hla-multilocus"/>
      </reference>
      <name value="MatchSync Bundle with single multilocus HLA"/>
      <description value="Collection Bundle for MatchSync with single HLA multilocus Observation"/>
      <exampleBoolean value="false"/>
    </resource>
    <resource>
      <extension url="http://hl7.org/fhir/tools/StructureDefinition/resource-information">
        <valueString value="Condition"/>
      </extension>
      <reference>
        <reference value="Condition/MSDiagnosisExample-AML"/>
      </reference>
      <name value="MSDiagnosisExample-AML"/>
      <description value="Example of a Diagnois: AML"/>
      <exampleCanonical value="http://fhir.nmdp.org/ig/matchsync/StructureDefinition/msdiagnosis"/>
    </resource>
    <resource>
      <extension url="http://hl7.org/fhir/tools/StructureDefinition/resource-information">
        <valueString value="Condition"/>
      </extension>
      <reference>
        <reference value="Condition/MSDiagnosisExample-OND"/>
      </reference>
      <name value="MSDiagnosisExample-OND"/>
      <description value="Example of a Diagnois"/>
      <exampleCanonical value="http://fhir.nmdp.org/ig/matchsync/StructureDefinition/msdiagnosis"/>
    </resource>
    <resource>
      <extension url="http://hl7.org/fhir/tools/StructureDefinition/resource-information">
        <valueString value="StructureDefinition:resource"/>
      </extension>
      <reference>
        <reference value="StructureDefinition/mspatient"/>
      </reference>
      <name value="MSPatient"/>
      <description value="Patient needing a transplant"/>
      <exampleBoolean value="false"/>
    </resource>
    <resource>
      <extension url="http://hl7.org/fhir/tools/StructureDefinition/resource-information">
        <valueString value="Patient"/>
      </extension>
      <reference>
        <reference value="Patient/MSPatientBirthSex"/>
      </reference>
      <name value="MSPatientBirthSex"/>
      <description value="Example of a patient using BirthSex codes"/>
      <exampleCanonical value="http://fhir.nmdp.org/ig/matchsync/StructureDefinition/mspatient"/>
    </resource>
    <resource>
      <extension url="http://hl7.org/fhir/tools/StructureDefinition/resource-information">
        <valueString value="Patient"/>
      </extension>
      <reference>
        <reference value="Patient/MSPatientExample"/>
      </reference>
      <name value="MSPatientExample"/>
      <description value="Example of a patient needing a donor using us-core-race and us-core-ethnicity codes."/>
      <exampleCanonical value="http://fhir.nmdp.org/ig/matchsync/StructureDefinition/mspatient"/>
    </resource>
    <resource>
      <extension url="http://hl7.org/fhir/tools/StructureDefinition/resource-information">
        <valueString value="Patient"/>
      </extension>
      <reference>
        <reference value="Patient/MSPatientExample2"/>
      </reference>
      <name value="MSPatientExample2"/>
      <description value="Example of a patient needing a donor using NMDP race code."/>
      <exampleCanonical value="http://fhir.nmdp.org/ig/matchsync/StructureDefinition/mspatient"/>
    </resource>
    <resource>
      <extension url="http://hl7.org/fhir/tools/StructureDefinition/resource-information">
        <valueString value="Patient"/>
      </extension>
      <reference>
        <reference value="Patient/MSPatientExample3"/>
      </reference>
      <name value="MSPatientExample3"/>
      <description value="Example of a patient without a race code"/>
      <exampleCanonical value="http://fhir.nmdp.org/ig/matchsync/StructureDefinition/mspatient"/>
    </resource>
    <resource>
      <extension url="http://hl7.org/fhir/tools/StructureDefinition/resource-information">
        <valueString value="Patient"/>
      </extension>
      <reference>
        <reference value="Patient/MSPatientExample4"/>
      </reference>
      <name value="MSPatientExample4"/>
      <description value="Example of a patient needing a donor using us-core-race code but not us-core-ethnicity"/>
      <exampleCanonical value="http://fhir.nmdp.org/ig/matchsync/StructureDefinition/mspatient"/>
    </resource>
    <resource>
      <extension url="http://hl7.org/fhir/tools/StructureDefinition/resource-information">
        <valueString value="Patient"/>
      </extension>
      <reference>
        <reference value="Patient/MSPatientExample5"/>
      </reference>
      <name value="MSPatientExample5"/>
      <description value="Example of a patient needing a donor using NMDP race code."/>
      <exampleCanonical value="http://fhir.nmdp.org/ig/matchsync/StructureDefinition/mspatient"/>
    </resource>
    <resource>
      <extension url="http://hl7.org/fhir/tools/StructureDefinition/resource-information">
        <valueString value="StructureDefinition:resource"/>
      </extension>
      <reference>
        <reference value="StructureDefinition/msdiagnosis"/>
      </reference>
      <name value="MSPrimaryDiagnosis"/>
      <description value="Diagnosis"/>
      <exampleBoolean value="false"/>
    </resource>
    <resource>
      <extension url="http://hl7.org/fhir/tools/StructureDefinition/resource-information">
        <valueString value="StructureDefinition:resource"/>
      </extension>
      <reference>
        <reference value="StructureDefinition/msspecimen"/>
      </reference>
      <name value="MSSpecimen"/>
      <description value="Patient sample used for HLA typing"/>
      <exampleBoolean value="false"/>
    </resource>
    <resource>
      <extension url="http://hl7.org/fhir/tools/StructureDefinition/resource-information">
        <valueString value="Specimen"/>
      </extension>
      <reference>
        <reference value="Specimen/MSSpecimenExample"/>
      </reference>
      <name value="MSSpecimenExample"/>
      <description value="Example patient specimen."/>
      <exampleCanonical value="http://fhir.nmdp.org/ig/matchsync/StructureDefinition/msspecimen"/>
    </resource>
    <resource>
      <extension url="http://hl7.org/fhir/tools/StructureDefinition/resource-information">
        <valueString value="ValueSet"/>
      </extension>
      <reference>
        <reference value="ValueSet/nmdp-practitioner-role-vs"/>
      </reference>
      <name value="NMDP Practitioner Role Value Set"/>
      <description value="NMDP Practitioner Role Value Set"/>
      <exampleBoolean value="false"/>
    </resource>
    <resource>
      <extension url="http://hl7.org/fhir/tools/StructureDefinition/resource-information">
        <valueString value="CodeSystem"/>
      </extension>
      <reference>
        <reference value="CodeSystem/nmdp-practitioner-role-cs"/>
      </reference>
      <name value="NMDP Practitioner Roles"/>
      <description value="NMDP Practitioner Roles"/>
      <exampleBoolean value="false"/>
    </resource>
    <resource>
      <extension url="http://hl7.org/fhir/tools/StructureDefinition/resource-information">
        <valueString value="StructureDefinition:resource"/>
      </extension>
      <reference>
        <reference value="StructureDefinition/nmdp-practitioner"/>
      </reference>
      <name value="NMDPPractitioner"/>
      <description value="NMDP Practitioner"/>
      <exampleBoolean value="false"/>
    </resource>
    <resource>
      <extension url="http://hl7.org/fhir/tools/StructureDefinition/resource-information">
        <valueString value="StructureDefinition:resource"/>
      </extension>
      <reference>
        <reference value="StructureDefinition/nmdp-practitioner-role"/>
      </reference>
      <name value="NMDPPractitionerRole"/>
      <description value="NMDP Practitioner Role"/>
      <exampleBoolean value="false"/>
    </resource>
    <resource>
      <extension url="http://hl7.org/fhir/tools/StructureDefinition/resource-information">
        <valueString value="StructureDefinition:extension"/>
      </extension>
      <reference>
        <reference value="StructureDefinition/number-of-remissions"/>
      </reference>
      <name value="Number of Remissions of Primary Diagnosis"/>
      <description value="Number of Remissions of Primary Diagnosis"/>
      <exampleBoolean value="false"/>
    </resource>
    <resource>
      <extension url="http://hl7.org/fhir/tools/StructureDefinition/resource-information">
        <valueString value="StructureDefinition:resource"/>
      </extension>
      <reference>
        <reference value="StructureDefinition/ms-abogroup-observation"/>
      </reference>
      <name value="Observation_MS_ABOGroup"/>
      <description value="ABO Blood Group of Patient"/>
      <exampleBoolean value="false"/>
    </resource>
    <resource>
      <extension url="http://hl7.org/fhir/tools/StructureDefinition/resource-information">
        <valueString value="StructureDefinition:resource"/>
      </extension>
      <reference>
        <reference value="StructureDefinition/ms-aborhgroup-observation"/>
      </reference>
      <name value="Observation_MS_ABORH"/>
      <description value="ABO and Rh group [Type] in Blood"/>
      <exampleBoolean value="false"/>
    </resource>
    <resource>
      <extension url="http://hl7.org/fhir/tools/StructureDefinition/resource-information">
        <valueString value="StructureDefinition:resource"/>
      </extension>
      <reference>
        <reference value="StructureDefinition/ms-cmvgroup-observation"/>
      </reference>
      <name value="Observation_MS_CMV"/>
      <description value="Cytomeglovirus found in patient"/>
      <exampleBoolean value="false"/>
    </resource>
    <resource>
      <extension url="http://hl7.org/fhir/tools/StructureDefinition/resource-information">
        <valueString value="StructureDefinition:resource"/>
      </extension>
      <reference>
        <reference value="StructureDefinition/ms-form117-observation"/>
      </reference>
      <name value="Observation_MS_Form117Compliance"/>
      <description value="Form 117 Compliance for patient"/>
      <exampleBoolean value="false"/>
    </resource>
    <resource>
      <extension url="http://hl7.org/fhir/tools/StructureDefinition/resource-information">
        <valueString value="StructureDefinition:resource"/>
      </extension>
      <reference>
        <reference value="StructureDefinition/ms-height-observation"/>
      </reference>
      <name value="Observation_MS_PatientHeight"/>
      <description value="Height of Patient"/>
      <exampleBoolean value="false"/>
    </resource>
    <resource>
      <extension url="http://hl7.org/fhir/tools/StructureDefinition/resource-information">
        <valueString value="StructureDefinition:resource"/>
      </extension>
      <reference>
        <reference value="StructureDefinition/ms-weight-observation"/>
      </reference>
      <name value="Observation_MS_PatientWeight"/>
      <description value="Weight of Patient"/>
      <exampleBoolean value="false"/>
    </resource>
    <resource>
      <extension url="http://hl7.org/fhir/tools/StructureDefinition/resource-information">
        <valueString value="StructureDefinition:resource"/>
      </extension>
      <reference>
        <reference value="StructureDefinition/ms-preferred-product-observation"/>
      </reference>
      <name value="Observation_MS_PreferredProduct"/>
      <description value="Preferred product for transplant"/>
      <exampleBoolean value="false"/>
    </resource>
    <resource>
      <extension url="http://hl7.org/fhir/tools/StructureDefinition/resource-information">
        <valueString value="StructureDefinition:resource"/>
      </extension>
      <reference>
        <reference value="StructureDefinition/ms-rhstatus-observation"/>
      </reference>
      <name value="Observation_MS_RhStatus"/>
      <description value="Rh status of Patient"/>
      <exampleBoolean value="false"/>
    </resource>
    <resource>
      <extension url="http://hl7.org/fhir/tools/StructureDefinition/resource-information">
        <valueString value="StructureDefinition:resource"/>
      </extension>
      <reference>
        <reference value="StructureDefinition/ms-transplant-timeline-observation"/>
      </reference>
      <name value="Observation_MS_TransplantTimeline"/>
      <description value="Transplant timeline for patient"/>
      <exampleBoolean value="false"/>
    </resource>
    <resource>
      <extension url="http://hl7.org/fhir/tools/StructureDefinition/resource-information">
        <valueString value="Practitioner"/>
      </extension>
      <reference>
        <reference value="Practitioner/PhysicianExample"/>
      </reference>
      <name value="PhysicianExample"/>
      <description value="Example of a practitioner."/>
      <exampleCanonical value="http://fhir.nmdp.org/ig/matchsync/StructureDefinition/nmdp-practitioner"/>
    </resource>
    <resource>
      <extension url="http://hl7.org/fhir/tools/StructureDefinition/resource-information">
        <valueString value="PractitionerRole"/>
      </extension>
      <reference>
        <reference value="PractitionerRole/ReferringPhysicianRoleExample"/>
      </reference>
      <name value="ReferringPhysicianRoleExample"/>
      <description value="Example of Referring Physician Role"/>
      <exampleCanonical value="http://fhir.nmdp.org/ig/matchsync/StructureDefinition/nmdp-practitioner-role"/>
    </resource>
    <resource>
      <extension url="http://hl7.org/fhir/tools/StructureDefinition/resource-information">
        <valueString value="Practitioner"/>
      </extension>
      <reference>
        <reference value="Practitioner/SearchCoordinatorExample"/>
      </reference>
      <name value="SearchCoordinatorExample"/>
      <description value="Example of a practitioner."/>
      <exampleCanonical value="http://fhir.nmdp.org/ig/matchsync/StructureDefinition/nmdp-practitioner"/>
    </resource>
    <resource>
      <extension url="http://hl7.org/fhir/tools/StructureDefinition/resource-information">
        <valueString value="PractitionerRole"/>
      </extension>
      <reference>
        <reference value="PractitionerRole/SearchCoordinatorRoleExample"/>
      </reference>
      <name value="SearchCoordinatorRoleExample"/>
      <description value="Example of Transplant Center Coordinotor Role"/>
      <exampleCanonical value="http://fhir.nmdp.org/ig/matchsync/StructureDefinition/nmdp-practitioner-role"/>
    </resource>
    <resource>
      <extension url="http://hl7.org/fhir/tools/StructureDefinition/resource-information">
        <valueString value="Organization"/>
      </extension>
      <reference>
        <reference value="Organization/TCExample"/>
      </reference>
      <name value="TCExample"/>
      <description value="Example of a Transplant Center."/>
      <exampleCanonical value="http://fhir.nmdp.org/ig/matchsync/StructureDefinition/transplantcenter"/>
    </resource>
    <resource>
      <extension url="http://hl7.org/fhir/tools/StructureDefinition/resource-information">
        <valueString value="PractitionerRole"/>
      </extension>
      <reference>
        <reference value="PractitionerRole/TCPhysicianRoleExample"/>
      </reference>
      <name value="TCPhysicianRoleExample"/>
      <description value="Example of Transplant Center Physician Role"/>
      <exampleCanonical value="http://fhir.nmdp.org/ig/matchsync/StructureDefinition/nmdp-practitioner-role"/>
    </resource>
    <resource>
      <extension url="http://hl7.org/fhir/tools/StructureDefinition/resource-information">
        <valueString value="StructureDefinition:resource"/>
      </extension>
      <reference>
        <reference value="StructureDefinition/transplantcenter"/>
      </reference>
      <name value="TransplantCenter"/>
      <description value="Transplant Center"/>
      <exampleBoolean value="false"/>
    </resource>
    <resource>
      <extension url="http://hl7.org/fhir/tools/StructureDefinition/resource-information">
        <valueString value="ValueSet"/>
      </extension>
      <reference>
        <reference value="ValueSet/loinc-abo-codes"/>
      </reference>
      <name value="ValueSet - Blood Group (ABO) - LOINC"/>
      <description value="LOINC codes for ABO blood group"/>
      <exampleBoolean value="false"/>
    </resource>
    <resource>
      <extension url="http://hl7.org/fhir/tools/StructureDefinition/resource-information">
        <valueString value="ValueSet"/>
      </extension>
      <reference>
        <reference value="ValueSet/nmdp-abo-codes"/>
      </reference>
      <name value="ValueSet - Blood Group (ABO) - NMDP"/>
      <description value="NMDP blood group codes"/>
      <exampleBoolean value="false"/>
    </resource>
    <resource>
      <extension url="http://hl7.org/fhir/tools/StructureDefinition/resource-information">
        <valueString value="ValueSet"/>
      </extension>
      <reference>
        <reference value="ValueSet/loinc-abo-rh-codes"/>
      </reference>
      <name value="ValueSet - Blood Group (ABO+RH) - LOINC"/>
      <description value="LOINC codes for ABO RH blood group"/>
      <exampleBoolean value="false"/>
    </resource>
    <resource>
      <extension url="http://hl7.org/fhir/tools/StructureDefinition/resource-information">
        <valueString value="ValueSet"/>
      </extension>
      <reference>
        <reference value="ValueSet/nmdp-abo-rh-codes"/>
      </reference>
      <name value="ValueSet - Blood Group (ABO+RH) - NMDP"/>
      <description value="NMDP blood group codes"/>
      <exampleBoolean value="false"/>
    </resource>
    <resource>
      <extension url="http://hl7.org/fhir/tools/StructureDefinition/resource-information">
        <valueString value="ValueSet"/>
      </extension>
      <reference>
        <reference value="ValueSet/loinc-posneg-codes"/>
      </reference>
      <name value="ValueSet - Blood Group (Rh) - LOINC"/>
      <description value="LOINC codes for Positive and Negative"/>
      <exampleBoolean value="false"/>
    </resource>
    <resource>
      <extension url="http://hl7.org/fhir/tools/StructureDefinition/resource-information">
        <valueString value="ValueSet"/>
      </extension>
      <reference>
        <reference value="ValueSet/nmdp-rh-status-codes"/>
      </reference>
      <name value="ValueSet - Blood Group (Rh) - NMDP"/>
      <description value="NMDP codes for Rh staus"/>
      <exampleBoolean value="false"/>
    </resource>
    <resource>
      <extension url="http://hl7.org/fhir/tools/StructureDefinition/resource-information">
        <valueString value="ValueSet"/>
      </extension>
      <reference>
        <reference value="ValueSet/loinc-cmv-codes"/>
      </reference>
      <name value="ValueSet - CMV Group - LOINC"/>
      <description value="LOINC codes for CMV"/>
      <exampleBoolean value="false"/>
    </resource>
    <resource>
      <extension url="http://hl7.org/fhir/tools/StructureDefinition/resource-information">
        <valueString value="ValueSet"/>
      </extension>
      <reference>
        <reference value="ValueSet/nmdp-cmv-codes"/>
      </reference>
      <name value="ValueSet - CMV Group - NMDP"/>
      <description value="NMDP cmv codes"/>
      <exampleBoolean value="false"/>
    </resource>
    <resource>
      <extension url="http://hl7.org/fhir/tools/StructureDefinition/resource-information">
        <valueString value="ValueSet"/>
      </extension>
      <reference>
        <reference value="ValueSet/nmdp-disease-codes"/>
      </reference>
      <name value="ValueSet - Disease - NMDP"/>
      <description value="NMDP disease codes"/>
      <exampleBoolean value="false"/>
    </resource>
    <resource>
      <extension url="http://hl7.org/fhir/tools/StructureDefinition/resource-information">
        <valueString value="ValueSet"/>
      </extension>
      <reference>
        <reference value="ValueSet/nmdp-diseasestage-codes"/>
      </reference>
      <name value="ValueSet - Disease Stage - NMDP"/>
      <description value="NMDP disease stage codes"/>
      <exampleBoolean value="false"/>
    </resource>
    <resource>
      <extension url="http://hl7.org/fhir/tools/StructureDefinition/resource-information">
        <valueString value="ValueSet"/>
      </extension>
      <reference>
        <reference value="ValueSet/ms-form117-codes"/>
      </reference>
      <name value="ValueSet - Form117 Compliance - NMDP"/>
      <description value="NMDP Form 117 codes"/>
      <exampleBoolean value="false"/>
    </resource>
    <resource>
      <extension url="http://hl7.org/fhir/tools/StructureDefinition/resource-information">
        <valueString value="ValueSet"/>
      </extension>
      <reference>
        <reference value="ValueSet/nmdp-language-codes"/>
      </reference>
      <name value="ValueSet - Language - NMDP"/>
      <description value="NMDP language codes"/>
      <exampleBoolean value="false"/>
    </resource>
    <resource>
      <extension url="http://hl7.org/fhir/tools/StructureDefinition/resource-information">
        <valueString value="ValueSet"/>
      </extension>
      <reference>
        <reference value="ValueSet/nmdp-ethnicity-codes"/>
      </reference>
      <name value="ValueSet - Patient Ethnicity - NMDP"/>
      <description value="NMDP ethnicity codes"/>
      <exampleBoolean value="false"/>
    </resource>
    <resource>
      <extension url="http://hl7.org/fhir/tools/StructureDefinition/resource-information">
        <valueString value="ValueSet"/>
      </extension>
      <reference>
        <reference value="ValueSet/nmdp-GenderIdentity-codes"/>
      </reference>
      <name value="ValueSet - Patient Gender Identity - NMDP"/>
      <description value="NMDP GenderIdentity codes"/>
      <exampleBoolean value="false"/>
    </resource>
    <resource>
      <extension url="http://hl7.org/fhir/tools/StructureDefinition/resource-information">
        <valueString value="ValueSet"/>
      </extension>
      <reference>
        <reference value="ValueSet/nmdp-race-codes"/>
      </reference>
      <name value="ValueSet - Patient Race - NMDP"/>
      <description value="NMDP race codes"/>
      <exampleBoolean value="false"/>
    </resource>
    <resource>
      <extension url="http://hl7.org/fhir/tools/StructureDefinition/resource-information">
        <valueString value="ValueSet"/>
      </extension>
      <reference>
        <reference value="ValueSet/nmdp-preferred-product-codes"/>
      </reference>
      <name value="ValueSet - Preferred Product - NMDP"/>
      <description value="NMDP preferred product codes"/>
      <exampleBoolean value="false"/>
    </resource>
    <resource>
      <extension url="http://hl7.org/fhir/tools/StructureDefinition/resource-information">
        <valueString value="ValueSet"/>
      </extension>
      <reference>
        <reference value="ValueSet/nmdp-transplant-timeline-codes"/>
      </reference>
      <name value="ValueSet - Transplant Timeline - NMDP"/>
      <description value="NMDP transplant timeline codes"/>
      <exampleBoolean value="false"/>
    </resource>
    <page>
      <extension url="http://hl7.org/fhir/tools/StructureDefinition/ig-page-name">
        <valueUrl value="toc.html"/>
      </extension>
      <nameUrl value="toc.html"/>
      <title value="Table of Contents"/>
      <generation value="html"/>
      <page>
        <extension url="http://hl7.org/fhir/tools/StructureDefinition/ig-page-name">
          <valueUrl value="index.html"/>
        </extension>
        <nameUrl value="index.html"/>
        <title value="Home"/>
        <generation value="markdown"/>
      </page>
      <page>
        <extension url="http://hl7.org/fhir/tools/StructureDefinition/ig-page-name">
          <valueUrl value="Appendices.html"/>
        </extension>
        <nameUrl value="Appendices.html"/>
        <title value="Appendices"/>
        <generation value="markdown"/>
      </page>
      <page>
        <extension url="http://hl7.org/fhir/tools/StructureDefinition/ig-page-name">
          <valueUrl value="extra.html"/>
        </extension>
        <nameUrl value="extra.html"/>
        <title value="Extra"/>
        <generation value="markdown"/>
      </page>
    </page>
    <parameter>
      <code value="path-resource"/>
      <value value="input/capabilities"/>
    </parameter>
    <parameter>
      <code value="path-resource"/>
      <value value="input/examples"/>
    </parameter>
    <parameter>
      <code value="path-resource"/>
      <value value="input/extensions"/>
    </parameter>
    <parameter>
      <code value="path-resource"/>
      <value value="input/models"/>
    </parameter>
    <parameter>
      <code value="path-resource"/>
      <value value="input/operations"/>
    </parameter>
    <parameter>
      <code value="path-resource"/>
      <value value="input/profiles"/>
    </parameter>
    <parameter>
      <code value="path-resource"/>
      <value value="input/resources"/>
    </parameter>
    <parameter>
      <code value="path-resource"/>
      <value value="input/vocabulary"/>
    </parameter>
    <parameter>
      <code value="path-resource"/>
      <value value="input/maps"/>
    </parameter>
    <parameter>
      <code value="path-resource"/>
      <value value="input/testing"/>
    </parameter>
    <parameter>
      <code value="path-resource"/>
      <value value="input/history"/>
    </parameter>
    <parameter>
      <code value="path-resource"/>
      <value value="fsh-generated/resources"/>
    </parameter>
    <parameter>
      <code value="path-pages"/>
      <value value="template/config"/>
    </parameter>
    <parameter>
      <code value="path-pages"/>
      <value value="input/images"/>
    </parameter>
    <parameter>
      <code value="path-tx-cache"/>
      <value value="input-cache/txcache"/>
    </parameter>
  </definition>
</ImplementationGuide>