<?xml version="1.0" encoding="UTF-8"?>

<ValueSet xmlns="http://hl7.org/fhir">
  <id value="nmdp-cmv-codes"/>
  <text>
    <status value="generated"/><div xmlns="http://www.w3.org/1999/xhtml"><p class="res-header-id"><b>Generated Narrative: ValueSet nmdp-cmv-codes</b></p><a name="nmdp-cmv-codes"> </a><a name="hcnmdp-cmv-codes"> </a><a name="nmdp-cmv-codes-en-US"> </a><ul><li>Include all codes defined in <a href="CodeSystem-nmdp-cmv-cs.html"><code>http://terminology.nmdp.org/codesystem/cmv</code></a></li></ul></div>
  </text>
  <url value="http://fhir.nmdp.org/ig/matchsync/ValueSet/nmdp-cmv-codes"/>
  <version value="0.1.2"/>
  <name value="NMDPCMVVS"/>
  <title value="ValueSet - CMV Group - NMDP"/>
  <status value="draft"/>
  <experimental value="true"/>
  <date value="2025-04-16T10:37:17-05:00"/>
  <publisher value="NMDP"/>
  <contact>
    <name value="NMDP"/>
    <telecom>
      <system value="url"/>
      <value value="http://bethematch.org"/>
    </telecom>
  </contact>
  <description value="NMDP cmv codes"/>
  <compose>
    <include>
      <system value="http://terminology.nmdp.org/codesystem/cmv"/>
    </include>
  </compose>
</ValueSet>