<?xml version="1.0" encoding="UTF-8"?>

<ValueSet xmlns="http://hl7.org/fhir">
  <id value="loinc-cmv-codes"/>
  <text>
    <status value="generated"/><div xmlns="http://www.w3.org/1999/xhtml"><p class="res-header-id"><b>Generated Narrative: ValueSet loinc-cmv-codes</b></p><a name="loinc-cmv-codes"> </a><a name="hcloinc-cmv-codes"> </a><a name="loinc-cmv-codes-en-US"> </a><ul><li>Include these codes as defined in <a href="http://loinc.org"><code>http://loinc.org</code></a><table class="none"><tr><td style="white-space:nowrap"><b>Code</b></td><td><b>Display</b></td></tr><tr><td><a href="https://loinc.org/LA6576-8/">LA6576-8</a></td><td>P</td></tr><tr><td><a href="https://loinc.org/LA6577-6/">LA6577-6</a></td><td>N</td></tr><tr><td><a href="https://loinc.org/LA11885-3/">LA11885-3</a></td><td>I</td></tr><tr><td><a href="https://loinc.org/LA9663-1/">LA9663-1</a></td><td>I</td></tr><tr><td><a href="https://loinc.org/LA113538-6/">LA113538-6</a></td><td>U</td></tr></table></li></ul></div>
  </text>
  <url value="http://loinc.org/vs/LL3639-3"/>
  <version value="0.1.2"/>
  <name value="LNCCMVGroupVS"/>
  <title value="ValueSet - CMV Group - LOINC"/>
  <status value="active"/>
  <experimental value="true"/>
  <date value="2025-04-16T10:37:17-05:00"/>
  <publisher value="NMDP"/>
  <contact>
    <name value="NMDP"/>
    <telecom>
      <system value="url"/>
      <value value="http://bethematch.org"/>
    </telecom>
  </contact>
  <description value="LOINC codes for CMV"/>
  <copyright value="This material contains content from LOINC (http://loinc.org). LOINC is copyright ©1995-2022, Regenstrief Institute, Inc. and the Logical Observation Identifiers Names and Codes (LOINC) Committee and is available at no cost under the license at http://loinc.org/license. LOINC® is a registered United States trademark of Regenstrief Institute, Inc."/>
  <compose>
    <include>
      <system value="http://loinc.org"/>
      <concept>
        <code value="LA6576-8"/>
        <display value="P"/>
      </concept>
      <concept>
        <code value="LA6577-6"/>
        <display value="N"/>
      </concept>
      <concept>
        <code value="LA11885-3"/>
        <display value="I"/>
      </concept>
      <concept>
        <code value="LA9663-1"/>
        <display value="I"/>
      </concept>
      <concept>
        <code value="LA113538-6"/>
        <display value="U"/>
      </concept>
    </include>
  </compose>
</ValueSet>