<?xml version="1.0" encoding="UTF-8"?><CodeSystem xmlns="http://hl7.org/fhir"><id value="nmdp-rh-status-cs"/><text><status value="generated"/><div xmlns="http://www.w3.org/1999/xhtml"><p>This code system <code>http://terminology.nmdp.org/codesystem/rhstatus</code> defines the following codes:</p><table class="codes"><tr><td style="white-space:nowrap"><b>Code</b></td><td><b>Display</b></td></tr><tr><td style="white-space:nowrap">I<a name="nmdp-rh-status-cs-I"> </a></td><td>Indeterminant</td></tr><tr><td style="white-space:nowrap">P<a name="nmdp-rh-status-cs-P"> </a></td><td>Positive</td></tr><tr><td style="white-space:nowrap">N<a name="nmdp-rh-status-cs-N"> </a></td><td>Negative</td></tr><tr><td style="white-space:nowrap">D<a name="nmdp-rh-status-cs-D"> </a></td><td>Indeterminant</td></tr><tr><td style="white-space:nowrap">nil<a name="nmdp-rh-status-cs-nil"> </a></td><td>no data</td></tr></table></div></text><url value="http://terminology.nmdp.org/codesystem/rhstatus"/><version value="0.1.0"/><name value="NMDPRhStatusCS"/><title value="NMDP Rh Code System"/><status value="active"/><experimental value="false"/><date value="2022-12-01T09:35:21-06:00"/><publisher value="NMDP"/><contact><name value="NMDP"/><telecom><system value="url"/><value value="http://bethematch.org"/></telecom></contact><description value="Code System for NMDP Rh Status"/><copyright value="National Marrow Donor Program"/><content value="complete"/><count value="5"/><concept><code value="I"/><display value="Indeterminant"/></concept><concept><code value="P"/><display value="Positive"/></concept><concept><code value="N"/><display value="Negative"/></concept><concept><code value="D"/><display value="Indeterminant"/></concept><concept><code value="nil"/><display value="no data"/></concept></CodeSystem>