<?xml version="1.0" encoding="UTF-8"?><CodeSystem xmlns="http://hl7.org/fhir"><id value="glstring-codesystem"/><text><status value="generated"/><div xmlns="http://www.w3.org/1999/xhtml"><p>This code system <code>http://www.glstring.org</code> defines many codes, but they are not represented here</p></div></text><url value="http://www.glstring.org"/><version value="0.1.0"/><name value="GLStringCS"/><title value="Genotype List String Code CodeSystem"/><status value="active"/><date value="2023-01-12T09:36:27-06:00"/><publisher value="NMDP"/><contact><name value="NMDP"/><telecom><system value="url"/><value value="http://bethematch.org"/></telecom></contact><description value="Genotype List String Codesystem used for HLA reporting"/><copyright value="National Marrow Donor Program"/><compositional value="true"/><content value="not-present"/></CodeSystem>