<?xml version="1.0" encoding="UTF-8"?><ImplementationGuide xmlns="http://hl7.org/fhir"><id value="matchsource"/><text><status value="extensions"/><div xmlns="http://www.w3.org/1999/xhtml"><h2>MatchSourceIG</h2><p>The official URL for this implementation guide is: </p><pre>http://fhir.nmdp.org/ig/matchsource/ImplementationGuide/matchsource</pre></div></text><url value="http://fhir.nmdp.org/ig/matchsource/ImplementationGuide/matchsource"/><version value="0.1.0"/><name value="MatchSourceIG"/><status value="draft"/><date value="2022-07-28T10:15:20-05:00"/><publisher value="NMDP"/><contact><name value="NMDP"/><telecom><system value="url"/><value value="http://bethematch.org"/></telecom></contact><packageId value="matchsource"/><license value="CC0-1.0"/><fhirVersion value="4.0.1"/><dependsOn id="hl7tx"><uri value="http://terminology.hl7.org/ImplementationGuide/hl7.terminology"/><packageId value="hl7.terminology.r4"/><version value="3.1.0"/></dependsOn><dependsOn id="hl7_fhir_us_core"><uri value="http://hl7.org/fhir/us/core/ImplementationGuide/hl7.fhir.us.core"/><packageId value="hl7.fhir.us.core"/><version value="4.0.0"/></dependsOn><dependsOn id="mcode"><uri value="http://hl7.org/fhir/us/mcode/ImplementationGuide/hl7.fhir.us.mcode"/><packageId value="hl7.fhir.us.mcode"/><version value="2.0.0"/></dependsOn><dependsOn id="hl7_fhir_uv_genomics_reporting"><uri value="http://hl7.org/fhir/uv/genomics-reporting/ImplementationGuide/hl7.fhir.uv.genomics-reporting"/><packageId value="hl7.fhir.uv.genomics-reporting"/><version value="2.0.0"/></dependsOn><definition><extension url="http://hl7.org/fhir/tools/StructureDefinition/ig-parameter"><extension url="code"><valueString value="copyrightyear"/></extension><extension url="value"><valueString value="2022+"/></extension></extension><extension url="http://hl7.org/fhir/tools/StructureDefinition/ig-parameter"><extension url="code"><valueString value="releaselabel"/></extension><extension url="value"><valueString value="ci-build"/></extension></extension><extension url="http://hl7.org/fhir/tools/StructureDefinition/ig-parameter"><extension url="code"><valueString value="path-liquid"/></extension><extension url="value"><valueString value="template/liquid"/></extension></extension><extension url="http://hl7.org/fhir/tools/StructureDefinition/ig-parameter"><extension url="code"><valueString value="path-liquid"/></extension><extension url="value"><valueString value="input/liquid"/></extension></extension><extension url="http://hl7.org/fhir/tools/StructureDefinition/ig-parameter"><extension url="code"><valueString value="path-qa"/></extension><extension url="value"><valueString value="temp/qa"/></extension></extension><extension url="http://hl7.org/fhir/tools/StructureDefinition/ig-parameter"><extension url="code"><valueString value="path-temp"/></extension><extension url="value"><valueString value="temp/pages"/></extension></extension><extension url="http://hl7.org/fhir/tools/StructureDefinition/ig-parameter"><extension url="code"><valueString value="path-output"/></extension><extension url="value"><valueString value="output"/></extension></extension><extension url="http://hl7.org/fhir/tools/StructureDefinition/ig-parameter"><extension url="code"><valueString value="path-suppressed-warnings"/></extension><extension url="value"><valueString value="input/ignoreWarnings.txt"/></extension></extension><extension url="http://hl7.org/fhir/tools/StructureDefinition/ig-parameter"><extension url="code"><valueString value="path-history"/></extension><extension url="value"><valueString value="http://fhir.nmdp.org/ig/matchsource/history.html"/></extension></extension><extension url="http://hl7.org/fhir/tools/StructureDefinition/ig-parameter"><extension url="code"><valueString value="template-html"/></extension><extension url="value"><valueString value="template-page.html"/></extension></extension><extension url="http://hl7.org/fhir/tools/StructureDefinition/ig-parameter"><extension url="code"><valueString value="template-md"/></extension><extension url="value"><valueString value="template-page-md.html"/></extension></extension><extension url="http://hl7.org/fhir/tools/StructureDefinition/ig-parameter"><extension url="code"><valueString value="apply-contact"/></extension><extension url="value"><valueString value="true"/></extension></extension><extension url="http://hl7.org/fhir/tools/StructureDefinition/ig-parameter"><extension url="code"><valueString value="apply-context"/></extension><extension url="value"><valueString value="true"/></extension></extension><extension url="http://hl7.org/fhir/tools/StructureDefinition/ig-parameter"><extension url="code"><valueString value="apply-copyright"/></extension><extension url="value"><valueString value="true"/></extension></extension><extension url="http://hl7.org/fhir/tools/StructureDefinition/ig-parameter"><extension url="code"><valueString value="apply-jurisdiction"/></extension><extension url="value"><valueString value="true"/></extension></extension><extension url="http://hl7.org/fhir/tools/StructureDefinition/ig-parameter"><extension url="code"><valueString value="apply-license"/></extension><extension url="value"><valueString value="true"/></extension></extension><extension url="http://hl7.org/fhir/tools/StructureDefinition/ig-parameter"><extension url="code"><valueString value="apply-publisher"/></extension><extension url="value"><valueString value="true"/></extension></extension><extension url="http://hl7.org/fhir/tools/StructureDefinition/ig-parameter"><extension url="code"><valueString value="apply-version"/></extension><extension url="value"><valueString value="true"/></extension></extension><extension url="http://hl7.org/fhir/tools/StructureDefinition/ig-parameter"><extension url="code"><valueString value="active-tables"/></extension><extension url="value"><valueString value="true"/></extension></extension><extension url="http://hl7.org/fhir/tools/StructureDefinition/ig-parameter"><extension url="code"><valueString value="fmm-definition"/></extension><extension url="value"><valueString value="http://hl7.org/fhir/versions.html#maturity"/></extension></extension><extension url="http://hl7.org/fhir/tools/StructureDefinition/ig-parameter"><extension url="code"><valueString value="propagate-status"/></extension><extension url="value"><valueString value="true"/></extension></extension><extension url="http://hl7.org/fhir/tools/StructureDefinition/ig-parameter"><extension url="code"><valueString value="excludelogbinaryformat"/></extension><extension url="value"><valueString value="true"/></extension></extension><grouping id="-str-profile"><name value="Structures: Resource Profiles"/><description value="These define constraints on FHIR resources for systems conforming to this implementation guide"/></grouping><grouping id="-str-extension"><name value="Structures: Extension Definitions"/><description value="These define constraints on FHIR data types for systems conforming to this implementation guide"/></grouping><grouping id="-term-valueset"><name value="Terminology: Value Sets"/><description value="These define sets of codes used by systems conforming to this implementation guide"/></grouping><grouping id="-term-codesystem"><name value="Terminology: Code Systems"/><description value="These define new code systems used by systems conforming to this implementation guide"/></grouping><grouping id="-ex-example"><name value="Example: Example Instances"/><description value="These are example instances that show what data produced and consumed by systems conforming with this implementation guide might look like"/></grouping><resource><extension url="http://hl7.org/fhir/StructureDefinition/implementationguide-page"><valueUri value="StructureDefinition-hla-genotype.html"/></extension><reference><reference value="StructureDefinition/hla-genotype"/></reference><name value="HLA Genotype Observation"/><description value="HLA Genotype profile of genotype observation"/><exampleBoolean value="false"/><groupingId value="-str-profile"/></resource><resource><extension url="http://hl7.org/fhir/StructureDefinition/implementationguide-page"><valueUri value="StructureDefinition-hla-a.html"/></extension><reference><reference value="StructureDefinition/hla-a"/></reference><name value="HLA_A"/><description value="Genotype for HLA-A"/><exampleBoolean value="false"/><groupingId value="-str-profile"/></resource><resource><extension url="http://hl7.org/fhir/StructureDefinition/implementationguide-page"><valueUri value="StructureDefinition-hla-b.html"/></extension><reference><reference value="StructureDefinition/hla-b"/></reference><name value="HLA_B"/><description value="Genotype for HLA-B"/><exampleBoolean value="false"/><groupingId value="-str-profile"/></resource><resource><extension url="http://hl7.org/fhir/StructureDefinition/implementationguide-page"><valueUri value="StructureDefinition-hla-c.html"/></extension><reference><reference value="StructureDefinition/hla-c"/></reference><name value="HLA_C"/><description value="Genotype for HLA-C"/><exampleBoolean value="false"/><groupingId value="-str-profile"/></resource><resource><extension url="http://hl7.org/fhir/StructureDefinition/implementationguide-page"><valueUri value="StructureDefinition-hla-dpa1.html"/></extension><reference><reference value="StructureDefinition/hla-dpa1"/></reference><name value="HLA_DPA1"/><description value="Genotype for HLA-DPA1"/><exampleBoolean value="false"/><groupingId value="-str-profile"/></resource><resource><extension url="http://hl7.org/fhir/StructureDefinition/implementationguide-page"><valueUri value="StructureDefinition-hla-dpb1.html"/></extension><reference><reference value="StructureDefinition/hla-dpb1"/></reference><name value="HLA_DPB1"/><description value="Genotype for HLA-DPB1"/><exampleBoolean value="false"/><groupingId value="-str-profile"/></resource><resource><extension url="http://hl7.org/fhir/StructureDefinition/implementationguide-page"><valueUri value="StructureDefinition-hla-dqa1.html"/></extension><reference><reference value="StructureDefinition/hla-dqa1"/></reference><name value="HLA_DQA1"/><description value="Genotype for HLA-DQA1"/><exampleBoolean value="false"/><groupingId value="-str-profile"/></resource><resource><extension url="http://hl7.org/fhir/StructureDefinition/implementationguide-page"><valueUri value="StructureDefinition-hla-dqb1.html"/></extension><reference><reference value="StructureDefinition/hla-dqb1"/></reference><name value="HLA_DQB1"/><description value="Genotype for HLA-DQB1"/><exampleBoolean value="false"/><groupingId value="-str-profile"/></resource><resource><extension url="http://hl7.org/fhir/StructureDefinition/implementationguide-page"><valueUri value="StructureDefinition-hla-drb1.html"/></extension><reference><reference value="StructureDefinition/hla-drb1"/></reference><name value="HLA_DRB1"/><description value="Genotype for HLA-DRB1"/><exampleBoolean value="false"/><groupingId value="-str-profile"/></resource><resource><extension url="http://hl7.org/fhir/StructureDefinition/implementationguide-page"><valueUri value="StructureDefinition-hla-drb3.html"/></extension><reference><reference value="StructureDefinition/hla-drb3"/></reference><name value="HLA_DRB3"/><description value="Genotype for HLA-DRB3"/><exampleBoolean value="false"/><groupingId value="-str-profile"/></resource><resource><extension url="http://hl7.org/fhir/StructureDefinition/implementationguide-page"><valueUri value="StructureDefinition-hla-drb4.html"/></extension><reference><reference value="StructureDefinition/hla-drb4"/></reference><name value="HLA_DRB4"/><description value="Genotype for HLA-DRB4"/><exampleBoolean value="false"/><groupingId value="-str-profile"/></resource><resource><extension url="http://hl7.org/fhir/StructureDefinition/implementationguide-page"><valueUri value="StructureDefinition-hla-drb5.html"/></extension><reference><reference value="StructureDefinition/hla-drb5"/></reference><name value="HLA_DRB5"/><description value="Genotype for HLA-DRB5"/><exampleBoolean value="false"/><groupingId value="-str-profile"/></resource><resource><extension url="http://hl7.org/fhir/StructureDefinition/implementationguide-page"><valueUri value="StructureDefinition-ms-abogroup-observation.html"/></extension><reference><reference value="StructureDefinition/ms-abogroup-observation"/></reference><name value="MSABOGroupObservation"/><description value="ABO Blood Group of Patient"/><exampleBoolean value="false"/><groupingId value="-str-profile"/></resource><resource><extension url="http://hl7.org/fhir/StructureDefinition/implementationguide-page"><valueUri value="StructureDefinition-ms-bundle.html"/></extension><reference><reference value="StructureDefinition/ms-bundle"/></reference><name value="MatchSource Bundle"/><description value="Collection Bundle for MatchSource"/><exampleBoolean value="false"/><groupingId value="-str-profile"/></resource><resource><extension url="http://hl7.org/fhir/StructureDefinition/implementationguide-page"><valueUri value="StructureDefinition-ms-bundle-hla-multilocus.html"/></extension><reference><reference value="StructureDefinition/ms-bundle-hla-multilocus"/></reference><name value="MatchSource Bundle with single multilocus HLA"/><description value="Collection Bundle for MatchSource with single HLA multilocus Observation"/><exampleBoolean value="false"/><groupingId value="-str-profile"/></resource><resource><extension url="http://hl7.org/fhir/StructureDefinition/implementationguide-page"><valueUri value="StructureDefinition-ms-bundle-hla-separate.html"/></extension><reference><reference value="StructureDefinition/ms-bundle-hla-separate"/></reference><name value="MatchSource Bundle with Separate HLA"/><description value="Collection Bundle for MatchSource with separate HLA Observations for each locus"/><exampleBoolean value="false"/><groupingId value="-str-profile"/></resource><resource><extension url="http://hl7.org/fhir/StructureDefinition/implementationguide-page"><valueUri value="StructureDefinition-msdiagnosis.html"/></extension><reference><reference value="StructureDefinition/msdiagnosis"/></reference><name value="MSDiagnosis"/><description value="Diagnosis"/><exampleBoolean value="false"/><groupingId value="-str-profile"/></resource><resource><extension url="http://hl7.org/fhir/StructureDefinition/implementationguide-page"><valueUri value="StructureDefinition-ms-height-observation.html"/></extension><reference><reference value="StructureDefinition/ms-height-observation"/></reference><name value="MSHeightObservation"/><description value="Height of Patient"/><exampleBoolean value="false"/><groupingId value="-str-profile"/></resource><resource><extension url="http://hl7.org/fhir/StructureDefinition/implementationguide-page"><valueUri value="StructureDefinition-mspatient.html"/></extension><reference><reference value="StructureDefinition/mspatient"/></reference><name value="MSPatient"/><description value="Patient needing a transplant"/><exampleBoolean value="false"/><groupingId value="-str-profile"/></resource><resource><extension url="http://hl7.org/fhir/StructureDefinition/implementationguide-page"><valueUri value="StructureDefinition-ms-preferred-product-observation.html"/></extension><reference><reference value="StructureDefinition/ms-preferred-product-observation"/></reference><name value="MSPreferredProduct"/><description value="Preferred product for transplant"/><exampleBoolean value="false"/><groupingId value="-str-profile"/></resource><resource><extension url="http://hl7.org/fhir/StructureDefinition/implementationguide-page"><valueUri value="StructureDefinition-ms-rhstatus-observation.html"/></extension><reference><reference value="StructureDefinition/ms-rhstatus-observation"/></reference><name value="MSRhStatusObservation"/><description value="Rh status of Patient"/><exampleBoolean value="false"/><groupingId value="-str-profile"/></resource><resource><extension url="http://hl7.org/fhir/StructureDefinition/implementationguide-page"><valueUri value="StructureDefinition-msspecimen.html"/></extension><reference><reference value="StructureDefinition/msspecimen"/></reference><name value="MSSpecimen"/><description value="Patient sample used for HLA typing"/><exampleBoolean value="false"/><groupingId value="-str-profile"/></resource><resource><extension url="http://hl7.org/fhir/StructureDefinition/implementationguide-page"><valueUri value="StructureDefinition-ms-transplant-timeline-observation.html"/></extension><reference><reference value="StructureDefinition/ms-transplant-timeline-observation"/></reference><name value="MSTransplantTimeline"/><description value="Transplant timeline for patient"/><exampleBoolean value="false"/><groupingId value="-str-profile"/></resource><resource><extension url="http://hl7.org/fhir/StructureDefinition/implementationguide-page"><valueUri value="StructureDefinition-ms-weight-observation.html"/></extension><reference><reference value="StructureDefinition/ms-weight-observation"/></reference><name value="MSWeightObservation"/><description value="Weight of Patient"/><exampleBoolean value="false"/><groupingId value="-str-profile"/></resource><resource><extension url="http://hl7.org/fhir/StructureDefinition/implementationguide-page"><valueUri value="StructureDefinition-transplantcenter.html"/></extension><reference><reference value="StructureDefinition/transplantcenter"/></reference><name value="TransplantCenter"/><description value="Transplant Center"/><exampleBoolean value="false"/><groupingId value="-str-profile"/></resource><resource><extension url="http://hl7.org/fhir/StructureDefinition/implementationguide-page"><valueUri value="StructureDefinition-transplantcentercoordinator.html"/></extension><reference><reference value="StructureDefinition/transplantcentercoordinator"/></reference><name value="TransplantCenterCoordinator"/><description value="Transplant Center Coordinator"/><exampleBoolean value="false"/><groupingId value="-str-profile"/></resource><resource><extension url="http://hl7.org/fhir/StructureDefinition/implementationguide-page"><valueUri value="StructureDefinition-nmdp-ethnicity.html"/></extension><reference><reference value="StructureDefinition/nmdp-ethnicity"/></reference><name value="NMDP Ethnicity Code Extension"/><description value="Extension to use NMDP Ethnicity Codes"/><exampleBoolean value="false"/><groupingId value="-str-extension"/></resource><resource><extension url="http://hl7.org/fhir/StructureDefinition/implementationguide-page"><valueUri value="StructureDefinition-nmdp-race.html"/></extension><reference><reference value="StructureDefinition/nmdp-race"/></reference><name value="NMDP Race Code Extension"/><description value="Extension to use NMDP Race Codes"/><exampleBoolean value="false"/><groupingId value="-str-extension"/></resource><resource><extension url="http://hl7.org/fhir/StructureDefinition/implementationguide-page"><valueUri value="StructureDefinition-number-of-remissions.html"/></extension><reference><reference value="StructureDefinition/number-of-remissions"/></reference><name value="Number of Remissions of Primary Diagnosis"/><description value="Number of Remissions of Primary Diagnosis"/><exampleBoolean value="false"/><groupingId value="-str-extension"/></resource><resource><extension url="http://hl7.org/fhir/StructureDefinition/implementationguide-page"><valueUri value="ValueSet-hla-geneid-valueset.html"/></extension><reference><reference value="ValueSet/hla-geneid-valueset"/></reference><name value="HLA Gene Name Value Set"/><description value="HLA HGNC GeneIds Valueset"/><exampleBoolean value="false"/><groupingId value="-term-valueset"/></resource><resource><extension url="http://hl7.org/fhir/StructureDefinition/implementationguide-page"><valueUri value="ValueSet-loinc-abo-codes.html"/></extension><reference><reference value="ValueSet/loinc-abo-codes"/></reference><name value="LOINC ABO group Value Set"/><description value="LOINC codes for ABO blood group"/><exampleBoolean value="false"/><groupingId value="-term-valueset"/></resource><resource><extension url="http://hl7.org/fhir/StructureDefinition/implementationguide-page"><valueUri value="ValueSet-ms-abo-group-codes.html"/></extension><reference><reference value="ValueSet/ms-abo-group-codes"/></reference><name value="MatchSource ABO Group Value Set"/><description value="MatchSource ABO group codes. Combines LOINC, Snomed, and NMDP codes"/><exampleBoolean value="false"/><groupingId value="-term-valueset"/></resource><resource><extension url="http://hl7.org/fhir/StructureDefinition/implementationguide-page"><valueUri value="ValueSet-ms-rh-codes.html"/></extension><reference><reference value="ValueSet/ms-rh-codes"/></reference><name value="Matchsource Rh Value Sets"/><description value="MatchSource codes for blood Rh. Combines NMDP and LOINC code"/><exampleBoolean value="false"/><groupingId value="-term-valueset"/></resource><resource><extension url="http://hl7.org/fhir/StructureDefinition/implementationguide-page"><valueUri value="ValueSet-nmdp-abo-codes.html"/></extension><reference><reference value="ValueSet/nmdp-abo-codes"/></reference><name value="NMDP Blood Group Value Set"/><description value="NMDP blood group codes"/><exampleBoolean value="false"/><groupingId value="-term-valueset"/></resource><resource><extension url="http://hl7.org/fhir/StructureDefinition/implementationguide-page"><valueUri value="ValueSet-nmdp-diseasestage-codes.html"/></extension><reference><reference value="ValueSet/nmdp-diseasestage-codes"/></reference><name value="NMDP Disease Stage Value Set"/><description value="NMDP disease stage codes"/><exampleBoolean value="false"/><groupingId value="-term-valueset"/></resource><resource><extension url="http://hl7.org/fhir/StructureDefinition/implementationguide-page"><valueUri value="ValueSet-nmdp-disease-codes.html"/></extension><reference><reference value="ValueSet/nmdp-disease-codes"/></reference><name value="NMDP Disease Value Set"/><description value="NMDP disease codes"/><exampleBoolean value="false"/><groupingId value="-term-valueset"/></resource><resource><extension url="http://hl7.org/fhir/StructureDefinition/implementationguide-page"><valueUri value="ValueSet-nmdp-ethnicity-codes.html"/></extension><reference><reference value="ValueSet/nmdp-ethnicity-codes"/></reference><name value="NMDP Ethnicity Value Set"/><description value="NMDP ethnicity codes"/><exampleBoolean value="false"/><groupingId value="-term-valueset"/></resource><resource><extension url="http://hl7.org/fhir/StructureDefinition/implementationguide-page"><valueUri value="ValueSet-nmdp-language-codes.html"/></extension><reference><reference value="ValueSet/nmdp-language-codes"/></reference><name value="NMDP Language Value Set"/><description value="NMDP language codes"/><exampleBoolean value="false"/><groupingId value="-term-valueset"/></resource><resource><extension url="http://hl7.org/fhir/StructureDefinition/implementationguide-page"><valueUri value="ValueSet-nmdp-preferred-product-codes.html"/></extension><reference><reference value="ValueSet/nmdp-preferred-product-codes"/></reference><name value="NMDP Preferred Product Value Set"/><description value="NMDP preferred product codes"/><exampleBoolean value="false"/><groupingId value="-term-valueset"/></resource><resource><extension url="http://hl7.org/fhir/StructureDefinition/implementationguide-page"><valueUri value="ValueSet-nmdp-race-codes.html"/></extension><reference><reference value="ValueSet/nmdp-race-codes"/></reference><name value="NMDP Race Value Set"/><description value="NMDP race codes"/><exampleBoolean value="false"/><groupingId value="-term-valueset"/></resource><resource><extension url="http://hl7.org/fhir/StructureDefinition/implementationguide-page"><valueUri value="ValueSet-nmdp-rh-status-codes.html"/></extension><reference><reference value="ValueSet/nmdp-rh-status-codes"/></reference><name value="NMDP Codes for Rh status"/><description value="NMDP codes for Rh staus"/><exampleBoolean value="false"/><groupingId value="-term-valueset"/></resource><resource><extension url="http://hl7.org/fhir/StructureDefinition/implementationguide-page"><valueUri value="ValueSet-nmdp-transplant-timeline-codes.html"/></extension><reference><reference value="ValueSet/nmdp-transplant-timeline-codes"/></reference><name value="NMDP Transplant Timeline Value Set"/><description value="NMDP transplant timeline codes"/><exampleBoolean value="false"/><groupingId value="-term-valueset"/></resource><resource><extension url="http://hl7.org/fhir/StructureDefinition/implementationguide-page"><valueUri value="ValueSet-loinc-posneg-codes.html"/></extension><reference><reference value="ValueSet/loinc-posneg-codes"/></reference><name value="LOINC Pos|Neg Value Set"/><description value="LOINC codes for Positive and Negative"/><exampleBoolean value="false"/><groupingId value="-term-valueset"/></resource><resource><extension url="http://hl7.org/fhir/StructureDefinition/implementationguide-page"><valueUri value="ValueSet-sct-abo-group-codes.html"/></extension><reference><reference value="ValueSet/sct-abo-group-codes"/></reference><name value="Snomed CT ABO group Value Set"/><description value="Snomed CT codes for ABO blood group"/><exampleBoolean value="false"/><groupingId value="-term-valueset"/></resource><resource><extension url="http://hl7.org/fhir/StructureDefinition/implementationguide-page"><valueUri value="CodeSystem-glstring-codesystem.html"/></extension><reference><reference value="CodeSystem/glstring-codesystem"/></reference><name value="Genotype List String Code CodeSystem"/><description value="Genotype List String Codesystem used for HLA reporting"/><exampleBoolean value="false"/><groupingId value="-term-codesystem"/></resource><resource><extension url="http://hl7.org/fhir/StructureDefinition/implementationguide-page"><valueUri value="CodeSystem-hla-genename-codesystem.html"/></extension><reference><reference value="CodeSystem/hla-genename-codesystem"/></reference><name value="HLA HGNC GeneID CodeSystem"/><description value="CodeSystem of HLA gene group subset of HGNC GeneId Codesystem"/><exampleBoolean value="false"/><groupingId value="-term-codesystem"/></resource><resource><extension url="http://hl7.org/fhir/StructureDefinition/implementationguide-page"><valueUri value="CodeSystem-nmdp-abo-group-cs.html"/></extension><reference><reference value="CodeSystem/nmdp-abo-group-cs"/></reference><name value="NMDP Blood Group Code System"/><description value="Code System for NMDP ABO blood groups"/><exampleBoolean value="false"/><groupingId value="-term-codesystem"/></resource><resource><extension url="http://hl7.org/fhir/StructureDefinition/implementationguide-page"><valueUri value="CodeSystem-nmdp-disease-cs.html"/></extension><reference><reference value="CodeSystem/nmdp-disease-cs"/></reference><name value="NMDP Disease Code System"/><description value="Code System for NMDP diseases"/><exampleBoolean value="false"/><groupingId value="-term-codesystem"/></resource><resource><extension url="http://hl7.org/fhir/StructureDefinition/implementationguide-page"><valueUri value="CodeSystem-nmdp-diseasestage-cs.html"/></extension><reference><reference value="CodeSystem/nmdp-diseasestage-cs"/></reference><name value="NMDP Disease Stage Code System"/><description value="Code System for NMDP disease stages"/><exampleBoolean value="false"/><groupingId value="-term-codesystem"/></resource><resource><extension url="http://hl7.org/fhir/StructureDefinition/implementationguide-page"><valueUri value="CodeSystem-nmdp-ethnicity-cs.html"/></extension><reference><reference value="CodeSystem/nmdp-ethnicity-cs"/></reference><name value="NMDP Ethnicity Code System"/><description value="Code System for NMDP ethnicity"/><exampleBoolean value="false"/><groupingId value="-term-codesystem"/></resource><resource><extension url="http://hl7.org/fhir/StructureDefinition/implementationguide-page"><valueUri value="CodeSystem-nmdp-language-cs.html"/></extension><reference><reference value="CodeSystem/nmdp-language-cs"/></reference><name value="NMDP Language Code System"/><description value="Code System for NMDP languages"/><exampleBoolean value="false"/><groupingId value="-term-codesystem"/></resource><resource><extension url="http://hl7.org/fhir/StructureDefinition/implementationguide-page"><valueUri value="CodeSystem-nmdp-preferred-product-cs.html"/></extension><reference><reference value="CodeSystem/nmdp-preferred-product-cs"/></reference><name value="NMDP Preferred Product for Transplant"/><description value="NMDP Preferred Product for MatchSource patient"/><exampleBoolean value="false"/><groupingId value="-term-codesystem"/></resource><resource><extension url="http://hl7.org/fhir/StructureDefinition/implementationguide-page"><valueUri value="CodeSystem-nmdp-race-cs.html"/></extension><reference><reference value="CodeSystem/nmdp-race-cs"/></reference><name value="NMDP Race Code System"/><description value="Code System for NMDP diseases"/><exampleBoolean value="false"/><groupingId value="-term-codesystem"/></resource><resource><extension url="http://hl7.org/fhir/StructureDefinition/implementationguide-page"><valueUri value="CodeSystem-nmdp-rh-status-cs.html"/></extension><reference><reference value="CodeSystem/nmdp-rh-status-cs"/></reference><name value="NMDP Rh Code System"/><description value="Code System for NMDP Rh Status"/><exampleBoolean value="false"/><groupingId value="-term-codesystem"/></resource><resource><extension url="http://hl7.org/fhir/StructureDefinition/implementationguide-page"><valueUri value="CodeSystem-nmdp-transplant-timeline-cs.html"/></extension><reference><reference value="CodeSystem/nmdp-transplant-timeline-cs"/></reference><name value="NMDP Transplant Timeline Code System"/><description value="Code System for NMDP transplant timeline"/><exampleBoolean value="false"/><groupingId value="-term-codesystem"/></resource><resource><extension url="http://hl7.org/fhir/StructureDefinition/implementationguide-page"><valueUri value="Bundle-BundleExample-Full-HLA-Separate.html"/></extension><reference><reference value="Bundle/BundleExample-Full-HLA-Separate"/></reference><name value="Matchsource Bundle Example - Full with HLA in separate observations for each locus"/><description value="Full Bundle Example for MatchSource, with each HLA allele in a separate genotype observation"/><exampleCanonical value="http://fhir.nmdp.org/ig/matchsource/StructureDefinition/ms-bundle-hla-separate"/><groupingId value="-ex-example"/></resource><resource><extension url="http://hl7.org/fhir/StructureDefinition/implementationguide-page"><valueUri value="Bundle-BundleExample-Full-Multilocus-HLA.html"/></extension><reference><reference value="Bundle/BundleExample-Full-Multilocus-HLA"/></reference><name value="Matchsource Bundle Example - Full, HLA with multilocus genotype"/><description value="Full Bundle Example for MatchSource with multilocus HLA genotype"/><exampleCanonical value="http://fhir.nmdp.org/ig/matchsource/StructureDefinition/ms-bundle-hla-multilocus"/><groupingId value="-ex-example"/></resource><resource><extension url="http://hl7.org/fhir/StructureDefinition/implementationguide-page"><valueUri value="Bundle-BundleExample-Minimal.html"/></extension><reference><reference value="Bundle/BundleExample-Minimal"/></reference><name value="Matchsource Bundle Example - Mimimal"/><description value="Minimual Bundle Example for MatchSource"/><exampleCanonical value="http://fhir.nmdp.org/ig/matchsource/StructureDefinition/ms-bundle"/><groupingId value="-ex-example"/></resource><resource><extension url="http://hl7.org/fhir/StructureDefinition/implementationguide-page"><valueUri value="Practitioner-CoordinatorExample.html"/></extension><reference><reference value="Practitioner/CoordinatorExample"/></reference><name value="CoordinatorExample"/><description value="Example of a Transplant Center Coordinator."/><exampleCanonical value="http://fhir.nmdp.org/ig/matchsource/StructureDefinition/transplantcentercoordinator"/><groupingId value="-ex-example"/></resource><resource><extension url="http://hl7.org/fhir/StructureDefinition/implementationguide-page"><valueUri value="Observation-HLA-A-Example.html"/></extension><reference><reference value="Observation/HLA-A-Example"/></reference><name value="HLA-A-Example"/><description value="Example of HLA-A"/><exampleCanonical value="http://fhir.nmdp.org/ig/matchsource/StructureDefinition/hla-a"/><groupingId value="-ex-example"/></resource><resource><extension url="http://hl7.org/fhir/StructureDefinition/implementationguide-page"><valueUri value="Observation-HLA-B-Example.html"/></extension><reference><reference value="Observation/HLA-B-Example"/></reference><name value="HLA-B-Example"/><description value="Example of HLA-B"/><exampleCanonical value="http://fhir.nmdp.org/ig/matchsource/StructureDefinition/hla-b"/><groupingId value="-ex-example"/></resource><resource><extension url="http://hl7.org/fhir/StructureDefinition/implementationguide-page"><valueUri value="Observation-HLA-C-Example.html"/></extension><reference><reference value="Observation/HLA-C-Example"/></reference><name value="HLA-C-Example"/><description value="Example of HLA-C"/><exampleCanonical value="http://fhir.nmdp.org/ig/matchsource/StructureDefinition/hla-c"/><groupingId value="-ex-example"/></resource><resource><extension url="http://hl7.org/fhir/StructureDefinition/implementationguide-page"><valueUri value="Observation-HLA-DPA1-Example.html"/></extension><reference><reference value="Observation/HLA-DPA1-Example"/></reference><name value="HLA-DPA1-Example"/><description value="Example of HLA-DPA1"/><exampleCanonical value="http://fhir.nmdp.org/ig/matchsource/StructureDefinition/hla-dpa1"/><groupingId value="-ex-example"/></resource><resource><extension url="http://hl7.org/fhir/StructureDefinition/implementationguide-page"><valueUri value="Observation-HLA-DPB1-Example.html"/></extension><reference><reference value="Observation/HLA-DPB1-Example"/></reference><name value="HLA-DPB1-Example"/><description value="Example of HLA-DPB1"/><exampleCanonical value="http://fhir.nmdp.org/ig/matchsource/StructureDefinition/hla-dpb1"/><groupingId value="-ex-example"/></resource><resource><extension url="http://hl7.org/fhir/StructureDefinition/implementationguide-page"><valueUri value="Observation-HLA-DQA1-Example.html"/></extension><reference><reference value="Observation/HLA-DQA1-Example"/></reference><name value="HLA-DQA1-Example"/><description value="Example of HLA-DQA1"/><exampleCanonical value="http://fhir.nmdp.org/ig/matchsource/StructureDefinition/hla-dqa1"/><groupingId value="-ex-example"/></resource><resource><extension url="http://hl7.org/fhir/StructureDefinition/implementationguide-page"><valueUri value="Observation-HLA-DQB1-Example.html"/></extension><reference><reference value="Observation/HLA-DQB1-Example"/></reference><name value="HLA-DQB1-Example"/><description value="Example of HLA-DQB1"/><exampleCanonical value="http://fhir.nmdp.org/ig/matchsource/StructureDefinition/hla-dqb1"/><groupingId value="-ex-example"/></resource><resource><extension url="http://hl7.org/fhir/StructureDefinition/implementationguide-page"><valueUri value="Observation-HLA-DRB1-Example.html"/></extension><reference><reference value="Observation/HLA-DRB1-Example"/></reference><name value="HLA-DRB1-Example"/><description value="Example of HLA-DRB1"/><exampleCanonical value="http://fhir.nmdp.org/ig/matchsource/StructureDefinition/hla-drb1"/><groupingId value="-ex-example"/></resource><resource><extension url="http://hl7.org/fhir/StructureDefinition/implementationguide-page"><valueUri value="Observation-HLA-DRB3-Example.html"/></extension><reference><reference value="Observation/HLA-DRB3-Example"/></reference><name value="HLA-DRB3-Example"/><description value="Example of HLA-DRB3"/><exampleCanonical value="http://fhir.nmdp.org/ig/matchsource/StructureDefinition/hla-drb3"/><groupingId value="-ex-example"/></resource><resource><extension url="http://hl7.org/fhir/StructureDefinition/implementationguide-page"><valueUri value="Observation-HLA-DRB4-Example.html"/></extension><reference><reference value="Observation/HLA-DRB4-Example"/></reference><name value="HLA-DRB4-Example"/><description value="Example of HLA-DRB4"/><exampleCanonical value="http://fhir.nmdp.org/ig/matchsource/StructureDefinition/hla-drb4"/><groupingId value="-ex-example"/></resource><resource><extension url="http://hl7.org/fhir/StructureDefinition/implementationguide-page"><valueUri value="Observation-HLA-DRB5-Example.html"/></extension><reference><reference value="Observation/HLA-DRB5-Example"/></reference><name value="HLA-DRB5-Example"/><description value="Example of HLA-DRB5"/><exampleCanonical value="http://fhir.nmdp.org/ig/matchsource/StructureDefinition/hla-drb5"/><groupingId value="-ex-example"/></resource><resource><extension url="http://hl7.org/fhir/StructureDefinition/implementationguide-page"><valueUri value="Observation-HLA-Multilocus-Genotype-Example.html"/></extension><reference><reference value="Observation/HLA-Multilocus-Genotype-Example"/></reference><name value="HLA-Multilocus-Genotype-Example"/><description value="Multilocus Genotype of HLA-A, HLA-B, HLA-DRB1, and HLA-DRB3"/><exampleCanonical value="http://fhir.nmdp.org/ig/matchsource/StructureDefinition/hla-genotype"/><groupingId value="-ex-example"/></resource><resource><extension url="http://hl7.org/fhir/StructureDefinition/implementationguide-page"><valueUri value="Observation-MSABOObsExample.html"/></extension><reference><reference value="Observation/MSABOObsExample"/></reference><name value="MSABOObsExample"/><description value="Example of patient ABO"/><exampleCanonical value="http://fhir.nmdp.org/ig/matchsource/StructureDefinition/ms-abogroup-observation"/><groupingId value="-ex-example"/></resource><resource><extension url="http://hl7.org/fhir/StructureDefinition/implementationguide-page"><valueUri value="Condition-MSDiagnosisExample-AML.html"/></extension><reference><reference value="Condition/MSDiagnosisExample-AML"/></reference><name value="MSDiagnosisExample-AML"/><description value="Example of a Diagnois: AML"/><exampleCanonical value="http://fhir.nmdp.org/ig/matchsource/StructureDefinition/msdiagnosis"/><groupingId value="-ex-example"/></resource><resource><extension url="http://hl7.org/fhir/StructureDefinition/implementationguide-page"><valueUri value="Condition-MSDiagnosisExample-OND.html"/></extension><reference><reference value="Condition/MSDiagnosisExample-OND"/></reference><name value="MSDiagnosisExample-OND"/><description value="Example of a Diagnois"/><exampleCanonical value="http://fhir.nmdp.org/ig/matchsource/StructureDefinition/msdiagnosis"/><groupingId value="-ex-example"/></resource><resource><extension url="http://hl7.org/fhir/StructureDefinition/implementationguide-page"><valueUri value="Observation-MSHeightObsExample.html"/></extension><reference><reference value="Observation/MSHeightObsExample"/></reference><name value="MSHeightObsExample"/><description value="Example of patient height"/><exampleCanonical value="http://fhir.nmdp.org/ig/matchsource/StructureDefinition/ms-height-observation"/><groupingId value="-ex-example"/></resource><resource><extension url="http://hl7.org/fhir/StructureDefinition/implementationguide-page"><valueUri value="Patient-MSPatientExample.html"/></extension><reference><reference value="Patient/MSPatientExample"/></reference><name value="MSPatientExample"/><description value="Example of a patient needing a donor using us-core-race and us-core-ethnicity codes."/><exampleCanonical value="http://fhir.nmdp.org/ig/matchsource/StructureDefinition/mspatient"/><groupingId value="-ex-example"/></resource><resource><extension url="http://hl7.org/fhir/StructureDefinition/implementationguide-page"><valueUri value="Patient-MSPatientExample2.html"/></extension><reference><reference value="Patient/MSPatientExample2"/></reference><name value="MSPatientExample2"/><description value="Example of a patient needing a donor using NMDP race code."/><exampleCanonical value="http://fhir.nmdp.org/ig/matchsource/StructureDefinition/mspatient"/><groupingId value="-ex-example"/></resource><resource><extension url="http://hl7.org/fhir/StructureDefinition/implementationguide-page"><valueUri value="Patient-MSPatientExample3.html"/></extension><reference><reference value="Patient/MSPatientExample3"/></reference><name value="MSPatientExample3"/><description value="Example of a patient without a race code - this should generate an error."/><exampleCanonical value="http://fhir.nmdp.org/ig/matchsource/StructureDefinition/mspatient"/><groupingId value="-ex-example"/></resource><resource><extension url="http://hl7.org/fhir/StructureDefinition/implementationguide-page"><valueUri value="Patient-MSPatientExample4.html"/></extension><reference><reference value="Patient/MSPatientExample4"/></reference><name value="MSPatientExample4"/><description value="Example of a patient needing a donor using us-core-race code but not us-core-ethnicity - this should generate an error"/><exampleCanonical value="http://fhir.nmdp.org/ig/matchsource/StructureDefinition/mspatient"/><groupingId value="-ex-example"/></resource><resource><extension url="http://hl7.org/fhir/StructureDefinition/implementationguide-page"><valueUri value="Observation-MSPreferredProductExample.html"/></extension><reference><reference value="Observation/MSPreferredProductExample"/></reference><name value="MSPreferredProductExample"/><description value="Example of preferred product"/><exampleCanonical value="http://fhir.nmdp.org/ig/matchsource/StructureDefinition/ms-preferred-product-observation"/><groupingId value="-ex-example"/></resource><resource><extension url="http://hl7.org/fhir/StructureDefinition/implementationguide-page"><valueUri value="Observation-MSRhObsExample.html"/></extension><reference><reference value="Observation/MSRhObsExample"/></reference><name value="MSRhObsExample"/><description value="Example of patient Rh status"/><exampleCanonical value="http://fhir.nmdp.org/ig/matchsource/StructureDefinition/ms-rhstatus-observation"/><groupingId value="-ex-example"/></resource><resource><extension url="http://hl7.org/fhir/StructureDefinition/implementationguide-page"><valueUri value="Specimen-MSSpecimenExample.html"/></extension><reference><reference value="Specimen/MSSpecimenExample"/></reference><name value="MSSpecimenExample"/><description value="Example patient specimen."/><exampleCanonical value="http://fhir.nmdp.org/ig/matchsource/StructureDefinition/msspecimen"/><groupingId value="-ex-example"/></resource><resource><extension url="http://hl7.org/fhir/StructureDefinition/implementationguide-page"><valueUri value="Observation-MSTransplantTimelineExample.html"/></extension><reference><reference value="Observation/MSTransplantTimelineExample"/></reference><name value="MSTransplantTimelineExample"/><description value="Example of transplant timeline"/><exampleCanonical value="http://fhir.nmdp.org/ig/matchsource/StructureDefinition/ms-transplant-timeline-observation"/><groupingId value="-ex-example"/></resource><resource><extension url="http://hl7.org/fhir/StructureDefinition/implementationguide-page"><valueUri value="Observation-MSWeightObsExample.html"/></extension><reference><reference value="Observation/MSWeightObsExample"/></reference><name value="MSWeightObsExample"/><description value="Example of patient weight"/><exampleCanonical value="http://fhir.nmdp.org/ig/matchsource/StructureDefinition/ms-weight-observation"/><groupingId value="-ex-example"/></resource><resource><extension url="http://hl7.org/fhir/StructureDefinition/implementationguide-page"><valueUri value="Organization-TCExample.html"/></extension><reference><reference value="Organization/TCExample"/></reference><name value="TCExample"/><description value="Example of a Transplant Center."/><exampleCanonical value="http://fhir.nmdp.org/ig/matchsource/StructureDefinition/transplantcenter"/><groupingId value="-ex-example"/></resource><page><nameUrl value="toc.html"/><title value="Table of Contents"/><generation value="html"/><page><nameUrl value="index.html"/><title value="Home"/><generation value="markdown"/></page><page><nameUrl value="artifacts.html"/><title value="Artifacts Summary"/><generation value="html"/><page><nameUrl value="StructureDefinition-hla-genotype.html"/><title value="HLA Genotype Observation"/><generation value="generated"/></page><page><nameUrl value="StructureDefinition-hla-a.html"/><title value="HLA_A"/><generation value="generated"/></page><page><nameUrl value="StructureDefinition-hla-b.html"/><title value="HLA_B"/><generation value="generated"/></page><page><nameUrl value="StructureDefinition-hla-c.html"/><title value="HLA_C"/><generation value="generated"/></page><page><nameUrl value="StructureDefinition-hla-dpa1.html"/><title value="HLA_DPA1"/><generation value="generated"/></page><page><nameUrl value="StructureDefinition-hla-dpb1.html"/><title value="HLA_DPB1"/><generation value="generated"/></page><page><nameUrl value="StructureDefinition-hla-dqa1.html"/><title value="HLA_DQA1"/><generation value="generated"/></page><page><nameUrl value="StructureDefinition-hla-dqb1.html"/><title value="HLA_DQB1"/><generation value="generated"/></page><page><nameUrl value="StructureDefinition-hla-drb1.html"/><title value="HLA_DRB1"/><generation value="generated"/></page><page><nameUrl value="StructureDefinition-hla-drb3.html"/><title value="HLA_DRB3"/><generation value="generated"/></page><page><nameUrl value="StructureDefinition-hla-drb4.html"/><title value="HLA_DRB4"/><generation value="generated"/></page><page><nameUrl value="StructureDefinition-hla-drb5.html"/><title value="HLA_DRB5"/><generation value="generated"/></page><page><nameUrl value="StructureDefinition-ms-abogroup-observation.html"/><title value="MSABOGroupObservation"/><generation value="generated"/></page><page><nameUrl value="StructureDefinition-ms-bundle.html"/><title value="MatchSource Bundle"/><generation value="generated"/></page><page><nameUrl value="StructureDefinition-ms-bundle-hla-multilocus.html"/><title value="MatchSource Bundle with single multilocus HLA"/><generation value="generated"/></page><page><nameUrl value="StructureDefinition-ms-bundle-hla-separate.html"/><title value="MatchSource Bundle with Separate HLA"/><generation value="generated"/></page><page><nameUrl value="StructureDefinition-msdiagnosis.html"/><title value="MSDiagnosis"/><generation value="generated"/></page><page><nameUrl value="StructureDefinition-ms-height-observation.html"/><title value="MSHeightObservation"/><generation value="generated"/></page><page><nameUrl value="StructureDefinition-mspatient.html"/><title value="MSPatient"/><generation value="generated"/></page><page><nameUrl value="StructureDefinition-ms-preferred-product-observation.html"/><title value="MSPreferredProduct"/><generation value="generated"/></page><page><nameUrl value="StructureDefinition-ms-rhstatus-observation.html"/><title value="MSRhStatusObservation"/><generation value="generated"/></page><page><nameUrl value="StructureDefinition-msspecimen.html"/><title value="MSSpecimen"/><generation value="generated"/></page><page><nameUrl value="StructureDefinition-ms-transplant-timeline-observation.html"/><title value="MSTransplantTimeline"/><generation value="generated"/></page><page><nameUrl value="StructureDefinition-ms-weight-observation.html"/><title value="MSWeightObservation"/><generation value="generated"/></page><page><nameUrl value="StructureDefinition-transplantcenter.html"/><title value="TransplantCenter"/><generation value="generated"/></page><page><nameUrl value="StructureDefinition-transplantcentercoordinator.html"/><title value="TransplantCenterCoordinator"/><generation value="generated"/></page><page><nameUrl value="StructureDefinition-nmdp-ethnicity.html"/><title value="NMDP Ethnicity Code Extension"/><generation value="generated"/></page><page><nameUrl value="StructureDefinition-nmdp-race.html"/><title value="NMDP Race Code Extension"/><generation value="generated"/></page><page><nameUrl value="StructureDefinition-number-of-remissions.html"/><title value="Number of Remissions of Primary Diagnosis"/><generation value="generated"/></page><page><nameUrl value="ValueSet-hla-geneid-valueset.html"/><title value="HLA Gene Name Value Set"/><generation value="generated"/></page><page><nameUrl value="ValueSet-loinc-abo-codes.html"/><title value="LOINC ABO group Value Set"/><generation value="generated"/></page><page><nameUrl value="ValueSet-ms-abo-group-codes.html"/><title value="MatchSource ABO Group Value Set"/><generation value="generated"/></page><page><nameUrl value="ValueSet-ms-rh-codes.html"/><title value="Matchsource Rh Value Sets"/><generation value="generated"/></page><page><nameUrl value="ValueSet-nmdp-abo-codes.html"/><title value="NMDP Blood Group Value Set"/><generation value="generated"/></page><page><nameUrl value="ValueSet-nmdp-diseasestage-codes.html"/><title value="NMDP Disease Stage Value Set"/><generation value="generated"/></page><page><nameUrl value="ValueSet-nmdp-disease-codes.html"/><title value="NMDP Disease Value Set"/><generation value="generated"/></page><page><nameUrl value="ValueSet-nmdp-ethnicity-codes.html"/><title value="NMDP Ethnicity Value Set"/><generation value="generated"/></page><page><nameUrl value="ValueSet-nmdp-language-codes.html"/><title value="NMDP Language Value Set"/><generation value="generated"/></page><page><nameUrl value="ValueSet-nmdp-preferred-product-codes.html"/><title value="NMDP Preferred Product Value Set"/><generation value="generated"/></page><page><nameUrl value="ValueSet-nmdp-race-codes.html"/><title value="NMDP Race Value Set"/><generation value="generated"/></page><page><nameUrl value="ValueSet-nmdp-rh-status-codes.html"/><title value="NMDP Codes for Rh status"/><generation value="generated"/></page><page><nameUrl value="ValueSet-nmdp-transplant-timeline-codes.html"/><title value="NMDP Transplant Timeline Value Set"/><generation value="generated"/></page><page><nameUrl value="ValueSet-loinc-posneg-codes.html"/><title value="LOINC Pos|Neg Value Set"/><generation value="generated"/></page><page><nameUrl value="ValueSet-sct-abo-group-codes.html"/><title value="Snomed CT ABO group Value Set"/><generation value="generated"/></page><page><nameUrl value="CodeSystem-glstring-codesystem.html"/><title value="Genotype List String Code CodeSystem"/><generation value="generated"/></page><page><nameUrl value="CodeSystem-hla-genename-codesystem.html"/><title value="HLA HGNC GeneID CodeSystem"/><generation value="generated"/></page><page><nameUrl value="CodeSystem-nmdp-abo-group-cs.html"/><title value="NMDP Blood Group Code System"/><generation value="generated"/></page><page><nameUrl value="CodeSystem-nmdp-disease-cs.html"/><title value="NMDP Disease Code System"/><generation value="generated"/></page><page><nameUrl value="CodeSystem-nmdp-diseasestage-cs.html"/><title value="NMDP Disease Stage Code System"/><generation value="generated"/></page><page><nameUrl value="CodeSystem-nmdp-ethnicity-cs.html"/><title value="NMDP Ethnicity Code System"/><generation value="generated"/></page><page><nameUrl value="CodeSystem-nmdp-language-cs.html"/><title value="NMDP Language Code System"/><generation value="generated"/></page><page><nameUrl value="CodeSystem-nmdp-preferred-product-cs.html"/><title value="NMDP Preferred Product for Transplant"/><generation value="generated"/></page><page><nameUrl value="CodeSystem-nmdp-race-cs.html"/><title value="NMDP Race Code System"/><generation value="generated"/></page><page><nameUrl value="CodeSystem-nmdp-rh-status-cs.html"/><title value="NMDP Rh Code System"/><generation value="generated"/></page><page><nameUrl value="CodeSystem-nmdp-transplant-timeline-cs.html"/><title value="NMDP Transplant Timeline Code System"/><generation value="generated"/></page><page><nameUrl value="Bundle-BundleExample-Full-HLA-Separate.html"/><title value="Matchsource Bundle Example - Full with HLA in separate observations for each locus"/><generation value="generated"/></page><page><nameUrl value="Bundle-BundleExample-Full-Multilocus-HLA.html"/><title value="Matchsource Bundle Example - Full, HLA with multilocus genotype"/><generation value="generated"/></page><page><nameUrl value="Bundle-BundleExample-Minimal.html"/><title value="Matchsource Bundle Example - Mimimal"/><generation value="generated"/></page><page><nameUrl value="Practitioner-CoordinatorExample.html"/><title value="CoordinatorExample"/><generation value="generated"/></page><page><nameUrl value="Observation-HLA-A-Example.html"/><title value="HLA-A-Example"/><generation value="generated"/></page><page><nameUrl value="Observation-HLA-B-Example.html"/><title value="HLA-B-Example"/><generation value="generated"/></page><page><nameUrl value="Observation-HLA-C-Example.html"/><title value="HLA-C-Example"/><generation value="generated"/></page><page><nameUrl value="Observation-HLA-DPA1-Example.html"/><title value="HLA-DPA1-Example"/><generation value="generated"/></page><page><nameUrl value="Observation-HLA-DPB1-Example.html"/><title value="HLA-DPB1-Example"/><generation value="generated"/></page><page><nameUrl value="Observation-HLA-DQA1-Example.html"/><title value="HLA-DQA1-Example"/><generation value="generated"/></page><page><nameUrl value="Observation-HLA-DQB1-Example.html"/><title value="HLA-DQB1-Example"/><generation value="generated"/></page><page><nameUrl value="Observation-HLA-DRB1-Example.html"/><title value="HLA-DRB1-Example"/><generation value="generated"/></page><page><nameUrl value="Observation-HLA-DRB3-Example.html"/><title value="HLA-DRB3-Example"/><generation value="generated"/></page><page><nameUrl value="Observation-HLA-DRB4-Example.html"/><title value="HLA-DRB4-Example"/><generation value="generated"/></page><page><nameUrl value="Observation-HLA-DRB5-Example.html"/><title value="HLA-DRB5-Example"/><generation value="generated"/></page><page><nameUrl value="Observation-HLA-Multilocus-Genotype-Example.html"/><title value="HLA-Multilocus-Genotype-Example"/><generation value="generated"/></page><page><nameUrl value="Observation-MSABOObsExample.html"/><title value="MSABOObsExample"/><generation value="generated"/></page><page><nameUrl value="Condition-MSDiagnosisExample-AML.html"/><title value="MSDiagnosisExample-AML"/><generation value="generated"/></page><page><nameUrl value="Condition-MSDiagnosisExample-OND.html"/><title value="MSDiagnosisExample-OND"/><generation value="generated"/></page><page><nameUrl value="Observation-MSHeightObsExample.html"/><title value="MSHeightObsExample"/><generation value="generated"/></page><page><nameUrl value="Patient-MSPatientExample.html"/><title value="MSPatientExample"/><generation value="generated"/></page><page><nameUrl value="Patient-MSPatientExample2.html"/><title value="MSPatientExample2"/><generation value="generated"/></page><page><nameUrl value="Patient-MSPatientExample3.html"/><title value="MSPatientExample3"/><generation value="generated"/></page><page><nameUrl value="Patient-MSPatientExample4.html"/><title value="MSPatientExample4"/><generation value="generated"/></page><page><nameUrl value="Observation-MSPreferredProductExample.html"/><title value="MSPreferredProductExample"/><generation value="generated"/></page><page><nameUrl value="Observation-MSRhObsExample.html"/><title value="MSRhObsExample"/><generation value="generated"/></page><page><nameUrl value="Specimen-MSSpecimenExample.html"/><title value="MSSpecimenExample"/><generation value="generated"/></page><page><nameUrl value="Observation-MSTransplantTimelineExample.html"/><title value="MSTransplantTimelineExample"/><generation value="generated"/></page><page><nameUrl value="Observation-MSWeightObsExample.html"/><title value="MSWeightObsExample"/><generation value="generated"/></page><page><nameUrl value="Organization-TCExample.html"/><title value="TCExample"/><generation value="generated"/></page></page></page><parameter><code value="path-resource"/><value value="input/capabilities"/></parameter><parameter><code value="path-resource"/><value value="input/examples"/></parameter><parameter><code value="path-resource"/><value value="input/extensions"/></parameter><parameter><code value="path-resource"/><value value="input/models"/></parameter><parameter><code value="path-resource"/><value value="input/operations"/></parameter><parameter><code value="path-resource"/><value value="input/profiles"/></parameter><parameter><code value="path-resource"/><value value="input/resources"/></parameter><parameter><code value="path-resource"/><value value="input/vocabulary"/></parameter><parameter><code value="path-resource"/><value value="input/maps"/></parameter><parameter><code value="path-resource"/><value value="input/testing"/></parameter><parameter><code value="path-resource"/><value value="input/history"/></parameter><parameter><code value="path-resource"/><value value="fsh-generated/resources"/></parameter><parameter><code value="path-pages"/><value value="template/config"/></parameter><parameter><code value="path-pages"/><value value="input/images"/></parameter><parameter><code value="path-tx-cache"/><value value="input-cache/txcache"/></parameter></definition></ImplementationGuide>