<?xml version="1.0" encoding="UTF-8"?><ValueSet xmlns="http://hl7.org/fhir"><id value="preferred-product-codes"/><text><status value="generated"/><div xmlns="http://www.w3.org/1999/xhtml"><ul><li>Include all codes defined in <a href="CodeSystem-nmdp-preferred-product-cs.html"><code>http://terminology.nmdp.org/codesystem/preferredproduct</code></a></li></ul></div></text><url value="http://fhir.nmdp.org/ig/matchsource/ValueSet/preferred-product-codes"/><version value="0.1.0"/><name value="HPCProductVS"/><title value="SNOMED HPC Value Set"/><status value="active"/><date value="2022-06-30T15:55:55-05:00"/><publisher value="NMDP"/><contact><name value="NMDP"/><telecom><system value="url"/><value value="http://bethematch.org"/></telecom></contact><description value="SNOMED HPC Value Set"/><compose><include><system value="http://terminology.nmdp.org/codesystem/preferredproduct"/></include></compose></ValueSet>