{"resourceType":"CodeSystem","id":"nmdp-abo-rh-group-cs","text":{"status":"generated","div":"<div xmlns=\"http://www.w3.org/1999/xhtml\"><p class=\"res-header-id\"><b>Generated Narrative: CodeSystem nmdp-abo-rh-group-cs</b></p><a name=\"nmdp-abo-rh-group-cs\"> </a><a name=\"hcnmdp-abo-rh-group-cs\"> </a><a name=\"nmdp-abo-rh-group-cs-en-US\"> </a><p>This case-sensitive code system <code>http://terminology.nmdp.org/codesystem/aborhgroup</code> defines the following codes:</p><table class=\"codes\"><tr><td style=\"white-space:nowrap\"><b>Code</b></td><td><b>Display</b></td></tr><tr><td style=\"white-space:nowrap\">A+<a name=\"nmdp-abo-rh-group-cs-A.43\"> </a></td><td>A POS</td></tr><tr><td style=\"white-space:nowrap\">A-<a name=\"nmdp-abo-rh-group-cs-A-\"> </a></td><td>A NEG</td></tr><tr><td style=\"white-space:nowrap\">B+<a name=\"nmdp-abo-rh-group-cs-B.43\"> </a></td><td>B POS</td></tr><tr><td style=\"white-space:nowrap\">B-<a name=\"nmdp-abo-rh-group-cs-B-\"> </a></td><td>B NEG</td></tr><tr><td style=\"white-space:nowrap\">O+<a name=\"nmdp-abo-rh-group-cs-O.43\"> </a></td><td>O POS</td></tr><tr><td style=\"white-space:nowrap\">O-<a name=\"nmdp-abo-rh-group-cs-O-\"> </a></td><td>O NEG</td></tr><tr><td style=\"white-space:nowrap\">AB+<a name=\"nmdp-abo-rh-group-cs-AB.43\"> </a></td><td>AB POS</td></tr><tr><td style=\"white-space:nowrap\">AB-<a name=\"nmdp-abo-rh-group-cs-AB-\"> </a></td><td>AB NEG</td></tr><tr><td style=\"white-space:nowrap\">nil<a name=\"nmdp-abo-rh-group-cs-nil\"> </a></td><td>no data</td></tr></table></div>"},"url":"http://terminology.nmdp.org/codesystem/aborhgroup","version":"0.1.2","name":"NMDPABORHCS","title":"CodeSystem - Blood Group (ABO+RH) - NMDP","status":"active","experimental":true,"date":"2025-04-16T10:30:36-05:00","publisher":"NMDP","contact":[{"name":"NMDP","telecom":[{"system":"url","value":"http://bethematch.org"}]}],"description":"Code System for NMDP ABO RH blood groups","copyright":"National Marrow Donor Program","caseSensitive":true,"content":"complete","count":9,"concept":[{"code":"A+","display":"A POS","designation":[{"use":{"system":"http://terminology.hl7.org/CodeSystem/designation-usage","code":"display"},"value":"A POS"}]},{"code":"A-","display":"A NEG","designation":[{"use":{"system":"http://terminology.hl7.org/CodeSystem/designation-usage","code":"display"},"value":"A NEG"}]},{"code":"B+","display":"B POS","designation":[{"use":{"system":"http://terminology.hl7.org/CodeSystem/designation-usage","code":"display"},"value":"B POS"}]},{"code":"B-","display":"B NEG","designation":[{"use":{"system":"http://terminology.hl7.org/CodeSystem/designation-usage","code":"display"},"value":"B NEG"}]},{"code":"O+","display":"O POS","designation":[{"use":{"system":"http://terminology.hl7.org/CodeSystem/designation-usage","code":"display"},"value":"O POS"}]},{"code":"O-","display":"O NEG","designation":[{"use":{"system":"http://terminology.hl7.org/CodeSystem/designation-usage","code":"display"},"value":"O NEG"}]},{"code":"AB+","display":"AB POS","designation":[{"use":{"system":"http://terminology.hl7.org/CodeSystem/designation-usage","code":"display"},"value":"AB POS"}]},{"code":"AB-","display":"AB NEG","designation":[{"use":{"system":"http://terminology.hl7.org/CodeSystem/designation-usage","code":"display"},"value":"AB NEG"}]},{"code":"nil","display":"no data","designation":[{"use":{"system":"http://terminology.hl7.org/CodeSystem/designation-usage","code":"display"},"value":"no data"}]}]}