{"resourceType":"CodeSystem","id":"nmdp-race-cs","text":{"status":"generated","div":"<div xmlns=\"http://www.w3.org/1999/xhtml\"><p>This code system http://terminology.nmdp.org/codesystem/race defines the following codes:</p><table class=\"codes\"><tr><td style=\"white-space:nowrap\"><b>Code</b></td><td><b>Display</b></td></tr><tr><td style=\"white-space:nowrap\">AAFA<a name=\"nmdp-race-cs-AAFA\"> </a></td><td>African American</td></tr><tr><td style=\"white-space:nowrap\">AFA<a name=\"nmdp-race-cs-AFA\"> </a></td><td>Unspecified</td></tr><tr><td style=\"white-space:nowrap\">AFB<a name=\"nmdp-race-cs-AFB\"> </a></td><td>African</td></tr><tr><td style=\"white-space:nowrap\">AINDI<a name=\"nmdp-race-cs-AINDI\"> </a></td><td>South Asian</td></tr><tr><td style=\"white-space:nowrap\">AISC<a name=\"nmdp-race-cs-AISC\"> </a></td><td>American Indian South or Centr</td></tr><tr><td style=\"white-space:nowrap\">ALANAM<a name=\"nmdp-race-cs-ALANAM\"> </a></td><td>Alaska Native or Aleut</td></tr><tr><td style=\"white-space:nowrap\">AMIND<a name=\"nmdp-race-cs-AMIND\"> </a></td><td>North American Indian</td></tr><tr><td style=\"white-space:nowrap\">API<a name=\"nmdp-race-cs-API\"> </a></td><td>Unspecified</td></tr><tr><td style=\"white-space:nowrap\">CARB<a name=\"nmdp-race-cs-CARB\"> </a></td><td>Black Caribbean</td></tr><tr><td style=\"white-space:nowrap\">CARHIS<a name=\"nmdp-race-cs-CARHIS\"> </a></td><td>Caribbean Hispanic</td></tr><tr><td style=\"white-space:nowrap\">CARIBI<a name=\"nmdp-race-cs-CARIBI\"> </a></td><td>Caribbean Indian</td></tr><tr><td style=\"white-space:nowrap\">CAU<a name=\"nmdp-race-cs-CAU\"> </a></td><td>Unspecified</td></tr><tr><td style=\"white-space:nowrap\">DEC<a name=\"nmdp-race-cs-DEC\"> </a></td><td>Declines or No Race Selected</td></tr><tr><td style=\"white-space:nowrap\">EEURO<a name=\"nmdp-race-cs-EEURO\"> </a></td><td>Eastern European</td></tr><tr><td style=\"white-space:nowrap\">EURWRC<a name=\"nmdp-race-cs-EURWRC\"> </a></td><td>North American or European</td></tr><tr><td style=\"white-space:nowrap\">FILII<a name=\"nmdp-race-cs-FILII\"> </a></td><td>Filipino</td></tr><tr><td style=\"white-space:nowrap\">GUAMAN<a name=\"nmdp-race-cs-GUAMAN\"> </a></td><td>Guamanian</td></tr><tr><td style=\"white-space:nowrap\">HAWAII<a name=\"nmdp-race-cs-HAWAII\"> </a></td><td>Hawaiian</td></tr><tr><td style=\"white-space:nowrap\">HAWI<a name=\"nmdp-race-cs-HAWI\"> </a></td><td>Unspecified</td></tr><tr><td style=\"white-space:nowrap\">HIS<a name=\"nmdp-race-cs-HIS\"> </a></td><td>Unspecified Hispanic</td></tr><tr><td style=\"white-space:nowrap\">JAPI<a name=\"nmdp-race-cs-JAPI\"> </a></td><td>Japanese</td></tr><tr><td style=\"white-space:nowrap\">KORI<a name=\"nmdp-race-cs-KORI\"> </a></td><td>Korean</td></tr><tr><td style=\"white-space:nowrap\">MAFA<a name=\"nmdp-race-cs-MAFA\"> </a></td><td>Multiple Black</td></tr><tr><td style=\"white-space:nowrap\">MAPI<a name=\"nmdp-race-cs-MAPI\"> </a></td><td>Multiple Asian/Pacific Islndr</td></tr><tr><td style=\"white-space:nowrap\">MCAU<a name=\"nmdp-race-cs-MCAU\"> </a></td><td>Multiple Caucasian</td></tr><tr><td style=\"white-space:nowrap\">MEDIT<a name=\"nmdp-race-cs-MEDIT\"> </a></td><td>Mediterranean</td></tr><tr><td style=\"white-space:nowrap\">MENAFC<a name=\"nmdp-race-cs-MENAFC\"> </a></td><td>MidEast/No. Coast of Africa</td></tr><tr><td style=\"white-space:nowrap\">MHAW<a name=\"nmdp-race-cs-MHAW\"> </a></td><td>Multiple Nat. Hw/Oth Pa. Isln</td></tr><tr><td style=\"white-space:nowrap\">MHIS<a name=\"nmdp-race-cs-MHIS\"> </a></td><td>Multiple Hispanic</td></tr><tr><td style=\"white-space:nowrap\">MIDEAS<a name=\"nmdp-race-cs-MIDEAS\"> </a></td><td>Middle Eastern</td></tr><tr><td style=\"white-space:nowrap\">MNAM<a name=\"nmdp-race-cs-MNAM\"> </a></td><td>Multiple Native American</td></tr><tr><td style=\"white-space:nowrap\">MSWHIS<a name=\"nmdp-race-cs-MSWHIS\"> </a></td><td>Mexican or Chicano</td></tr><tr><td style=\"white-space:nowrap\">MULTI<a name=\"nmdp-race-cs-MULTI\"> </a></td><td>Multiple Race</td></tr><tr><td style=\"white-space:nowrap\">NAM<a name=\"nmdp-race-cs-NAM\"> </a></td><td>Unspecified</td></tr><tr><td style=\"white-space:nowrap\">NAMB<a name=\"nmdp-race-cs-NAMB\"> </a></td><td>North American Black</td></tr><tr><td style=\"white-space:nowrap\">NAMER<a name=\"nmdp-race-cs-NAMER\"> </a></td><td>North American</td></tr><tr><td style=\"white-space:nowrap\">NCAFRI<a name=\"nmdp-race-cs-NCAFRI\"> </a></td><td>North Coast of Africa</td></tr><tr><td style=\"white-space:nowrap\">NCHI<a name=\"nmdp-race-cs-NCHI\"> </a></td><td>Chinese</td></tr><tr><td style=\"white-space:nowrap\">NEURO<a name=\"nmdp-race-cs-NEURO\"> </a></td><td>Northern European</td></tr><tr><td style=\"white-space:nowrap\">OPI<a name=\"nmdp-race-cs-OPI\"> </a></td><td>Other Pacific Islander</td></tr><tr><td style=\"white-space:nowrap\">OTH<a name=\"nmdp-race-cs-OTH\"> </a></td><td>Other</td></tr><tr><td style=\"white-space:nowrap\">SAMOAN<a name=\"nmdp-race-cs-SAMOAN\"> </a></td><td>Samoan</td></tr><tr><td style=\"white-space:nowrap\">SCAHIS<a name=\"nmdp-race-cs-SCAHIS\"> </a></td><td>South/Cntrl Amer. Hisp.</td></tr><tr><td style=\"white-space:nowrap\">SCAMB<a name=\"nmdp-race-cs-SCAMB\"> </a></td><td>Black South or Central America</td></tr><tr><td style=\"white-space:nowrap\">SCSEAI<a name=\"nmdp-race-cs-SCSEAI\"> </a></td><td>Other Southeast Asian</td></tr><tr><td style=\"white-space:nowrap\">UNK<a name=\"nmdp-race-cs-UNK\"> </a></td><td>Unknown/Question Not Asked</td></tr><tr><td style=\"white-space:nowrap\">VIET<a name=\"nmdp-race-cs-VIET\"> </a></td><td>Vietnamese</td></tr><tr><td style=\"white-space:nowrap\">WCARIB<a name=\"nmdp-race-cs-WCARIB\"> </a></td><td>White Caribbean</td></tr><tr><td style=\"white-space:nowrap\">WEURO<a name=\"nmdp-race-cs-WEURO\"> </a></td><td>Western European</td></tr><tr><td style=\"white-space:nowrap\">WSCA<a name=\"nmdp-race-cs-WSCA\"> </a></td><td>White South or Central America</td></tr></table></div>"},"url":"http://terminology.nmdp.org/codesystem/race","version":"0.1.0","name":"NMDPRaceCS","title":"NMDP Race Code System","status":"active","experimental":false,"date":"2022-05-26T09:36:20-05:00","publisher":"NMDP","contact":[{"name":"NMDP","telecom":[{"system":"url","value":"http://bethematch.org"}]}],"description":"CodeSystem of NMDP Diseases","copyright":"National Marrow Donor Program","content":"complete","count":50,"concept":[{"code":"AAFA","display":"African American"},{"code":"AFA","display":"Unspecified"},{"code":"AFB","display":"African"},{"code":"AINDI","display":"South Asian"},{"code":"AISC","display":"American Indian South or Centr"},{"code":"ALANAM","display":"Alaska Native or Aleut"},{"code":"AMIND","display":"North American Indian"},{"code":"API","display":"Unspecified"},{"code":"CARB","display":"Black Caribbean"},{"code":"CARHIS","display":"Caribbean Hispanic"},{"code":"CARIBI","display":"Caribbean Indian"},{"code":"CAU","display":"Unspecified"},{"code":"DEC","display":"Declines or No Race Selected"},{"code":"EEURO","display":"Eastern European"},{"code":"EURWRC","display":"North American or European"},{"code":"FILII","display":"Filipino"},{"code":"GUAMAN","display":"Guamanian"},{"code":"HAWAII","display":"Hawaiian"},{"code":"HAWI","display":"Unspecified"},{"code":"HIS","display":"Unspecified Hispanic"},{"code":"JAPI","display":"Japanese"},{"code":"KORI","display":"Korean"},{"code":"MAFA","display":"Multiple Black"},{"code":"MAPI","display":"Multiple Asian/Pacific Islndr"},{"code":"MCAU","display":"Multiple Caucasian"},{"code":"MEDIT","display":"Mediterranean"},{"code":"MENAFC","display":"MidEast/No. Coast of Africa"},{"code":"MHAW","display":"Multiple Nat. Hw/Oth Pa. Isln"},{"code":"MHIS","display":"Multiple Hispanic"},{"code":"MIDEAS","display":"Middle Eastern"},{"code":"MNAM","display":"Multiple Native American"},{"code":"MSWHIS","display":"Mexican or Chicano"},{"code":"MULTI","display":"Multiple Race"},{"code":"NAM","display":"Unspecified"},{"code":"NAMB","display":"North American Black"},{"code":"NAMER","display":"North American"},{"code":"NCAFRI","display":"North Coast of Africa"},{"code":"NCHI","display":"Chinese"},{"code":"NEURO","display":"Northern European"},{"code":"OPI","display":"Other Pacific Islander"},{"code":"OTH","display":"Other"},{"code":"SAMOAN","display":"Samoan"},{"code":"SCAHIS","display":"South/Cntrl Amer. Hisp."},{"code":"SCAMB","display":"Black South or Central America"},{"code":"SCSEAI","display":"Other Southeast Asian"},{"code":"UNK","display":"Unknown/Question Not Asked"},{"code":"VIET","display":"Vietnamese"},{"code":"WCARIB","display":"White Caribbean"},{"code":"WEURO","display":"Western European"},{"code":"WSCA","display":"White South or Central America"}]}