{"resourceType":"ValueSet","id":"nmdp-race-codes","text":{"status":"generated","div":"<div xmlns=\"http://www.w3.org/1999/xhtml\"><p class=\"res-header-id\"><b>Generated Narrative: ValueSet nmdp-race-codes</b></p><a name=\"nmdp-race-codes\"> </a><a name=\"hcnmdp-race-codes\"> </a><a name=\"nmdp-race-codes-en-US\"> </a><ul><li>Include all codes defined in <a href=\"CodeSystem-nmdp-race-cs.html\"><code>http://terminology.nmdp.org/codesystem/race</code></a></li></ul></div>"},"url":"http://fhir.nmdp.org/ig/matchsync/ValueSet/nmdp-race-codes","version":"0.1.1","name":"NMDPRaceVS","title":"NMDP Race Value Set","status":"draft","experimental":true,"date":"2024-12-02T18:26:03-06:00","publisher":"NMDP","contact":[{"name":"NMDP","telecom":[{"system":"url","value":"http://bethematch.org"}]}],"description":"NMDP race codes","compose":{"include":[{"system":"http://terminology.nmdp.org/codesystem/race"}]}}