<?xml version="1.0" encoding="UTF-8"?><ValueSet xmlns="http://hl7.org/fhir"><id value="loinc-posneg-codes"/><text><status value="generated"/><div xmlns="http://www.w3.org/1999/xhtml"><ul><li>Include these codes as defined in <a href="http://loinc.org"><code>http://loinc.org</code></a><table class="none"><tr><td style="white-space:nowrap"><b>Code</b></td><td><b>Display</b></td></tr><tr><td><a href="https://loinc.org/LA6576-8/">LA6576-8</a></td><td>Positive</td></tr><tr><td><a href="https://loinc.org/LA6577-6/">LA6577-6</a></td><td>Negative</td></tr></table></li></ul></div></text><url value="http://loinc.org/vs/LL360-9"/><version value="0.1.0"/><name value="PosNegVS"/><title value="LOINC Pos|Neg Value Set"/><status value="active"/><experimental value="true"/><date value="2024-03-18T10:20:43-05:00"/><publisher value="NMDP"/><contact><name value="NMDP"/><telecom><system value="url"/><value value="http://bethematch.org"/></telecom></contact><description value="LOINC codes for Positive and Negative"/><copyright value="This material contains content from LOINC (http://loinc.org). LOINC is copyright ©1995-2022, Regenstrief Institute, Inc. and the Logical Observation Identifiers Names and Codes (LOINC) Committee and is available at no cost under the license at http://loinc.org/license. LOINC® is a registered United States trademark of Regenstrief Institute, Inc."/><compose><include><system value="http://loinc.org"/><concept><code value="LA6576-8"/><display value="Positive"/></concept><concept><code value="LA6577-6"/><display value="Negative"/></concept></include></compose></ValueSet>