<?xml version="1.0" encoding="UTF-8"?><ValueSet xmlns="http://hl7.org/fhir"><id value="ms-abo-rh-group-codes"/><text><status value="generated"/><div xmlns="http://www.w3.org/1999/xhtml"><p class="res-header-id"><b>Generated Narrative: ValueSet ms-abo-rh-group-codes</b></p><a name="ms-abo-rh-group-codes"> </a><a name="hcms-abo-rh-group-codes"> </a><a name="ms-abo-rh-group-codes-en-US"> </a><p>This value set includes codes based on the following rules:</p><ul><li>Import all the codes that are contained in <a href="ValueSet-nmdp-abo-rh-codes.html">NMDP Blood Group Value Set</a></li><li>Import all the codes that are contained in <a href="ValueSet-loinc-abo-rh-codes.html">LOINC ABO RH group Value Set</a></li></ul></div></text><url value="http://fhir.nmdp.org/ig/matchsync/ValueSet/ms-abo-rh-group-codes"/><version value="0.1.1"/><name value="MSABORHGroupVS"/><title value="MatchSync ABO RH Group Value Set"/><status value="draft"/><experimental value="true"/><date value="2024-12-02T18:31:42-06:00"/><publisher value="NMDP"/><contact><name value="NMDP"/><telecom><system value="url"/><value value="http://bethematch.org"/></telecom></contact><description value="MatchSync ABO RH group codes. Combines LOINC and NMDP codes"/><compose><include><valueSet value="http://fhir.nmdp.org/ig/matchsync/ValueSet/nmdp-abo-rh-codes"/></include><include><valueSet value="http://loinc.org/vs/LL2972-9"/></include></compose></ValueSet>