<?xml version="1.0" encoding="UTF-8"?><ValueSet xmlns="http://hl7.org/fhir"><id value="nmdp-preferred-product-codes"/><text><status value="generated"/><div xmlns="http://www.w3.org/1999/xhtml"><ul><li>Include all codes defined in <a href="CodeSystem-nmdp-preferred-product-cs.html"><code>http://terminology.nmdp.org/codesystem/preferredproduct</code></a></li></ul></div></text><url value="http://fhir.nmdp.org/ig/matchsync/ValueSet/nmdp-preferred-product-codes"/><version value="0.1.0"/><name value="NMDPPreferredProductVS"/><title value="NMDP Preferred Product Value Set"/><status value="draft"/><experimental value="true"/><date value="2024-05-01T13:56:53-05:00"/><publisher value="NMDP"/><contact><name value="NMDP"/><telecom><system value="url"/><value value="http://bethematch.org"/></telecom></contact><description value="NMDP preferred product codes"/><compose><include><system value="http://terminology.nmdp.org/codesystem/preferredproduct"/></include></compose></ValueSet>