<?xml version="1.0" encoding="UTF-8"?><CodeSystem xmlns="http://hl7.org/fhir"><id value="glstring-codesystem"/><text><status value="generated"/><div xmlns="http://www.w3.org/1999/xhtml"><p class="res-header-id"><b>Generated Narrative: CodeSystem glstring-codesystem</b></p><a name="glstring-codesystem"> </a><a name="hcglstring-codesystem"> </a><a name="glstring-codesystem-en-US"> </a><p>This case-sensitive code system <code>http://www.glstring.org</code> defines codes, but no codes are represented here</p></div></text><url value="http://www.glstring.org"/><version value="0.1.1"/><name value="GLStringCS"/><title value="Genotype List String Code CodeSystem"/><status value="active"/><experimental value="true"/><date value="2024-11-11T17:47:55-06:00"/><publisher value="NMDP"/><contact><name value="NMDP"/><telecom><system value="url"/><value value="http://bethematch.org"/></telecom></contact><description value="Genotype List String Codesystem used for HLA reporting"/><copyright value="National Marrow Donor Program"/><caseSensitive value="true"/><compositional value="true"/><content value="not-present"/></CodeSystem>