<?xml version="1.0" encoding="UTF-8"?><ValueSet xmlns="http://hl7.org/fhir"><id value="loinc-abo-rh-codes"/><text><status value="generated"/><div xmlns="http://www.w3.org/1999/xhtml"><p class="res-header-id"><b>Generated Narrative: ValueSet loinc-abo-rh-codes</b></p><a name="loinc-abo-rh-codes"> </a><a name="hcloinc-abo-rh-codes"> </a><a name="loinc-abo-rh-codes-en-US"> </a><ul><li>Include these codes as defined in <a href="http://loinc.org"><code>http://loinc.org</code></a><table class="none"><tr><td style="white-space:nowrap"><b>Code</b></td><td><b>Display</b></td></tr><tr><td><a href="https://loinc.org/LA21321-7/">LA21321-7</a></td><td>O Pos</td></tr><tr><td><a href="https://loinc.org/LA21322-5/">LA21322-5</a></td><td>O Neg</td></tr><tr><td><a href="https://loinc.org/LA21325-8/">LA21325-8</a></td><td>A Pos</td></tr><tr><td><a href="https://loinc.org/LA21326-6/">LA21326-6</a></td><td>A Neg</td></tr><tr><td><a href="https://loinc.org/LA21327-4/">LA21327-4</a></td><td>B Pos</td></tr><tr><td><a href="https://loinc.org/LA21328-2/">LA21328-2</a></td><td>B Neg</td></tr><tr><td><a href="https://loinc.org/LA21323-3/">LA21323-3</a></td><td>AB Pos</td></tr><tr><td><a href="https://loinc.org/LA21324-1/">LA21324-1</a></td><td>AB Neg</td></tr></table></li></ul></div></text><url value="http://loinc.org/vs/LL2972-9"/><version value="0.1.2"/><name value="LNCABORHGroupVS"/><title value="ValueSet - Blood Group (ABO+RH) - LOINC"/><status value="active"/><experimental value="true"/><date value="2025-04-15T15:35:56-05:00"/><publisher value="NMDP"/><contact><name value="NMDP"/><telecom><system value="url"/><value value="http://bethematch.org"/></telecom></contact><description value="LOINC codes for ABO RH blood group"/><copyright value="This material contains content from LOINC (http://loinc.org). LOINC is copyright ©1995-2022, Regenstrief Institute, Inc. and the Logical Observation Identifiers Names and Codes (LOINC) Committee and is available at no cost under the license at http://loinc.org/license. LOINC® is a registered United States trademark of Regenstrief Institute, Inc."/><compose><include><system value="http://loinc.org"/><concept><code value="LA21321-7"/><display value="O Pos"/></concept><concept><code value="LA21322-5"/><display value="O Neg"/></concept><concept><code value="LA21325-8"/><display value="A Pos"/></concept><concept><code value="LA21326-6"/><display value="A Neg"/></concept><concept><code value="LA21327-4"/><display value="B Pos"/></concept><concept><code value="LA21328-2"/><display value="B Neg"/></concept><concept><code value="LA21323-3"/><display value="AB Pos"/></concept><concept><code value="LA21324-1"/><display value="AB Neg"/></concept></include></compose></ValueSet>