<?xml version="1.0" encoding="UTF-8"?><ValueSet xmlns="http://hl7.org/fhir"><id value="nmdp-transplant-timeline-codes"/><text><status value="generated"/><div xmlns="http://www.w3.org/1999/xhtml"><p class="res-header-id"><b>Generated Narrative: ValueSet nmdp-transplant-timeline-codes</b></p><a name="nmdp-transplant-timeline-codes"> </a><a name="hcnmdp-transplant-timeline-codes"> </a><a name="nmdp-transplant-timeline-codes-en-US"> </a><ul><li>Include all codes defined in <a href="CodeSystem-nmdp-transplant-timeline-cs.html"><code>http://terminology.nmdp.org/codesystem/transplanttimeline</code></a></li></ul></div></text><url value="http://fhir.nmdp.org/ig/matchsync/ValueSet/nmdp-transplant-timeline-codes"/><version value="0.1.2"/><name value="NMDPTransplantTimelineVS"/><title value="ValueSet - Transplant Timeline - NMDP"/><status value="draft"/><experimental value="true"/><date value="2025-04-15T15:35:56-05:00"/><publisher value="NMDP"/><contact><name value="NMDP"/><telecom><system value="url"/><value value="http://bethematch.org"/></telecom></contact><description value="NMDP transplant timeline codes"/><compose><include><system value="http://terminology.nmdp.org/codesystem/transplanttimeline"/></include></compose></ValueSet>