<?xml version="1.0" encoding="UTF-8"?>

<Patient xmlns="http://hl7.org/fhir">
  <id value="MSPatientExample2"/>
  <meta>
    <profile value="http://fhir.nmdp.org/ig/matchsource/StructureDefinition/mspatient"/>
  </meta>
  <text>
    <status value="generated"/><div xmlns="http://www.w3.org/1999/xhtml"><p><b>Joe Everyperson </b> male, DoB: 1974-12-25</p></div>
  </text>
  <extension url="http://fhir.nmdp.org/ig/matchsource/StructureDefinition/nmdp-race">
    <valueCodeableConcept>
      <coding>
        <system value="http://terminology.nmdp.org/codesystem/race"/>
        <code value="EURWRC"/>
        <display value="North American or European"/>
      </coding>
    </valueCodeableConcept>
  </extension>
  <extension url="http://fhir.nmdp.org/ig/matchsource/StructureDefinition/nmdp-ethnicity">
    <valueCodeableConcept>
      <coding>
        <system value="http://terminology.nmdp.org/codesystem/ethnicity"/>
        <code value="NHIS"/>
        <display value="Not Hispanic or Latino"/>
      </coding>
    </valueCodeableConcept>
  </extension>
  <name>
    <family value="Everyperson"/>
    <given value="Joe"/>
  </name>
  <telecom>
    <system value="phone"/>
    <value value="1-612-555-1234"/>
  </telecom>
  <gender value="male"/>
  <birthDate value="1974-12-25"/>
  <address>
    <line value="123 Main St"/>
    <city value="Minneapolis"/>
    <state value="MN"/>
    <postalCode value="55401"/>
    <country value="USA"/>
  </address>
</Patient>