<?xml version="1.0" encoding="UTF-8"?>

<ValueSet xmlns="http://hl7.org/fhir">
  <id value="nmdp-abo-codes"/>
  <text>
    <status value="generated"/><div xmlns="http://www.w3.org/1999/xhtml"><p class="res-header-id"><b>Generated Narrative: ValueSet nmdp-abo-codes</b></p><a name="nmdp-abo-codes"> </a><a name="hcnmdp-abo-codes"> </a><a name="nmdp-abo-codes-en-US"> </a><ul><li>Include all codes defined in <a href="CodeSystem-nmdp-abo-group-cs.html"><code>http://terminology.nmdp.org/codesystem/abogroup</code></a></li></ul></div>
  </text>
  <url value="http://fhir.nmdp.org/ig/matchsync/ValueSet/nmdp-abo-codes"/>
  <version value="0.1.1"/>
  <name value="NMDPABOVS"/>
  <title value="NMDP Blood Group Value Set"/>
  <status value="draft"/>
  <experimental value="true"/>
  <date value="2024-11-11T17:53:38-06:00"/>
  <publisher value="NMDP"/>
  <contact>
    <name value="NMDP"/>
    <telecom>
      <system value="url"/>
      <value value="http://bethematch.org"/>
    </telecom>
  </contact>
  <description value="NMDP blood group codes"/>
  <compose>
    <include>
      <system value="http://terminology.nmdp.org/codesystem/abogroup"/>
    </include>
  </compose>
</ValueSet>