{
  "resourceType": "Bundle",
  "id": "BundleExample-Full-Multilocus-HLA",
  "meta": {
    "profile": [
      "http://fhir.nmdp.org/ig/matchsource/StructureDefinition/ms-bundle-hla-multilocus"
    ],
    "security": [
      {
        "system": "http://terminology.nmdp.org/codesystem/transplant-center",
        "code": "tc_123"
      }
    ]
  },
  "type": "collection",
  "timestamp": "2020-11-24T23:50:50-05:00",
  "entry": [
    {
      "fullUrl": "urn:uuid:cc111e78-15eb-430d-b337-a4418494bedc",
      "resource": {
        "resourceType": "Patient",
        "id": "MSPatientExample",
        "meta": {
          "profile": [
            "http://fhir.nmdp.org/ig/matchsource/StructureDefinition/mspatient"
          ],
          "security": [
            {
              "system": "http://terminology.nmdp.org/codesystem/transplant-center",
              "code": "tc_123"
            }
          ]
        },
        "text": {
          "status": "extensions",
          "div": "<div xmlns=\"http://www.w3.org/1999/xhtml\"><p><b>Generated Narrative</b></p><div style=\"display: inline-block; background-color: #d9e0e7; padding: 6px; margin: 4px; border: 1px solid #8da1b4; border-radius: 5px; line-height: 60%\"><p style=\"margin-bottom: 0px\">Resource \"MSPatientExample\" </p><p style=\"margin-bottom: 0px\">Profile: <a href=\"StructureDefinition-mspatient.html\">MSPatient</a></p><p style=\"margin-bottom: 0px\">Security Labels: <span title=\"{http://terminology.nmdp.org/codesystem/transplant-center http://terminology.nmdp.org/codesystem/transplant-center}\">http://terminology.nmdp.org/codesystem/transplant-center</span></p></div><blockquote><p><b>US Core Race Extension</b></p><p><b>value</b>: White (Details: urn:oid:2.16.840.1.113883.6.238 code 2106-3 = 'White', stated as 'White')</p><p><b>value</b>: White</p></blockquote><blockquote><p><b>US Core Ethnicity Extension</b></p><p><b>value</b>: Not Hispanic or Latino (Details: urn:oid:2.16.840.1.113883.6.238 code 2186-5 = 'Not Hispanic or Latino', stated as 'Not Hispanic or Latino')</p><p><b>value</b>: Not Hispanic or Latino</p></blockquote><p><b>name</b>: Jane Everyperson </p><p><b>telecom</b>: ph: 1-612-555-1234</p><p><b>gender</b>: female</p><p><b>birthDate</b>: 1974-12-25</p><p><b>address</b>: 123 Main St Minneapolis MN 55401 USA </p></div>"
        },
        "extension": [
          {
            "extension": [
              {
                "url": "ombCategory",
                "valueCoding": {
                  "system": "urn:oid:2.16.840.1.113883.6.238",
                  "code": "2106-3",
                  "display": "White"
                }
              },
              {
                "url": "text",
                "valueString": "White"
              }
            ],
            "url": "http://hl7.org/fhir/us/core/StructureDefinition/us-core-race"
          },
          {
            "extension": [
              {
                "url": "ombCategory",
                "valueCoding": {
                  "system": "urn:oid:2.16.840.1.113883.6.238",
                  "code": "2186-5",
                  "display": "Not Hispanic or Latino"
                }
              },
              {
                "url": "text",
                "valueString": "Not Hispanic or Latino"
              }
            ],
            "url": "http://hl7.org/fhir/us/core/StructureDefinition/us-core-ethnicity"
          }
        ],
        "name": [
          {
            "family": "Everyperson",
            "given": [
              "Jane"
            ]
          }
        ],
        "telecom": [
          {
            "system": "phone",
            "value": "1-612-555-1234"
          }
        ],
        "gender": "female",
        "birthDate": "1974-12-25",
        "address": [
          {
            "line": [
              "123 Main St"
            ],
            "city": "Minneapolis",
            "state": "MN",
            "postalCode": "55401",
            "country": "USA"
          }
        ]
      }
    },
    {
      "fullUrl": "urn:uuid:cef4702d-cbe1-447b-b671-588dbfb40bb5",
      "resource": {
        "resourceType": "Practitioner",
        "id": "CoordinatorExample",
        "meta": {
          "profile": [
            "http://fhir.nmdp.org/ig/matchsource/StructureDefinition/transplantcentercoordinator"
          ],
          "security": [
            {
              "system": "http://terminology.nmdp.org/codesystem/transplant-center",
              "code": "tc_123"
            }
          ]
        },
        "text": {
          "status": "generated",
          "div": "<div xmlns=\"http://www.w3.org/1999/xhtml\"><p><b>Generated Narrative</b></p><div style=\"display: inline-block; background-color: #d9e0e7; padding: 6px; margin: 4px; border: 1px solid #8da1b4; border-radius: 5px; line-height: 60%\"><p style=\"margin-bottom: 0px\">Resource \"CoordinatorExample\" </p><p style=\"margin-bottom: 0px\">Profile: <a href=\"StructureDefinition-transplantcentercoordinator.html\">TransplantCenterCoordinator</a></p><p style=\"margin-bottom: 0px\">Security Labels: <span title=\"{http://terminology.nmdp.org/codesystem/transplant-center http://terminology.nmdp.org/codesystem/transplant-center}\">http://terminology.nmdp.org/codesystem/transplant-center</span></p></div><p><b>name</b>: Bart Simpson </p></div>"
        },
        "name": [
          {
            "family": "Simpson",
            "given": [
              "Bart"
            ]
          }
        ]
      }
    },
    {
      "fullUrl": "urn:uuid:be7873b5-9685-42a9-9815-6d048e6dcc8f",
      "resource": {
        "resourceType": "Condition",
        "id": "MSDiagnosisExample-AML",
        "meta": {
          "profile": [
            "http://fhir.nmdp.org/ig/matchsource/StructureDefinition/msdiagnosis"
          ],
          "security": [
            {
              "system": "http://terminology.nmdp.org/codesystem/transplant-center",
              "code": "tc_123"
            }
          ]
        },
        "text": {
          "status": "extensions",
          "div": "<div xmlns=\"http://www.w3.org/1999/xhtml\"><p><b>Generated Narrative</b></p><div style=\"display: inline-block; background-color: #d9e0e7; padding: 6px; margin: 4px; border: 1px solid #8da1b4; border-radius: 5px; line-height: 60%\"><p style=\"margin-bottom: 0px\">Resource \"MSDiagnosisExample-AML\" </p><p style=\"margin-bottom: 0px\">Profile: <a href=\"StructureDefinition-msdiagnosis.html\">MSDiagnosis</a></p><p style=\"margin-bottom: 0px\">Security Labels: <span title=\"{http://terminology.nmdp.org/codesystem/transplant-center http://terminology.nmdp.org/codesystem/transplant-center}\">http://terminology.nmdp.org/codesystem/transplant-center</span></p></div><p><b>Number of Remissions of Primary Diagnosis</b>: 0</p><p><b>code</b>: ACUTE MYELOGENOUS LEUKEMIA <span style=\"background: LightGoldenRodYellow; margin: 4px; border: 1px solid khaki\"> (<a href=\"CodeSystem-nmdp-disease-cs.html\">NMDP Disease Code System</a>#AML)</span></p><p><b>subject</b>: <a href=\"#Patient_MSPatientExample\">See above (Patient/MSPatientExample)</a></p><p><b>recordedDate</b>: 2021-11-01</p><h3>Stages</h3><table class=\"grid\"><tr><td>-</td><td><b>Summary</b></td></tr><tr><td>*</td><td>Accelerated Phase <span style=\"background: LightGoldenRodYellow; margin: 4px; border: 1px solid khaki\"> (<a href=\"CodeSystem-nmdp-diseasestage-cs.html\">NMDP Disease Stage Code System</a>#AP)</span></td></tr></table></div>"
        },
        "extension": [
          {
            "url": "http://fhir.nmdp.org/ig/matchsource/StructureDefinition/number-of-remissions",
            "valueInteger": 0
          }
        ],
        "code": {
          "coding": [
            {
              "system": "http://terminology.nmdp.org/codesystem/disease",
              "code": "AML",
              "display": "ACUTE MYELOGENOUS LEUKEMIA"
            }
          ]
        },
        "subject": {
          "reference": "Patient/MSPatientExample"
        },
        "recordedDate": "2021-11-01",
        "stage": [
          {
            "summary": {
              "coding": [
                {
                  "system": "http://terminology.nmdp.org/codesystem/diseasestage",
                  "code": "AP",
                  "display": "Accelerated Phase"
                }
              ]
            }
          }
        ]
      }
    },
    {
      "fullUrl": "urn:uuid:1e4f257c-83e0-4ca8-9aa1-1126fde59618",
      "resource": {
        "resourceType": "Observation",
        "id": "MSRhObsExample",
        "meta": {
          "profile": [
            "http://fhir.nmdp.org/ig/matchsource/StructureDefinition/ms-rhstatus-observation"
          ],
          "security": [
            {
              "system": "http://terminology.nmdp.org/codesystem/transplant-center",
              "code": "tc_123"
            }
          ]
        },
        "text": {
          "status": "generated",
          "div": "<div xmlns=\"http://www.w3.org/1999/xhtml\"><p><b>Generated Narrative</b></p><div style=\"display: inline-block; background-color: #d9e0e7; padding: 6px; margin: 4px; border: 1px solid #8da1b4; border-radius: 5px; line-height: 60%\"><p style=\"margin-bottom: 0px\">Resource \"MSRhObsExample\" </p><p style=\"margin-bottom: 0px\">Profile: <a href=\"StructureDefinition-ms-rhstatus-observation.html\">MSRhStatusObservation</a></p><p style=\"margin-bottom: 0px\">Security Labels: <span title=\"{http://terminology.nmdp.org/codesystem/transplant-center http://terminology.nmdp.org/codesystem/transplant-center}\">http://terminology.nmdp.org/codesystem/transplant-center</span></p></div><p><b>status</b>: final</p><p><b>code</b>: Rh [Type] in Blood <span style=\"background: LightGoldenRodYellow; margin: 4px; border: 1px solid khaki\"> (<a href=\"https://loinc.org/\">LOINC</a>#10331-7)</span></p><p><b>subject</b>: <a href=\"#Patient_MSPatientExample\">See above (Patient/MSPatientExample)</a></p><p><b>effective</b>: 2022-05-01</p><p><b>value</b>: Positive <span style=\"background: LightGoldenRodYellow; margin: 4px; border: 1px solid khaki\"> (<a href=\"https://loinc.org/\">LOINC</a>#LA6576-8)</span></p></div>"
        },
        "status": "final",
        "code": {
          "coding": [
            {
              "system": "http://loinc.org",
              "code": "10331-7",
              "display": "Rh [Type] in Blood"
            }
          ]
        },
        "subject": {
          "reference": "Patient/MSPatientExample"
        },
        "effectiveDateTime": "2022-05-01",
        "valueCodeableConcept": {
          "coding": [
            {
              "system": "http://loinc.org",
              "code": "LA6576-8",
              "display": "Positive"
            }
          ]
        }
      }
    },
    {
      "fullUrl": "urn:uuid:20028d3f-5640-48ca-baef-e77fb6af9baa",
      "resource": {
        "resourceType": "Observation",
        "id": "MSABOObsExample",
        "meta": {
          "profile": [
            "http://fhir.nmdp.org/ig/matchsource/StructureDefinition/ms-abogroup-observation"
          ],
          "security": [
            {
              "system": "http://terminology.nmdp.org/codesystem/transplant-center",
              "code": "tc_123"
            }
          ]
        },
        "text": {
          "status": "generated",
          "div": "<div xmlns=\"http://www.w3.org/1999/xhtml\"><p><b>Generated Narrative</b></p><div style=\"display: inline-block; background-color: #d9e0e7; padding: 6px; margin: 4px; border: 1px solid #8da1b4; border-radius: 5px; line-height: 60%\"><p style=\"margin-bottom: 0px\">Resource \"MSABOObsExample\" </p><p style=\"margin-bottom: 0px\">Profile: <a href=\"StructureDefinition-ms-abogroup-observation.html\">MSABOGroupObservation</a></p><p style=\"margin-bottom: 0px\">Security Labels: <span title=\"{http://terminology.nmdp.org/codesystem/transplant-center http://terminology.nmdp.org/codesystem/transplant-center}\">http://terminology.nmdp.org/codesystem/transplant-center</span></p></div><p><b>status</b>: final</p><p><b>code</b>: ABO group [Type] in Blood <span style=\"background: LightGoldenRodYellow; margin: 4px; border: 1px solid khaki\"> (<a href=\"https://loinc.org/\">LOINC</a>#883-9)</span></p><p><b>subject</b>: <a href=\"#Patient_MSPatientExample\">See above (Patient/MSPatientExample)</a></p><p><b>effective</b>: 2022-05-01</p><p><b>value</b>: Group A <span style=\"background: LightGoldenRodYellow; margin: 4px; border: 1px solid khaki\"> (<a href=\"https://loinc.org/\">LOINC</a>#LA19710-5)</span></p></div>"
        },
        "status": "final",
        "code": {
          "coding": [
            {
              "system": "http://loinc.org",
              "code": "883-9",
              "display": "ABO group [Type] in Blood"
            }
          ]
        },
        "subject": {
          "reference": "Patient/MSPatientExample"
        },
        "effectiveDateTime": "2022-05-01",
        "valueCodeableConcept": {
          "coding": [
            {
              "system": "http://loinc.org",
              "code": "LA19710-5",
              "display": "Group A"
            }
          ]
        }
      }
    },
    {
      "fullUrl": "urn:uuid:0e21a7e9-4d1b-4026-a23d-d49d20a0b9c0",
      "resource": {
        "resourceType": "Observation",
        "id": "MSTransplantTimelineExample",
        "meta": {
          "profile": [
            "http://fhir.nmdp.org/ig/matchsource/StructureDefinition/ms-transplant-timeline-observation"
          ],
          "security": [
            {
              "system": "http://terminology.nmdp.org/codesystem/transplant-center",
              "code": "tc_123"
            }
          ]
        },
        "text": {
          "status": "generated",
          "div": "<div xmlns=\"http://www.w3.org/1999/xhtml\"><p><b>Generated Narrative</b></p><div style=\"display: inline-block; background-color: #d9e0e7; padding: 6px; margin: 4px; border: 1px solid #8da1b4; border-radius: 5px; line-height: 60%\"><p style=\"margin-bottom: 0px\">Resource \"MSTransplantTimelineExample\" </p><p style=\"margin-bottom: 0px\">Profile: <a href=\"StructureDefinition-ms-transplant-timeline-observation.html\">MSTransplantTimeline</a></p><p style=\"margin-bottom: 0px\">Security Labels: <span title=\"{http://terminology.nmdp.org/codesystem/transplant-center http://terminology.nmdp.org/codesystem/transplant-center}\">http://terminology.nmdp.org/codesystem/transplant-center</span></p></div><p><b>status</b>: final</p><p><b>code</b>: Transplant Timeline <span style=\"background: LightGoldenRodYellow; margin: 4px; border: 1px solid khaki\"> ()</span></p><p><b>subject</b>: <a href=\"#Patient_MSPatientExample\">See above (Patient/MSPatientExample)</a></p><p><b>effective</b>: 2022-05-01</p><p><b>value</b>: Pending, Case manager to follow up <span style=\"background: LightGoldenRodYellow; margin: 4px; border: 1px solid khaki\"> (<a href=\"CodeSystem-nmdp-transplant-timeline-cs.html\">NMDP Transplant Timeline Code System</a>#P)</span></p></div>"
        },
        "status": "final",
        "code": {
          "text": "Transplant Timeline"
        },
        "subject": {
          "reference": "Patient/MSPatientExample"
        },
        "effectiveDateTime": "2022-05-01",
        "valueCodeableConcept": {
          "coding": [
            {
              "system": "http://terminology.nmdp.org/codesystem/transplanttimeline",
              "code": "P",
              "display": "Pending, Case manager to follow up"
            }
          ]
        }
      }
    },
    {
      "fullUrl": "urn:uuid:d93ec14e-8dc1-442b-a3c1-4da9c149d5c2",
      "resource": {
        "resourceType": "Observation",
        "id": "MSPreferredProductExample",
        "meta": {
          "profile": [
            "http://fhir.nmdp.org/ig/matchsource/StructureDefinition/ms-preferred-product-observation"
          ],
          "security": [
            {
              "system": "http://terminology.nmdp.org/codesystem/transplant-center",
              "code": "tc_123"
            }
          ]
        },
        "text": {
          "status": "generated",
          "div": "<div xmlns=\"http://www.w3.org/1999/xhtml\"><p><b>Generated Narrative</b></p><div style=\"display: inline-block; background-color: #d9e0e7; padding: 6px; margin: 4px; border: 1px solid #8da1b4; border-radius: 5px; line-height: 60%\"><p style=\"margin-bottom: 0px\">Resource \"MSPreferredProductExample\" </p><p style=\"margin-bottom: 0px\">Profile: <a href=\"StructureDefinition-ms-preferred-product-observation.html\">MSPreferredProduct</a></p><p style=\"margin-bottom: 0px\">Security Labels: <span title=\"{http://terminology.nmdp.org/codesystem/transplant-center http://terminology.nmdp.org/codesystem/transplant-center}\">http://terminology.nmdp.org/codesystem/transplant-center</span></p></div><p><b>status</b>: final</p><p><b>code</b>: Preferred Product <span style=\"background: LightGoldenRodYellow; margin: 4px; border: 1px solid khaki\"> ()</span></p><p><b>subject</b>: <a href=\"#Patient_MSPatientExample\">See above (Patient/MSPatientExample)</a></p><p><b>effective</b>: 2022-05-01</p><p><b>value</b>: Peripheral Blood Stem Cell (Aphaeresis) <span style=\"background: LightGoldenRodYellow; margin: 4px; border: 1px solid khaki\"> (<a href=\"CodeSystem-nmdp-preferred-product-cs.html\">NMDP Preferred Product for Transplant</a>#PBSC)</span></p></div>"
        },
        "status": "final",
        "code": {
          "text": "Preferred Product"
        },
        "subject": {
          "reference": "Patient/MSPatientExample"
        },
        "effectiveDateTime": "2022-05-01",
        "valueCodeableConcept": {
          "coding": [
            {
              "system": "http://terminology.nmdp.org/codesystem/preferredproduct",
              "code": "PBSC",
              "display": "Peripheral Blood Stem Cell (Aphaeresis)"
            }
          ]
        }
      }
    },
    {
      "fullUrl": "urn:uuid:25a64d4a-3bdc-4313-a486-d5dd7ed0902c",
      "resource": {
        "resourceType": "Organization",
        "id": "TCExample",
        "meta": {
          "profile": [
            "http://fhir.nmdp.org/ig/matchsource/StructureDefinition/transplantcenter"
          ],
          "security": [
            {
              "system": "http://terminology.nmdp.org/codesystem/transplant-center",
              "code": "tc_123"
            }
          ]
        },
        "text": {
          "status": "generated",
          "div": "<div xmlns=\"http://www.w3.org/1999/xhtml\"><p><b>Generated Narrative</b></p><div style=\"display: inline-block; background-color: #d9e0e7; padding: 6px; margin: 4px; border: 1px solid #8da1b4; border-radius: 5px; line-height: 60%\"><p style=\"margin-bottom: 0px\">Resource \"TCExample\" </p><p style=\"margin-bottom: 0px\">Profile: <a href=\"StructureDefinition-transplantcenter.html\">TransplantCenter</a></p><p style=\"margin-bottom: 0px\">Security Labels: <span title=\"{http://terminology.nmdp.org/codesystem/transplant-center http://terminology.nmdp.org/codesystem/transplant-center}\">http://terminology.nmdp.org/codesystem/transplant-center</span></p></div><p><b>identifier</b>: id: 000</p><p><b>name</b>: My Transplant Center</p></div>"
        },
        "identifier": [
          {
            "system": "http://terminology.nmdp.org/identifier/transplantcenter",
            "value": "000"
          }
        ],
        "name": "My Transplant Center"
      }
    },
    {
      "fullUrl": "urn:uuid:6cc0a753-ff82-4099-b477-08a57474a951",
      "resource": {
        "resourceType": "Specimen",
        "id": "MSSpecimenExample",
        "meta": {
          "profile": [
            "http://fhir.nmdp.org/ig/matchsource/StructureDefinition/msspecimen"
          ],
          "security": [
            {
              "system": "http://terminology.nmdp.org/codesystem/transplant-center",
              "code": "tc_123"
            }
          ]
        },
        "text": {
          "status": "generated",
          "div": "<div xmlns=\"http://www.w3.org/1999/xhtml\"><p><b>Generated Narrative</b></p><div style=\"display: inline-block; background-color: #d9e0e7; padding: 6px; margin: 4px; border: 1px solid #8da1b4; border-radius: 5px; line-height: 60%\"><p style=\"margin-bottom: 0px\">Resource \"MSSpecimenExample\" </p><p style=\"margin-bottom: 0px\">Profile: <a href=\"StructureDefinition-msspecimen.html\">MSSpecimen</a></p><p style=\"margin-bottom: 0px\">Security Labels: <span title=\"{http://terminology.nmdp.org/codesystem/transplant-center http://terminology.nmdp.org/codesystem/transplant-center}\">http://terminology.nmdp.org/codesystem/transplant-center</span></p></div><p><b>identifier</b>: id: 000</p><p><b>subject</b>: <a href=\"#Patient_MSPatientExample\">See above (Patient/MSPatientExample)</a></p></div>"
        },
        "identifier": [
          {
            "system": "http://terminology.nmdp.org/identifier/transplantcenter",
            "value": "000"
          }
        ],
        "subject": {
          "reference": "Patient/MSPatientExample"
        }
      }
    },
    {
      "fullUrl": "urn:uuid:55888b44-4677-4378-ae7d-66df85f6ed19",
      "resource": {
        "resourceType": "Observation",
        "id": "HLA-Multilocus-Genotype-Example",
        "meta": {
          "profile": [
            "http://fhir.nmdp.org/ig/matchsource/StructureDefinition/hla-genotype"
          ],
          "security": [
            {
              "system": "http://terminology.nmdp.org/codesystem/transplant-center",
              "code": "tc_123"
            }
          ]
        },
        "text": {
          "status": "generated",
          "div": "<div xmlns=\"http://www.w3.org/1999/xhtml\"><p><b>Generated Narrative</b></p><div style=\"display: inline-block; background-color: #d9e0e7; padding: 6px; margin: 4px; border: 1px solid #8da1b4; border-radius: 5px; line-height: 60%\"><p style=\"margin-bottom: 0px\">Resource \"HLA-Multilocus-Genotype-Example\" </p><p style=\"margin-bottom: 0px\">Profile: <a href=\"StructureDefinition-hla-genotype.html\">HLA Genotype Observation</a></p><p style=\"margin-bottom: 0px\">Security Labels: <span title=\"{http://terminology.nmdp.org/codesystem/transplant-center http://terminology.nmdp.org/codesystem/transplant-center}\">http://terminology.nmdp.org/codesystem/transplant-center</span></p></div><p><b>status</b>: final</p><p><b>category</b>: Laboratory <span style=\"background: LightGoldenRodYellow; margin: 4px; border: 1px solid khaki\"> (<a href=\"http://terminology.hl7.org/3.1.0/CodeSystem-observation-category.html\">Observation Category Codes</a>#laboratory)</span></p><p><b>code</b>: Genotype display name <span style=\"background: LightGoldenRodYellow; margin: 4px; border: 1px solid khaki\"> (<a href=\"https://loinc.org/\">LOINC</a>#84413-4)</span></p><p><b>subject</b>: <a href=\"#Patient_MSPatientExample\">See above (Patient/MSPatientExample)</a></p><p><b>effective</b>: 2022-05-01</p><p><b>value</b>: hla#3.25.0#HLA-A*01:01:01:01+HLA-A*01:02^HLA-B*57:01:01:01+HLA-B*15:01:01:01^HLA-DRB1*01:01:01:01+HLA-DRB1*01:02:01:01+HLA-DRB3*01:01:02:01 <span style=\"background: LightGoldenRodYellow; margin: 4px; border: 1px solid khaki\"> (glstring.org#hla#3.25.0#HLA-A*01:01:01:01+HLA-A*01:02^HLA-B*57:01:01:01+HLA-B*15:01:01:01^HLA-DRB1*01:01:01:01+HLA-DRB1*01:02:01:01+HLA-DRB3*01:01:02:01)</span></p><p><b>specimen</b>: <a href=\"#Specimen_MSSpecimenExample\">See above (Specimen/MSSpecimenExample)</a></p><blockquote><p><b>component</b></p><p><b>code</b>: Gene studied [ID] <span style=\"background: LightGoldenRodYellow; margin: 4px; border: 1px solid khaki\"> (<a href=\"https://loinc.org/\">LOINC</a>#48018-6)</span></p><p><b>value</b>: HLA-A <span style=\"background: LightGoldenRodYellow; margin: 4px; border: 1px solid khaki\"> (<a href=\"CodeSystem-hla-genename-codesystem.html\">HLA HGNC GeneID CodeSystem</a>#HGNC:4931)</span></p></blockquote><blockquote><p><b>component</b></p><p><b>code</b>: Gene studied [ID] <span style=\"background: LightGoldenRodYellow; margin: 4px; border: 1px solid khaki\"> (<a href=\"https://loinc.org/\">LOINC</a>#48018-6)</span></p><p><b>value</b>: HLA-B <span style=\"background: LightGoldenRodYellow; margin: 4px; border: 1px solid khaki\"> (<a href=\"CodeSystem-hla-genename-codesystem.html\">HLA HGNC GeneID CodeSystem</a>#HGNC:4932)</span></p></blockquote><blockquote><p><b>component</b></p><p><b>code</b>: Gene studied [ID] <span style=\"background: LightGoldenRodYellow; margin: 4px; border: 1px solid khaki\"> (<a href=\"https://loinc.org/\">LOINC</a>#48018-6)</span></p><p><b>value</b>: HLA-DRB1 <span style=\"background: LightGoldenRodYellow; margin: 4px; border: 1px solid khaki\"> (<a href=\"CodeSystem-hla-genename-codesystem.html\">HLA HGNC GeneID CodeSystem</a>#HGNC:4948)</span></p></blockquote><blockquote><p><b>component</b></p><p><b>code</b>: Gene studied [ID] <span style=\"background: LightGoldenRodYellow; margin: 4px; border: 1px solid khaki\"> (<a href=\"https://loinc.org/\">LOINC</a>#48018-6)</span></p><p><b>value</b>: HLA-DRB3 <span style=\"background: LightGoldenRodYellow; margin: 4px; border: 1px solid khaki\"> (<a href=\"CodeSystem-hla-genename-codesystem.html\">HLA HGNC GeneID CodeSystem</a>#HGNC:4948)</span></p></blockquote></div>"
        },
        "status": "final",
        "category": [
          {
            "coding": [
              {
                "system": "http://terminology.hl7.org/CodeSystem/observation-category",
                "code": "laboratory"
              }
            ]
          }
        ],
        "code": {
          "coding": [
            {
              "system": "http://loinc.org",
              "code": "84413-4"
            }
          ]
        },
        "subject": {
          "reference": "Patient/MSPatientExample"
        },
        "effectiveDateTime": "2022-05-01",
        "valueCodeableConcept": {
          "coding": [
            {
              "system": "http://glstring.org",
              "code": "hla#3.25.0#HLA-A*01:01:01:01+HLA-A*01:02^HLA-B*57:01:01:01+HLA-B*15:01:01:01^HLA-DRB1*01:01:01:01+HLA-DRB1*01:02:01:01+HLA-DRB3*01:01:02:01"
            }
          ]
        },
        "specimen": {
          "reference": "Specimen/MSSpecimenExample"
        },
        "component": [
          {
            "code": {
              "coding": [
                {
                  "system": "http://loinc.org",
                  "code": "48018-6"
                }
              ]
            },
            "valueCodeableConcept": {
              "coding": [
                {
                  "system": "http://www.genenames.org/geneId",
                  "code": "HGNC:4931",
                  "display": "HLA-A"
                }
              ]
            }
          },
          {
            "code": {
              "coding": [
                {
                  "system": "http://loinc.org",
                  "code": "48018-6"
                }
              ]
            },
            "valueCodeableConcept": {
              "coding": [
                {
                  "system": "http://www.genenames.org/geneId",
                  "code": "HGNC:4932",
                  "display": "HLA-B"
                }
              ]
            }
          },
          {
            "code": {
              "coding": [
                {
                  "system": "http://loinc.org",
                  "code": "48018-6"
                }
              ]
            },
            "valueCodeableConcept": {
              "coding": [
                {
                  "system": "http://www.genenames.org/geneId",
                  "code": "HGNC:4948",
                  "display": "HLA-DRB1"
                }
              ]
            }
          },
          {
            "code": {
              "coding": [
                {
                  "system": "http://loinc.org",
                  "code": "48018-6"
                }
              ]
            },
            "valueCodeableConcept": {
              "coding": [
                {
                  "system": "http://www.genenames.org/geneId",
                  "code": "HGNC:4948",
                  "display": "HLA-DRB3"
                }
              ]
            }
          }
        ]
      }
    }
  ]
}