{
  "resourceType": "CodeSystem",
  "id": "nmdp-disease-cs",
  "text": {
    "status": "generated",
    "div": "<div xmlns=\"http://www.w3.org/1999/xhtml\"><p>This code system <code>http://terminology.nmdp.org/codesystem/disease</code> defines the following codes:</p><table class=\"codes\"><tr><td style=\"white-space:nowrap\"><b>Code</b></td><td><b>Display</b></td></tr><tr><td style=\"white-space:nowrap\">ABL<a name=\"nmdp-disease-cs-ABL\"> </a></td><td>ACUTE BILINEAGE LEUKEMIA</td></tr><tr><td style=\"white-space:nowrap\">AISA<a name=\"nmdp-disease-cs-AISA\"> </a></td><td>ACQ IDIOPATH SIDERBLASTIC ANEM</td></tr><tr><td style=\"white-space:nowrap\">ALD<a name=\"nmdp-disease-cs-ALD\"> </a></td><td>ADRENOLEUKODYSTROPHY</td></tr><tr><td style=\"white-space:nowrap\">ALL<a name=\"nmdp-disease-cs-ALL\"> </a></td><td>ACUTE LYMPHOBLASTIC LEUKEMIA</td></tr><tr><td style=\"white-space:nowrap\">AMCL<a name=\"nmdp-disease-cs-AMCL\"> </a></td><td>ACUTE MAST CELL LEUKEMIA</td></tr><tr><td style=\"white-space:nowrap\">AMEGCT<a name=\"nmdp-disease-cs-AMEGCT\"> </a></td><td>AMEGAKARYOCY/CONGENTIAL THROM</td></tr><tr><td style=\"white-space:nowrap\">AML<a name=\"nmdp-disease-cs-AML\"> </a></td><td>ACUTE MYELOGENOUS LEUKEMIA</td></tr><tr><td style=\"white-space:nowrap\">ASPGL<a name=\"nmdp-disease-cs-ASPGL\"> </a></td><td>ASPARTYL GLUCOSAMINIDASE</td></tr><tr><td style=\"white-space:nowrap\">AT<a name=\"nmdp-disease-cs-AT\"> </a></td><td>ATAXIA-TELANGIECTASIA</td></tr><tr><td style=\"white-space:nowrap\">AUL<a name=\"nmdp-disease-cs-AUL\"> </a></td><td>ACUTE UNDIFFERENTIATED LEUK-MO</td></tr><tr><td style=\"white-space:nowrap\">BGLUD<a name=\"nmdp-disease-cs-BGLUD\"> </a></td><td>BETA-GLUCURONIDASE DEFICIENCY</td></tr><tr><td style=\"white-space:nowrap\">BLSYND<a name=\"nmdp-disease-cs-BLSYND\"> </a></td><td>BARE LYMPHOCYTE SYNDROME</td></tr><tr><td style=\"white-space:nowrap\">BRCA<a name=\"nmdp-disease-cs-BRCA\"> </a></td><td>BREAST CANCER</td></tr><tr><td style=\"white-space:nowrap\">BTHAL<a name=\"nmdp-disease-cs-BTHAL\"> </a></td><td>BETA THALASSEMIA MAJOR</td></tr><tr><td style=\"white-space:nowrap\">C-HHYP<a name=\"nmdp-disease-cs-C-HHYP\"> </a></td><td>CARTILAGE-HAIR HYPOPLASIA</td></tr><tr><td style=\"white-space:nowrap\">CGD<a name=\"nmdp-disease-cs-CGD\"> </a></td><td>CHRONIC GRANULOMATOUS DISEASE</td></tr><tr><td style=\"white-space:nowrap\">CID<a name=\"nmdp-disease-cs-CID\"> </a></td><td>COMBINED IMMUNODEFICIENCY</td></tr><tr><td style=\"white-space:nowrap\">CLL<a name=\"nmdp-disease-cs-CLL\"> </a></td><td>CHRONIC LYMPHOCYTIC LEUKEMIA</td></tr><tr><td style=\"white-space:nowrap\">CML<a name=\"nmdp-disease-cs-CML\"> </a></td><td>CHRONIC MYELOGENOUS LEUKEMIA</td></tr><tr><td style=\"white-space:nowrap\">CMML<a name=\"nmdp-disease-cs-CMML\"> </a></td><td>CHRONIC MYELOMONOCYTIC LEUK</td></tr><tr><td style=\"white-space:nowrap\">CNSCA<a name=\"nmdp-disease-cs-CNSCA\"> </a></td><td>CENTRAL NERVOUS SYSTEM TUMORS</td></tr><tr><td style=\"white-space:nowrap\">DIGRGE<a name=\"nmdp-disease-cs-DIGRGE\"> </a></td><td>DI GEORGE SYNDROME</td></tr><tr><td style=\"white-space:nowrap\">ETC<a name=\"nmdp-disease-cs-ETC\"> </a></td><td>ESSENTIAL THROMOBOCYTHEMIA</td></tr><tr><td style=\"white-space:nowrap\">EWINGS<a name=\"nmdp-disease-cs-EWINGS\"> </a></td><td>EWINGS SARCOMA</td></tr><tr><td style=\"white-space:nowrap\">FA<a name=\"nmdp-disease-cs-FA\"> </a></td><td>FANCONI ANEMIA</td></tr><tr><td style=\"white-space:nowrap\">FEL<a name=\"nmdp-disease-cs-FEL\"> </a></td><td>FAMILIAL ERYTHROPHAGOCYTIC</td></tr><tr><td style=\"white-space:nowrap\">FUCOSI<a name=\"nmdp-disease-cs-FUCOSI\"> </a></td><td>FUCOSIDOSIS</td></tr><tr><td style=\"white-space:nowrap\">GAUCHR<a name=\"nmdp-disease-cs-GAUCHR\"> </a></td><td>GAUCHER'S DISEASE</td></tr><tr><td style=\"white-space:nowrap\">GLTROM<a name=\"nmdp-disease-cs-GLTROM\"> </a></td><td>GLANZMANNS THROMBASTHENIA</td></tr><tr><td style=\"white-space:nowrap\">GLUCST<a name=\"nmdp-disease-cs-GLUCST\"> </a></td><td>GLUCOSE STORAGE DISEASE</td></tr><tr><td style=\"white-space:nowrap\">HCL<a name=\"nmdp-disease-cs-HCL\"> </a></td><td>HAIRY CELL LEUKEMIA</td></tr><tr><td style=\"white-space:nowrap\">HISX<a name=\"nmdp-disease-cs-HISX\"> </a></td><td>HISTIOCYTOSIS-X</td></tr><tr><td style=\"white-space:nowrap\">HIV<a name=\"nmdp-disease-cs-HIV\"> </a></td><td>HIV INFECTION</td></tr><tr><td style=\"white-space:nowrap\">HL<a name=\"nmdp-disease-cs-HL\"> </a></td><td>HODGKINS LYMPHOMA</td></tr><tr><td style=\"white-space:nowrap\">HPGC<a name=\"nmdp-disease-cs-HPGC\"> </a></td><td>HEMOPHAGOCYTOSIS</td></tr><tr><td style=\"white-space:nowrap\">HUNTER<a name=\"nmdp-disease-cs-HUNTER\"> </a></td><td>HUNTER SYNDROME (MPS-II)</td></tr><tr><td style=\"white-space:nowrap\">HURLER<a name=\"nmdp-disease-cs-HURLER\"> </a></td><td>HURLER SYNDROME (MPS-IH)</td></tr><tr><td style=\"white-space:nowrap\">ICELL<a name=\"nmdp-disease-cs-ICELL\"> </a></td><td>I-CELL DISEASE</td></tr><tr><td style=\"white-space:nowrap\">IMDNP<a name=\"nmdp-disease-cs-IMDNP\"> </a></td><td>IMMUNE DEFICIENCY + NEUTROPEN</td></tr><tr><td style=\"white-space:nowrap\">JCML<a name=\"nmdp-disease-cs-JCML\"> </a></td><td>JUVENILE CHRONIC MYELOGENOUS</td></tr><tr><td style=\"white-space:nowrap\">KOSTMN<a name=\"nmdp-disease-cs-KOSTMN\"> </a></td><td>KOSTMANN'S AGRANULOCYTOSIS</td></tr><tr><td style=\"white-space:nowrap\">KRABBE<a name=\"nmdp-disease-cs-KRABBE\"> </a></td><td>KRABBE DISEASE</td></tr><tr><td style=\"white-space:nowrap\">LAD<a name=\"nmdp-disease-cs-LAD\"> </a></td><td>LEUKOCYTE ADHESION DEFICIENCY</td></tr><tr><td style=\"white-space:nowrap\">LN<a name=\"nmdp-disease-cs-LN\"> </a></td><td>LESCH-NYHAN</td></tr><tr><td style=\"white-space:nowrap\">LNS<a name=\"nmdp-disease-cs-LNS\"> </a></td><td>LESCH-NYHAN</td></tr><tr><td style=\"white-space:nowrap\">LYSOST<a name=\"nmdp-disease-cs-LYSOST\"> </a></td><td>LYSOSOMAL STORAGE DISEASE</td></tr><tr><td style=\"white-space:nowrap\">MANNO<a name=\"nmdp-disease-cs-MANNO\"> </a></td><td>MANNOSIDOSIS</td></tr><tr><td style=\"white-space:nowrap\">MARLAM<a name=\"nmdp-disease-cs-MARLAM\"> </a></td><td>MAROTEAUX-LAMY (MPS-VI)</td></tr><tr><td style=\"white-space:nowrap\">MDS<a name=\"nmdp-disease-cs-MDS\"> </a></td><td>MYELODYSPLASTIC DISORDER</td></tr><tr><td style=\"white-space:nowrap\">MFMM<a name=\"nmdp-disease-cs-MFMM\"> </a></td><td>MYELOFIBRO MYELOID METAPLASIA</td></tr><tr><td style=\"white-space:nowrap\">MLD<a name=\"nmdp-disease-cs-MLD\"> </a></td><td>METACHROMATIC LEUKODYSTROPHY</td></tr><tr><td style=\"white-space:nowrap\">MM<a name=\"nmdp-disease-cs-MM\"> </a></td><td>MULTIPLE MYELOMA</td></tr><tr><td style=\"white-space:nowrap\">MORQUA<a name=\"nmdp-disease-cs-MORQUA\"> </a></td><td>MORQUIO A - MPS IVA</td></tr><tr><td style=\"white-space:nowrap\">MORQUB<a name=\"nmdp-disease-cs-MORQUB\"> </a></td><td>MORQUIO B - MPS IVB</td></tr><tr><td style=\"white-space:nowrap\">MORQUO<a name=\"nmdp-disease-cs-MORQUO\"> </a></td><td>MORQUIO (MPS-IV)</td></tr><tr><td style=\"white-space:nowrap\">MPS<a name=\"nmdp-disease-cs-MPS\"> </a></td><td>MUCOPOLYSACCHARIDOSIS (MPS-V)</td></tr><tr><td style=\"white-space:nowrap\">N-P<a name=\"nmdp-disease-cs-N-P\"> </a></td><td>NEIMAN-PICK DISEASE</td></tr><tr><td style=\"white-space:nowrap\">NB<a name=\"nmdp-disease-cs-NB\"> </a></td><td>NEUROBLASTOMA</td></tr><tr><td style=\"white-space:nowrap\">NCL1<a name=\"nmdp-disease-cs-NCL1\"> </a></td><td>ENZYME NCL 1</td></tr><tr><td style=\"white-space:nowrap\">NCL2<a name=\"nmdp-disease-cs-NCL2\"> </a></td><td>ENZYME NCL 2</td></tr><tr><td style=\"white-space:nowrap\">NEUTAD<a name=\"nmdp-disease-cs-NEUTAD\"> </a></td><td>NEUTROPHIL ACTIN DEFICIENCY</td></tr><tr><td style=\"white-space:nowrap\">NEUTD<a name=\"nmdp-disease-cs-NEUTD\"> </a></td><td>CHEDIAK-HIGASHI SYNDROME</td></tr><tr><td style=\"white-space:nowrap\">NHL<a name=\"nmdp-disease-cs-NHL\"> </a></td><td>NON-HODGKINS LYMPHOMA</td></tr><tr><td style=\"white-space:nowrap\">OCID<a name=\"nmdp-disease-cs-OCID\"> </a></td><td>OTHR COMBINED IMMUNODEFICIENCY</td></tr><tr><td style=\"white-space:nowrap\">OHIS<a name=\"nmdp-disease-cs-OHIS\"> </a></td><td>OTHER HISTIOCYTIC DISORDERS</td></tr><tr><td style=\"white-space:nowrap\">OIEA<a name=\"nmdp-disease-cs-OIEA\"> </a></td><td>OTH ERYTHROCYT DIFFERENTIATION</td></tr><tr><td style=\"white-space:nowrap\">OIIS<a name=\"nmdp-disease-cs-OIIS\"> </a></td><td>OTHER IMMUNE SYSTEM</td></tr><tr><td style=\"white-space:nowrap\">OIMD<a name=\"nmdp-disease-cs-OIMD\"> </a></td><td>OTH INHER METABOLISM DISORD</td></tr><tr><td style=\"white-space:nowrap\">OIMDL<a name=\"nmdp-disease-cs-OIMDL\"> </a></td><td>OTH MUCOLIPIDOSES</td></tr><tr><td style=\"white-space:nowrap\">OIMDP<a name=\"nmdp-disease-cs-OIMDP\"> </a></td><td>OTH MUCOPOLYSACCHARIDOSIS</td></tr><tr><td style=\"white-space:nowrap\">OIPA<a name=\"nmdp-disease-cs-OIPA\"> </a></td><td>OTH ABNORMALITIES OR PLATELETS</td></tr><tr><td style=\"white-space:nowrap\">OMDS<a name=\"nmdp-disease-cs-OMDS\"> </a></td><td>OTHER MYELODYSPLASTIC DISORDER</td></tr><tr><td style=\"white-space:nowrap\">OMF<a name=\"nmdp-disease-cs-OMF\"> </a></td><td>OTHER MYLEOFIBROSIS/MYLEOSCLER</td></tr><tr><td style=\"white-space:nowrap\">OMMEN<a name=\"nmdp-disease-cs-OMMEN\"> </a></td><td>OMMEN'S SYNDROME</td></tr><tr><td style=\"white-space:nowrap\">OMS<a name=\"nmdp-disease-cs-OMS\"> </a></td><td>OTH MALIGNANCY, SPECIFY</td></tr><tr><td style=\"white-space:nowrap\">OND<a name=\"nmdp-disease-cs-OND\"> </a></td><td>OTHER NON-MALIGNANT DISEASE</td></tr><tr><td style=\"white-space:nowrap\">OOL<a name=\"nmdp-disease-cs-OOL\"> </a></td><td>OTHER LEUKEMIA SPECIFY</td></tr><tr><td style=\"white-space:nowrap\">OPCD<a name=\"nmdp-disease-cs-OPCD\"> </a></td><td>OTHER PLASMA CELL DISORDER</td></tr><tr><td style=\"white-space:nowrap\">OSCID<a name=\"nmdp-disease-cs-OSCID\"> </a></td><td>OTHER SCID</td></tr><tr><td style=\"white-space:nowrap\">OST<a name=\"nmdp-disease-cs-OST\"> </a></td><td>OSTEOPETROSIS</td></tr><tr><td style=\"white-space:nowrap\">OTHHGP<a name=\"nmdp-disease-cs-OTHHGP\"> </a></td><td>OTHER HEMOGLOBINOPATHY</td></tr><tr><td style=\"white-space:nowrap\">PCL<a name=\"nmdp-disease-cs-PCL\"> </a></td><td>PLASMA CELL LEUKEMIA</td></tr><tr><td style=\"white-space:nowrap\">PHILLY<a name=\"nmdp-disease-cs-PHILLY\"> </a></td><td>PROLYMPHOCYTIC LEUKEMIA</td></tr><tr><td style=\"white-space:nowrap\">PNH<a name=\"nmdp-disease-cs-PNH\"> </a></td><td>PAROXYSMAL NOCTURNAL HEMOGLOB</td></tr><tr><td style=\"white-space:nowrap\">PV<a name=\"nmdp-disease-cs-PV\"> </a></td><td>POLYCYTHEMIA VERA</td></tr><tr><td style=\"white-space:nowrap\">RA<a name=\"nmdp-disease-cs-RA\"> </a></td><td>REFRACTORY ANEMIA (RA)</td></tr><tr><td style=\"white-space:nowrap\">RAEB<a name=\"nmdp-disease-cs-RAEB\"> </a></td><td>REFRACT ANEMIA-EXCESS BLASTS</td></tr><tr><td style=\"white-space:nowrap\">RAEBIT<a name=\"nmdp-disease-cs-RAEBIT\"> </a></td><td>REFRACT ANEMIA-EX. BLAST TRAN</td></tr><tr><td style=\"white-space:nowrap\">RCA<a name=\"nmdp-disease-cs-RCA\"> </a></td><td>PURE RED CELL APLASIA</td></tr><tr><td style=\"white-space:nowrap\">RCC<a name=\"nmdp-disease-cs-RCC\"> </a></td><td>RENAL CELL CARCINOMA</td></tr><tr><td style=\"white-space:nowrap\">RETDG<a name=\"nmdp-disease-cs-RETDG\"> </a></td><td>RETICULAR DYSGENESIS</td></tr><tr><td style=\"white-space:nowrap\">SAA<a name=\"nmdp-disease-cs-SAA\"> </a></td><td>SEVERE APLASTIC ANEMIA</td></tr><tr><td style=\"white-space:nowrap\">SANFIA<a name=\"nmdp-disease-cs-SANFIA\"> </a></td><td>SANFILIPPO A - MPS IIIA</td></tr><tr><td style=\"white-space:nowrap\">SANFIB<a name=\"nmdp-disease-cs-SANFIB\"> </a></td><td>SANFILIPPO B - MPS IIIB</td></tr><tr><td style=\"white-space:nowrap\">SANFIC<a name=\"nmdp-disease-cs-SANFIC\"> </a></td><td>SANFILIPPO C - MPS IIIC</td></tr><tr><td style=\"white-space:nowrap\">SANFID<a name=\"nmdp-disease-cs-SANFID\"> </a></td><td>ANFILIPPO D - MPS IIID</td></tr><tr><td style=\"white-space:nowrap\">SANFIL<a name=\"nmdp-disease-cs-SANFIL\"> </a></td><td>SANFILLIPPO (MPS-III)</td></tr><tr><td style=\"white-space:nowrap\">SCA<a name=\"nmdp-disease-cs-SCA\"> </a></td><td>SICKLE CELL ANEMIA</td></tr><tr><td style=\"white-space:nowrap\">SCHEIE<a name=\"nmdp-disease-cs-SCHEIE\"> </a></td><td>SCHEIE SYNDROME (MPS-IS)</td></tr><tr><td style=\"white-space:nowrap\">SCID<a name=\"nmdp-disease-cs-SCID\"> </a></td><td>SEVERE COMBINED IMMUNODEF</td></tr></table></div>"
  },
  "url": "http://terminology.nmdp.org/codesystem/disease",
  "version": "0.1.0",
  "name": "NMDPDiseaseCS",
  "title": "NMDP Disease Code System",
  "status": "active",
  "experimental": false,
  "date": "2022-11-02T14:44:07-05:00",
  "publisher": "NMDP",
  "contact": [
    {
      "name": "NMDP",
      "telecom": [
        {
          "system": "url",
          "value": "http://bethematch.org"
        }
      ]
    }
  ],
  "description": "Code System for NMDP diseases",
  "copyright": "National Marrow Donor Program",
  "content": "complete",
  "count": 100,
  "concept": [
    {
      "code": "ABL",
      "display": "ACUTE BILINEAGE LEUKEMIA"
    },
    {
      "code": "AISA",
      "display": "ACQ IDIOPATH SIDERBLASTIC ANEM"
    },
    {
      "code": "ALD",
      "display": "ADRENOLEUKODYSTROPHY"
    },
    {
      "code": "ALL",
      "display": "ACUTE LYMPHOBLASTIC LEUKEMIA"
    },
    {
      "code": "AMCL",
      "display": "ACUTE MAST CELL LEUKEMIA"
    },
    {
      "code": "AMEGCT",
      "display": "AMEGAKARYOCY/CONGENTIAL THROM"
    },
    {
      "code": "AML",
      "display": "ACUTE MYELOGENOUS LEUKEMIA"
    },
    {
      "code": "ASPGL",
      "display": "ASPARTYL GLUCOSAMINIDASE"
    },
    {
      "code": "AT",
      "display": "ATAXIA-TELANGIECTASIA"
    },
    {
      "code": "AUL",
      "display": "ACUTE UNDIFFERENTIATED LEUK-MO"
    },
    {
      "code": "BGLUD",
      "display": "BETA-GLUCURONIDASE DEFICIENCY"
    },
    {
      "code": "BLSYND",
      "display": "BARE LYMPHOCYTE SYNDROME"
    },
    {
      "code": "BRCA",
      "display": "BREAST CANCER"
    },
    {
      "code": "BTHAL",
      "display": "BETA THALASSEMIA MAJOR"
    },
    {
      "code": "C-HHYP",
      "display": "CARTILAGE-HAIR HYPOPLASIA"
    },
    {
      "code": "CGD",
      "display": "CHRONIC GRANULOMATOUS DISEASE"
    },
    {
      "code": "CID",
      "display": "COMBINED IMMUNODEFICIENCY"
    },
    {
      "code": "CLL",
      "display": "CHRONIC LYMPHOCYTIC LEUKEMIA"
    },
    {
      "code": "CML",
      "display": "CHRONIC MYELOGENOUS LEUKEMIA"
    },
    {
      "code": "CMML",
      "display": "CHRONIC MYELOMONOCYTIC LEUK"
    },
    {
      "code": "CNSCA",
      "display": "CENTRAL NERVOUS SYSTEM TUMORS"
    },
    {
      "code": "DIGRGE",
      "display": "DI GEORGE SYNDROME"
    },
    {
      "code": "ETC",
      "display": "ESSENTIAL THROMOBOCYTHEMIA"
    },
    {
      "code": "EWINGS",
      "display": "EWINGS SARCOMA"
    },
    {
      "code": "FA",
      "display": "FANCONI ANEMIA"
    },
    {
      "code": "FEL",
      "display": "FAMILIAL ERYTHROPHAGOCYTIC"
    },
    {
      "code": "FUCOSI",
      "display": "FUCOSIDOSIS"
    },
    {
      "code": "GAUCHR",
      "display": "GAUCHER'S DISEASE"
    },
    {
      "code": "GLTROM",
      "display": "GLANZMANNS THROMBASTHENIA"
    },
    {
      "code": "GLUCST",
      "display": "GLUCOSE STORAGE DISEASE"
    },
    {
      "code": "HCL",
      "display": "HAIRY CELL LEUKEMIA"
    },
    {
      "code": "HISX",
      "display": "HISTIOCYTOSIS-X"
    },
    {
      "code": "HIV",
      "display": "HIV INFECTION"
    },
    {
      "code": "HL",
      "display": "HODGKINS LYMPHOMA"
    },
    {
      "code": "HPGC",
      "display": "HEMOPHAGOCYTOSIS"
    },
    {
      "code": "HUNTER",
      "display": "HUNTER SYNDROME (MPS-II)"
    },
    {
      "code": "HURLER",
      "display": "HURLER SYNDROME (MPS-IH)"
    },
    {
      "code": "ICELL",
      "display": "I-CELL DISEASE"
    },
    {
      "code": "IMDNP",
      "display": "IMMUNE DEFICIENCY + NEUTROPEN"
    },
    {
      "code": "JCML",
      "display": "JUVENILE CHRONIC MYELOGENOUS"
    },
    {
      "code": "KOSTMN",
      "display": "KOSTMANN'S AGRANULOCYTOSIS"
    },
    {
      "code": "KRABBE",
      "display": "KRABBE DISEASE"
    },
    {
      "code": "LAD",
      "display": "LEUKOCYTE ADHESION DEFICIENCY"
    },
    {
      "code": "LN",
      "display": "LESCH-NYHAN"
    },
    {
      "code": "LNS",
      "display": "LESCH-NYHAN"
    },
    {
      "code": "LYSOST",
      "display": "LYSOSOMAL STORAGE DISEASE"
    },
    {
      "code": "MANNO",
      "display": "MANNOSIDOSIS"
    },
    {
      "code": "MARLAM",
      "display": "MAROTEAUX-LAMY (MPS-VI)"
    },
    {
      "code": "MDS",
      "display": "MYELODYSPLASTIC DISORDER"
    },
    {
      "code": "MFMM",
      "display": "MYELOFIBRO MYELOID METAPLASIA"
    },
    {
      "code": "MLD",
      "display": "METACHROMATIC LEUKODYSTROPHY"
    },
    {
      "code": "MM",
      "display": "MULTIPLE MYELOMA"
    },
    {
      "code": "MORQUA",
      "display": "MORQUIO A - MPS IVA"
    },
    {
      "code": "MORQUB",
      "display": "MORQUIO B - MPS IVB"
    },
    {
      "code": "MORQUO",
      "display": "MORQUIO (MPS-IV)"
    },
    {
      "code": "MPS",
      "display": "MUCOPOLYSACCHARIDOSIS (MPS-V)"
    },
    {
      "code": "N-P",
      "display": "NEIMAN-PICK DISEASE"
    },
    {
      "code": "NB",
      "display": "NEUROBLASTOMA"
    },
    {
      "code": "NCL1",
      "display": "ENZYME NCL 1"
    },
    {
      "code": "NCL2",
      "display": "ENZYME NCL 2"
    },
    {
      "code": "NEUTAD",
      "display": "NEUTROPHIL ACTIN DEFICIENCY"
    },
    {
      "code": "NEUTD",
      "display": "CHEDIAK-HIGASHI SYNDROME"
    },
    {
      "code": "NHL",
      "display": "NON-HODGKINS LYMPHOMA"
    },
    {
      "code": "OCID",
      "display": "OTHR COMBINED IMMUNODEFICIENCY"
    },
    {
      "code": "OHIS",
      "display": "OTHER HISTIOCYTIC DISORDERS"
    },
    {
      "code": "OIEA",
      "display": "OTH ERYTHROCYT DIFFERENTIATION"
    },
    {
      "code": "OIIS",
      "display": "OTHER IMMUNE SYSTEM"
    },
    {
      "code": "OIMD",
      "display": "OTH INHER METABOLISM DISORD"
    },
    {
      "code": "OIMDL",
      "display": "OTH MUCOLIPIDOSES"
    },
    {
      "code": "OIMDP",
      "display": "OTH MUCOPOLYSACCHARIDOSIS"
    },
    {
      "code": "OIPA",
      "display": "OTH ABNORMALITIES OR PLATELETS"
    },
    {
      "code": "OMDS",
      "display": "OTHER MYELODYSPLASTIC DISORDER"
    },
    {
      "code": "OMF",
      "display": "OTHER MYLEOFIBROSIS/MYLEOSCLER"
    },
    {
      "code": "OMMEN",
      "display": "OMMEN'S SYNDROME"
    },
    {
      "code": "OMS",
      "display": "OTH MALIGNANCY, SPECIFY"
    },
    {
      "code": "OND",
      "display": "OTHER NON-MALIGNANT DISEASE"
    },
    {
      "code": "OOL",
      "display": "OTHER LEUKEMIA SPECIFY"
    },
    {
      "code": "OPCD",
      "display": "OTHER PLASMA CELL DISORDER"
    },
    {
      "code": "OSCID",
      "display": "OTHER SCID"
    },
    {
      "code": "OST",
      "display": "OSTEOPETROSIS"
    },
    {
      "code": "OTHHGP",
      "display": "OTHER HEMOGLOBINOPATHY"
    },
    {
      "code": "PCL",
      "display": "PLASMA CELL LEUKEMIA"
    },
    {
      "code": "PHILLY",
      "display": "PROLYMPHOCYTIC LEUKEMIA"
    },
    {
      "code": "PNH",
      "display": "PAROXYSMAL NOCTURNAL HEMOGLOB"
    },
    {
      "code": "PV",
      "display": "POLYCYTHEMIA VERA"
    },
    {
      "code": "RA",
      "display": "REFRACTORY ANEMIA (RA)"
    },
    {
      "code": "RAEB",
      "display": "REFRACT ANEMIA-EXCESS BLASTS"
    },
    {
      "code": "RAEBIT",
      "display": "REFRACT ANEMIA-EX. BLAST TRAN"
    },
    {
      "code": "RCA",
      "display": "PURE RED CELL APLASIA"
    },
    {
      "code": "RCC",
      "display": "RENAL CELL CARCINOMA"
    },
    {
      "code": "RETDG",
      "display": "RETICULAR DYSGENESIS"
    },
    {
      "code": "SAA",
      "display": "SEVERE APLASTIC ANEMIA"
    },
    {
      "code": "SANFIA",
      "display": "SANFILIPPO A - MPS IIIA"
    },
    {
      "code": "SANFIB",
      "display": "SANFILIPPO B - MPS IIIB"
    },
    {
      "code": "SANFIC",
      "display": "SANFILIPPO C - MPS IIIC"
    },
    {
      "code": "SANFID",
      "display": "ANFILIPPO D - MPS IIID"
    },
    {
      "code": "SANFIL",
      "display": "SANFILLIPPO (MPS-III)"
    },
    {
      "code": "SCA",
      "display": "SICKLE CELL ANEMIA"
    },
    {
      "code": "SCHEIE",
      "display": "SCHEIE SYNDROME (MPS-IS)"
    },
    {
      "code": "SCID",
      "display": "SEVERE COMBINED IMMUNODEF"
    }
  ]
}