{
  "resourceType": "ImplementationGuide",
  "id": "matchsource",
  "text": {
    "status": "extensions",
    "div": "<div xmlns=\"http://www.w3.org/1999/xhtml\"><h2>MatchSourceIG</h2><p>The official URL for this implementation guide is: </p><pre>http://fhir.nmdp.org/ig/matchsource/ImplementationGuide/matchsource</pre></div>"
  },
  "url": "http://fhir.nmdp.org/ig/matchsource/ImplementationGuide/matchsource",
  "version": "0.1.0",
  "name": "MatchSourceIG",
  "status": "draft",
  "date": "2022-06-30T09:28:59-05:00",
  "publisher": "NMDP",
  "contact": [
    {
      "name": "NMDP",
      "telecom": [
        {
          "system": "url",
          "value": "http://bethematch.org"
        }
      ]
    }
  ],
  "packageId": "matchsource",
  "license": "CC0-1.0",
  "fhirVersion": [
    "4.0.1"
  ],
  "dependsOn": [
    {
      "id": "hl7tx",
      "uri": "http://terminology.hl7.org/ImplementationGuide/hl7.terminology",
      "packageId": "hl7.terminology.r4",
      "version": "3.1.0"
    },
    {
      "id": "hl7_fhir_us_core",
      "uri": "http://hl7.org/fhir/us/core/ImplementationGuide/hl7.fhir.us.core",
      "packageId": "hl7.fhir.us.core",
      "version": "4.0.0"
    },
    {
      "id": "mcode",
      "uri": "http://hl7.org/fhir/us/mcode",
      "packageId": "hl7.fhir.us.mcode",
      "version": "2.0.0"
    },
    {
      "id": "hl7_fhir_uv_genomics_reporting",
      "uri": "http://hl7.org/fhir/uv/genomics-reporting",
      "packageId": "hl7.fhir.uv.genomics-reporting",
      "version": "2.0.0"
    }
  ],
  "definition": {
    "extension": [
      {
        "extension": [
          {
            "url": "code",
            "valueString": "copyrightyear"
          },
          {
            "url": "value",
            "valueString": "2022+"
          }
        ],
        "url": "http://hl7.org/fhir/tools/StructureDefinition/ig-parameter"
      },
      {
        "extension": [
          {
            "url": "code",
            "valueString": "releaselabel"
          },
          {
            "url": "value",
            "valueString": "ci-build"
          }
        ],
        "url": "http://hl7.org/fhir/tools/StructureDefinition/ig-parameter"
      },
      {
        "extension": [
          {
            "url": "code",
            "valueString": "path-liquid"
          },
          {
            "url": "value",
            "valueString": "template/liquid"
          }
        ],
        "url": "http://hl7.org/fhir/tools/StructureDefinition/ig-parameter"
      },
      {
        "extension": [
          {
            "url": "code",
            "valueString": "path-liquid"
          },
          {
            "url": "value",
            "valueString": "input/liquid"
          }
        ],
        "url": "http://hl7.org/fhir/tools/StructureDefinition/ig-parameter"
      },
      {
        "extension": [
          {
            "url": "code",
            "valueString": "path-qa"
          },
          {
            "url": "value",
            "valueString": "temp/qa"
          }
        ],
        "url": "http://hl7.org/fhir/tools/StructureDefinition/ig-parameter"
      },
      {
        "extension": [
          {
            "url": "code",
            "valueString": "path-temp"
          },
          {
            "url": "value",
            "valueString": "temp/pages"
          }
        ],
        "url": "http://hl7.org/fhir/tools/StructureDefinition/ig-parameter"
      },
      {
        "extension": [
          {
            "url": "code",
            "valueString": "path-output"
          },
          {
            "url": "value",
            "valueString": "output"
          }
        ],
        "url": "http://hl7.org/fhir/tools/StructureDefinition/ig-parameter"
      },
      {
        "extension": [
          {
            "url": "code",
            "valueString": "path-suppressed-warnings"
          },
          {
            "url": "value",
            "valueString": "input/ignoreWarnings.txt"
          }
        ],
        "url": "http://hl7.org/fhir/tools/StructureDefinition/ig-parameter"
      },
      {
        "extension": [
          {
            "url": "code",
            "valueString": "path-history"
          },
          {
            "url": "value",
            "valueString": "http://fhir.nmdp.org/ig/matchsource/history.html"
          }
        ],
        "url": "http://hl7.org/fhir/tools/StructureDefinition/ig-parameter"
      },
      {
        "extension": [
          {
            "url": "code",
            "valueString": "template-html"
          },
          {
            "url": "value",
            "valueString": "template-page.html"
          }
        ],
        "url": "http://hl7.org/fhir/tools/StructureDefinition/ig-parameter"
      },
      {
        "extension": [
          {
            "url": "code",
            "valueString": "template-md"
          },
          {
            "url": "value",
            "valueString": "template-page-md.html"
          }
        ],
        "url": "http://hl7.org/fhir/tools/StructureDefinition/ig-parameter"
      },
      {
        "extension": [
          {
            "url": "code",
            "valueString": "apply-contact"
          },
          {
            "url": "value",
            "valueString": "true"
          }
        ],
        "url": "http://hl7.org/fhir/tools/StructureDefinition/ig-parameter"
      },
      {
        "extension": [
          {
            "url": "code",
            "valueString": "apply-context"
          },
          {
            "url": "value",
            "valueString": "true"
          }
        ],
        "url": "http://hl7.org/fhir/tools/StructureDefinition/ig-parameter"
      },
      {
        "extension": [
          {
            "url": "code",
            "valueString": "apply-copyright"
          },
          {
            "url": "value",
            "valueString": "true"
          }
        ],
        "url": "http://hl7.org/fhir/tools/StructureDefinition/ig-parameter"
      },
      {
        "extension": [
          {
            "url": "code",
            "valueString": "apply-jurisdiction"
          },
          {
            "url": "value",
            "valueString": "true"
          }
        ],
        "url": "http://hl7.org/fhir/tools/StructureDefinition/ig-parameter"
      },
      {
        "extension": [
          {
            "url": "code",
            "valueString": "apply-license"
          },
          {
            "url": "value",
            "valueString": "true"
          }
        ],
        "url": "http://hl7.org/fhir/tools/StructureDefinition/ig-parameter"
      },
      {
        "extension": [
          {
            "url": "code",
            "valueString": "apply-publisher"
          },
          {
            "url": "value",
            "valueString": "true"
          }
        ],
        "url": "http://hl7.org/fhir/tools/StructureDefinition/ig-parameter"
      },
      {
        "extension": [
          {
            "url": "code",
            "valueString": "apply-version"
          },
          {
            "url": "value",
            "valueString": "true"
          }
        ],
        "url": "http://hl7.org/fhir/tools/StructureDefinition/ig-parameter"
      },
      {
        "extension": [
          {
            "url": "code",
            "valueString": "active-tables"
          },
          {
            "url": "value",
            "valueString": "true"
          }
        ],
        "url": "http://hl7.org/fhir/tools/StructureDefinition/ig-parameter"
      },
      {
        "extension": [
          {
            "url": "code",
            "valueString": "fmm-definition"
          },
          {
            "url": "value",
            "valueString": "http://hl7.org/fhir/versions.html#maturity"
          }
        ],
        "url": "http://hl7.org/fhir/tools/StructureDefinition/ig-parameter"
      },
      {
        "extension": [
          {
            "url": "code",
            "valueString": "propagate-status"
          },
          {
            "url": "value",
            "valueString": "true"
          }
        ],
        "url": "http://hl7.org/fhir/tools/StructureDefinition/ig-parameter"
      },
      {
        "extension": [
          {
            "url": "code",
            "valueString": "excludelogbinaryformat"
          },
          {
            "url": "value",
            "valueString": "true"
          }
        ],
        "url": "http://hl7.org/fhir/tools/StructureDefinition/ig-parameter"
      }
    ],
    "resource": [
      {
        "extension": [
          {
            "url": "http://hl7.org/fhir/tools/StructureDefinition/resource-information",
            "valueString": "StructureDefinition:resource"
          }
        ],
        "reference": {
          "reference": "StructureDefinition/hla-genotype"
        },
        "name": "HLA Genotype Observation",
        "description": "HLA Genotype profile of genotype observation",
        "exampleBoolean": false
      },
      {
        "extension": [
          {
            "url": "http://hl7.org/fhir/tools/StructureDefinition/resource-information",
            "valueString": "StructureDefinition:resource"
          }
        ],
        "reference": {
          "reference": "StructureDefinition/hla-a"
        },
        "name": "HLA_A",
        "description": "Genotype for HLA-A",
        "exampleBoolean": false
      },
      {
        "extension": [
          {
            "url": "http://hl7.org/fhir/tools/StructureDefinition/resource-information",
            "valueString": "StructureDefinition:resource"
          }
        ],
        "reference": {
          "reference": "StructureDefinition/hla-b"
        },
        "name": "HLA_B",
        "description": "Genotype for HLA-B",
        "exampleBoolean": false
      },
      {
        "extension": [
          {
            "url": "http://hl7.org/fhir/tools/StructureDefinition/resource-information",
            "valueString": "StructureDefinition:resource"
          }
        ],
        "reference": {
          "reference": "StructureDefinition/hla-c"
        },
        "name": "HLA_C",
        "description": "Genotype for HLA-C",
        "exampleBoolean": false
      },
      {
        "extension": [
          {
            "url": "http://hl7.org/fhir/tools/StructureDefinition/resource-information",
            "valueString": "StructureDefinition:resource"
          }
        ],
        "reference": {
          "reference": "StructureDefinition/hla-dpb1"
        },
        "name": "HLA_DPB1",
        "description": "Genotype for HLA-DPB1",
        "exampleBoolean": false
      },
      {
        "extension": [
          {
            "url": "http://hl7.org/fhir/tools/StructureDefinition/resource-information",
            "valueString": "StructureDefinition:resource"
          }
        ],
        "reference": {
          "reference": "StructureDefinition/hla-drb1"
        },
        "name": "HLA_DRB1",
        "description": "Genotype for HLA-DRB1",
        "exampleBoolean": false
      },
      {
        "extension": [
          {
            "url": "http://hl7.org/fhir/tools/StructureDefinition/resource-information",
            "valueString": "StructureDefinition:resource"
          }
        ],
        "reference": {
          "reference": "StructureDefinition/ms-abogroup-observation"
        },
        "name": "MSABOGroupObservation",
        "description": "ABO Blood Group of Patient",
        "exampleBoolean": false
      },
      {
        "extension": [
          {
            "url": "http://hl7.org/fhir/tools/StructureDefinition/resource-information",
            "valueString": "StructureDefinition:resource"
          }
        ],
        "reference": {
          "reference": "StructureDefinition/MSBundle"
        },
        "name": "MatchSource Bundle",
        "description": "Collection Bundle for MatchSource",
        "exampleBoolean": false
      },
      {
        "extension": [
          {
            "url": "http://hl7.org/fhir/tools/StructureDefinition/resource-information",
            "valueString": "StructureDefinition:resource"
          }
        ],
        "reference": {
          "reference": "StructureDefinition/msdiagnosis"
        },
        "name": "MSDiagnosis",
        "description": "Diagnosis",
        "exampleBoolean": false
      },
      {
        "extension": [
          {
            "url": "http://hl7.org/fhir/tools/StructureDefinition/resource-information",
            "valueString": "StructureDefinition:resource"
          }
        ],
        "reference": {
          "reference": "StructureDefinition/ms-height-observation"
        },
        "name": "MSHeightObservation",
        "description": "Height of Patient",
        "exampleBoolean": false
      },
      {
        "extension": [
          {
            "url": "http://hl7.org/fhir/tools/StructureDefinition/resource-information",
            "valueString": "StructureDefinition:resource"
          }
        ],
        "reference": {
          "reference": "StructureDefinition/mspatient"
        },
        "name": "MSPatient",
        "description": "Patient needing a transplant",
        "exampleBoolean": false
      },
      {
        "extension": [
          {
            "url": "http://hl7.org/fhir/tools/StructureDefinition/resource-information",
            "valueString": "StructureDefinition:resource"
          }
        ],
        "reference": {
          "reference": "StructureDefinition/ms-preferred-product-observation"
        },
        "name": "MSPreferredProduct",
        "description": "Preferred product for transplant",
        "exampleBoolean": false
      },
      {
        "extension": [
          {
            "url": "http://hl7.org/fhir/tools/StructureDefinition/resource-information",
            "valueString": "StructureDefinition:resource"
          }
        ],
        "reference": {
          "reference": "StructureDefinition/ms-rhstatus-observation"
        },
        "name": "MSRhStatusObservation",
        "description": "Rh status of Patient",
        "exampleBoolean": false
      },
      {
        "extension": [
          {
            "url": "http://hl7.org/fhir/tools/StructureDefinition/resource-information",
            "valueString": "StructureDefinition:resource"
          }
        ],
        "reference": {
          "reference": "StructureDefinition/msspecimen"
        },
        "name": "MSSpecimen",
        "description": "Patient Sample",
        "exampleBoolean": false
      },
      {
        "extension": [
          {
            "url": "http://hl7.org/fhir/tools/StructureDefinition/resource-information",
            "valueString": "StructureDefinition:resource"
          }
        ],
        "reference": {
          "reference": "StructureDefinition/ms-transplant-timeline-observation"
        },
        "name": "MSTransplantTimeline",
        "description": "Transplant timeline for patient",
        "exampleBoolean": false
      },
      {
        "extension": [
          {
            "url": "http://hl7.org/fhir/tools/StructureDefinition/resource-information",
            "valueString": "StructureDefinition:resource"
          }
        ],
        "reference": {
          "reference": "StructureDefinition/ms-weight-observation"
        },
        "name": "MSWeightObservation",
        "description": "Weight of Patient",
        "exampleBoolean": false
      },
      {
        "extension": [
          {
            "url": "http://hl7.org/fhir/tools/StructureDefinition/resource-information",
            "valueString": "StructureDefinition:resource"
          }
        ],
        "reference": {
          "reference": "StructureDefinition/transplantcenter"
        },
        "name": "TransplantCenter",
        "description": "Transplant Center",
        "exampleBoolean": false
      },
      {
        "extension": [
          {
            "url": "http://hl7.org/fhir/tools/StructureDefinition/resource-information",
            "valueString": "StructureDefinition:resource"
          }
        ],
        "reference": {
          "reference": "StructureDefinition/transplantcentercoordinator"
        },
        "name": "TransplantCenterCoordinator",
        "description": "Transplant Center Coordinator",
        "exampleBoolean": false
      },
      {
        "extension": [
          {
            "url": "http://hl7.org/fhir/tools/StructureDefinition/resource-information",
            "valueString": "StructureDefinition:extension"
          }
        ],
        "reference": {
          "reference": "StructureDefinition/nmdp-ethnicity"
        },
        "name": "NMDP Ethnicity Code Extension",
        "description": "Extension to use NMDP Ethnicity Codes",
        "exampleBoolean": false
      },
      {
        "extension": [
          {
            "url": "http://hl7.org/fhir/tools/StructureDefinition/resource-information",
            "valueString": "StructureDefinition:extension"
          }
        ],
        "reference": {
          "reference": "StructureDefinition/nmdp-race"
        },
        "name": "NMDP Race Code Extension",
        "description": "Extension to use NMDP Race Codes",
        "exampleBoolean": false
      },
      {
        "extension": [
          {
            "url": "http://hl7.org/fhir/tools/StructureDefinition/resource-information",
            "valueString": "ValueSet"
          }
        ],
        "reference": {
          "reference": "ValueSet/hla-geneid-valueset"
        },
        "name": "HLA Gene Name Value Set",
        "description": "HLA HGNC GeneIds Valueset",
        "exampleBoolean": false
      },
      {
        "extension": [
          {
            "url": "http://hl7.org/fhir/tools/StructureDefinition/resource-information",
            "valueString": "ValueSet"
          }
        ],
        "reference": {
          "reference": "ValueSet/preferred-product-codes"
        },
        "name": "SNOMED HPC Value Set",
        "description": "SNOMED HPC Value Set",
        "exampleBoolean": false
      },
      {
        "extension": [
          {
            "url": "http://hl7.org/fhir/tools/StructureDefinition/resource-information",
            "valueString": "ValueSet"
          }
        ],
        "reference": {
          "reference": "ValueSet/loinc-abo-codes"
        },
        "name": "LOINC ABO group Value Set",
        "description": "LOINC codes for ABO blood group",
        "exampleBoolean": false
      },
      {
        "extension": [
          {
            "url": "http://hl7.org/fhir/tools/StructureDefinition/resource-information",
            "valueString": "ValueSet"
          }
        ],
        "reference": {
          "reference": "ValueSet/ms-abo-group-codes"
        },
        "name": "MatchSource ABO Group Value Set",
        "description": "MatchSource ABO group codes. Combines LOINC, Snomed, and NMDP codes",
        "exampleBoolean": false
      },
      {
        "extension": [
          {
            "url": "http://hl7.org/fhir/tools/StructureDefinition/resource-information",
            "valueString": "ValueSet"
          }
        ],
        "reference": {
          "reference": "ValueSet/ms-rh-codes"
        },
        "name": "Matchsource Rh Value Sets",
        "description": "MatchSource codes for blood Rh. Combines NMDP and LOINC code",
        "exampleBoolean": false
      },
      {
        "extension": [
          {
            "url": "http://hl7.org/fhir/tools/StructureDefinition/resource-information",
            "valueString": "ValueSet"
          }
        ],
        "reference": {
          "reference": "ValueSet/nmdp-abo-codes"
        },
        "name": "NMDP Blood Group Value Set",
        "description": "NMDP blood group codes",
        "exampleBoolean": false
      },
      {
        "extension": [
          {
            "url": "http://hl7.org/fhir/tools/StructureDefinition/resource-information",
            "valueString": "ValueSet"
          }
        ],
        "reference": {
          "reference": "ValueSet/nmdp-diseasestage-codes"
        },
        "name": "NMDP Disease Stage Value Set",
        "description": "NMDP disease stage codes",
        "exampleBoolean": false
      },
      {
        "extension": [
          {
            "url": "http://hl7.org/fhir/tools/StructureDefinition/resource-information",
            "valueString": "ValueSet"
          }
        ],
        "reference": {
          "reference": "ValueSet/nmdp-disease-codes"
        },
        "name": "NMDP Disease Value Set",
        "description": "NMDP disease codes",
        "exampleBoolean": false
      },
      {
        "extension": [
          {
            "url": "http://hl7.org/fhir/tools/StructureDefinition/resource-information",
            "valueString": "ValueSet"
          }
        ],
        "reference": {
          "reference": "ValueSet/nmdp-ethnicity-codes"
        },
        "name": "NMDP Ethnicity Value Set",
        "description": "NMDP ethnicity codes",
        "exampleBoolean": false
      },
      {
        "extension": [
          {
            "url": "http://hl7.org/fhir/tools/StructureDefinition/resource-information",
            "valueString": "ValueSet"
          }
        ],
        "reference": {
          "reference": "ValueSet/nmdp-language-codes"
        },
        "name": "NMDP Language Value Set",
        "description": "NMDP language codes",
        "exampleBoolean": false
      },
      {
        "extension": [
          {
            "url": "http://hl7.org/fhir/tools/StructureDefinition/resource-information",
            "valueString": "ValueSet"
          }
        ],
        "reference": {
          "reference": "ValueSet/nmdp-preferred-product-codes"
        },
        "name": "NMDP Preferred Product Value Set",
        "description": "NMDP preferred product codes",
        "exampleBoolean": false
      },
      {
        "extension": [
          {
            "url": "http://hl7.org/fhir/tools/StructureDefinition/resource-information",
            "valueString": "ValueSet"
          }
        ],
        "reference": {
          "reference": "ValueSet/nmdp-race-codes"
        },
        "name": "NMDP Race Value Set",
        "description": "NMDP race codes",
        "exampleBoolean": false
      },
      {
        "extension": [
          {
            "url": "http://hl7.org/fhir/tools/StructureDefinition/resource-information",
            "valueString": "ValueSet"
          }
        ],
        "reference": {
          "reference": "ValueSet/nmdp-rh-status-codes"
        },
        "name": "NMDP Codes for Rh status",
        "description": "NMDP codes for Rh staus",
        "exampleBoolean": false
      },
      {
        "extension": [
          {
            "url": "http://hl7.org/fhir/tools/StructureDefinition/resource-information",
            "valueString": "ValueSet"
          }
        ],
        "reference": {
          "reference": "ValueSet/nmdp-transplant-timeline-codes"
        },
        "name": "NMDP Transplant Timeline Value Set",
        "description": "NMDP transplant timeline codes",
        "exampleBoolean": false
      },
      {
        "extension": [
          {
            "url": "http://hl7.org/fhir/tools/StructureDefinition/resource-information",
            "valueString": "ValueSet"
          }
        ],
        "reference": {
          "reference": "ValueSet/loinc-posneg-codes"
        },
        "name": "LOINC Pos|Neg Value Set",
        "description": "LOINC codes for Positive and Negative",
        "exampleBoolean": false
      },
      {
        "extension": [
          {
            "url": "http://hl7.org/fhir/tools/StructureDefinition/resource-information",
            "valueString": "ValueSet"
          }
        ],
        "reference": {
          "reference": "ValueSet/sct-abo-group-codes"
        },
        "name": "Snomed CT ABO group Value Set",
        "description": "Snomed CT codes for ABO blood group",
        "exampleBoolean": false
      },
      {
        "extension": [
          {
            "url": "http://hl7.org/fhir/tools/StructureDefinition/resource-information",
            "valueString": "CodeSystem"
          }
        ],
        "reference": {
          "reference": "CodeSystem/glstring-codesystem"
        },
        "name": "Genotype List String Code CodeSystem",
        "description": "Genotype List String Codesystem used for HLA reporting",
        "exampleBoolean": false
      },
      {
        "extension": [
          {
            "url": "http://hl7.org/fhir/tools/StructureDefinition/resource-information",
            "valueString": "CodeSystem"
          }
        ],
        "reference": {
          "reference": "CodeSystem/hla-genename-codesystem"
        },
        "name": "HLA HGNC GeneID CodeSystem",
        "description": "CodeSystem of HLA gene group subset of HGNC GeneId Codesystem",
        "exampleBoolean": false
      },
      {
        "extension": [
          {
            "url": "http://hl7.org/fhir/tools/StructureDefinition/resource-information",
            "valueString": "CodeSystem"
          }
        ],
        "reference": {
          "reference": "CodeSystem/nmdp-abo-group-cs"
        },
        "name": "NMDP Blood Group Code System",
        "description": "Code System for NMDP ABO blood groups",
        "exampleBoolean": false
      },
      {
        "extension": [
          {
            "url": "http://hl7.org/fhir/tools/StructureDefinition/resource-information",
            "valueString": "CodeSystem"
          }
        ],
        "reference": {
          "reference": "CodeSystem/nmdp-disease-cs"
        },
        "name": "NMDP Disease Code System",
        "description": "Code System for NMDP diseases",
        "exampleBoolean": false
      },
      {
        "extension": [
          {
            "url": "http://hl7.org/fhir/tools/StructureDefinition/resource-information",
            "valueString": "CodeSystem"
          }
        ],
        "reference": {
          "reference": "CodeSystem/nmdp-diseasestage-cs"
        },
        "name": "NMDP Disease Stage Code System",
        "description": "Code System for NMDP disease stages",
        "exampleBoolean": false
      },
      {
        "extension": [
          {
            "url": "http://hl7.org/fhir/tools/StructureDefinition/resource-information",
            "valueString": "CodeSystem"
          }
        ],
        "reference": {
          "reference": "CodeSystem/nmdp-ethnicity-cs"
        },
        "name": "NMDP Ethnicity Code System",
        "description": "Code System for NMDP ethnicity",
        "exampleBoolean": false
      },
      {
        "extension": [
          {
            "url": "http://hl7.org/fhir/tools/StructureDefinition/resource-information",
            "valueString": "CodeSystem"
          }
        ],
        "reference": {
          "reference": "CodeSystem/nmdp-language-cs"
        },
        "name": "NMDP Language Code System",
        "description": "Code System for NMDP languages",
        "exampleBoolean": false
      },
      {
        "extension": [
          {
            "url": "http://hl7.org/fhir/tools/StructureDefinition/resource-information",
            "valueString": "CodeSystem"
          }
        ],
        "reference": {
          "reference": "CodeSystem/nmdp-preferred-product-cs"
        },
        "name": "NMDP Preferred Product for Transplant",
        "description": "NMDP Preferred Product for MatchSource patient",
        "exampleBoolean": false
      },
      {
        "extension": [
          {
            "url": "http://hl7.org/fhir/tools/StructureDefinition/resource-information",
            "valueString": "CodeSystem"
          }
        ],
        "reference": {
          "reference": "CodeSystem/nmdp-race-cs"
        },
        "name": "NMDP Race Code System",
        "description": "Code System for NMDP diseases",
        "exampleBoolean": false
      },
      {
        "extension": [
          {
            "url": "http://hl7.org/fhir/tools/StructureDefinition/resource-information",
            "valueString": "CodeSystem"
          }
        ],
        "reference": {
          "reference": "CodeSystem/nmdp-rh-status-cs"
        },
        "name": "NMDP Rh Code System",
        "description": "Code System for NMDP Rh Status",
        "exampleBoolean": false
      },
      {
        "extension": [
          {
            "url": "http://hl7.org/fhir/tools/StructureDefinition/resource-information",
            "valueString": "CodeSystem"
          }
        ],
        "reference": {
          "reference": "CodeSystem/nmdp-transplant-timeline-cs"
        },
        "name": "NMDP Transplant Timeline Code System",
        "description": "Code System for NMDP transplant timeline",
        "exampleBoolean": false
      },
      {
        "extension": [
          {
            "url": "http://hl7.org/fhir/tools/StructureDefinition/resource-information",
            "valueString": "Bundle"
          }
        ],
        "reference": {
          "reference": "Bundle/BundleExample-Full"
        },
        "name": "Matchsource Bundle Example - Full",
        "description": "Full Bundle Example for MatchSource",
        "exampleCanonical": "http://fhir.nmdp.org/ig/matchsource/StructureDefinition/MSBundle"
      },
      {
        "extension": [
          {
            "url": "http://hl7.org/fhir/tools/StructureDefinition/resource-information",
            "valueString": "Bundle"
          }
        ],
        "reference": {
          "reference": "Bundle/BundleExample-Minimal"
        },
        "name": "Matchsource Bundle Example - Mimimal",
        "description": "Minimual Bundle Example for MatchSource",
        "exampleCanonical": "http://fhir.nmdp.org/ig/matchsource/StructureDefinition/MSBundle"
      },
      {
        "extension": [
          {
            "url": "http://hl7.org/fhir/tools/StructureDefinition/resource-information",
            "valueString": "Practitioner"
          }
        ],
        "reference": {
          "reference": "Practitioner/CoordinatorExample"
        },
        "name": "CoordinatorExample",
        "description": "Example of a Transplant Center Coordinator.",
        "exampleCanonical": "http://fhir.nmdp.org/ig/matchsource/StructureDefinition/transplantcentercoordinator"
      },
      {
        "extension": [
          {
            "url": "http://hl7.org/fhir/tools/StructureDefinition/resource-information",
            "valueString": "Observation"
          }
        ],
        "reference": {
          "reference": "Observation/HLA-A-Example"
        },
        "name": "HLA_A_Example",
        "description": "Example of HLA-A",
        "exampleCanonical": "http://fhir.nmdp.org/ig/matchsource/StructureDefinition/hla-a"
      },
      {
        "extension": [
          {
            "url": "http://hl7.org/fhir/tools/StructureDefinition/resource-information",
            "valueString": "Observation"
          }
        ],
        "reference": {
          "reference": "Observation/HLA-B-Example"
        },
        "name": "HLA_B_Example",
        "description": "Example of HLA-B",
        "exampleCanonical": "http://fhir.nmdp.org/ig/matchsource/StructureDefinition/hla-b"
      },
      {
        "extension": [
          {
            "url": "http://hl7.org/fhir/tools/StructureDefinition/resource-information",
            "valueString": "Observation"
          }
        ],
        "reference": {
          "reference": "Observation/HLA-C-Example"
        },
        "name": "HLA_C_Example",
        "description": "Example of HLA-C",
        "exampleCanonical": "http://fhir.nmdp.org/ig/matchsource/StructureDefinition/hla-c"
      },
      {
        "extension": [
          {
            "url": "http://hl7.org/fhir/tools/StructureDefinition/resource-information",
            "valueString": "Observation"
          }
        ],
        "reference": {
          "reference": "Observation/HLA-DPB1-Example"
        },
        "name": "HLA_DPB1_Example",
        "description": "Example of HLA-DRB1",
        "exampleCanonical": "http://fhir.nmdp.org/ig/matchsource/StructureDefinition/hla-dpb1"
      },
      {
        "extension": [
          {
            "url": "http://hl7.org/fhir/tools/StructureDefinition/resource-information",
            "valueString": "Observation"
          }
        ],
        "reference": {
          "reference": "Observation/HLA-DRB1-Example"
        },
        "name": "HLA_DRB1_Example",
        "description": "Example of HLA-DRB1",
        "exampleCanonical": "http://fhir.nmdp.org/ig/matchsource/StructureDefinition/hla-drb1"
      },
      {
        "extension": [
          {
            "url": "http://hl7.org/fhir/tools/StructureDefinition/resource-information",
            "valueString": "Observation"
          }
        ],
        "reference": {
          "reference": "Observation/MSABOObsExample"
        },
        "name": "MSABOObsExample",
        "description": "Example of patient ABO",
        "exampleCanonical": "http://fhir.nmdp.org/ig/matchsource/StructureDefinition/ms-abogroup-observation"
      },
      {
        "extension": [
          {
            "url": "http://hl7.org/fhir/tools/StructureDefinition/resource-information",
            "valueString": "Condition"
          }
        ],
        "reference": {
          "reference": "Condition/MSDiagnosisExample-AML"
        },
        "name": "MSDiagnosisExample-AML",
        "description": "Example of a Diagnois: AML",
        "exampleCanonical": "http://fhir.nmdp.org/ig/matchsource/StructureDefinition/msdiagnosis"
      },
      {
        "extension": [
          {
            "url": "http://hl7.org/fhir/tools/StructureDefinition/resource-information",
            "valueString": "Condition"
          }
        ],
        "reference": {
          "reference": "Condition/MSDiagnosisExample-OND"
        },
        "name": "MSDiagnosisExample-OND",
        "description": "Example of a Diagnois",
        "exampleCanonical": "http://fhir.nmdp.org/ig/matchsource/StructureDefinition/msdiagnosis"
      },
      {
        "extension": [
          {
            "url": "http://hl7.org/fhir/tools/StructureDefinition/resource-information",
            "valueString": "Observation"
          }
        ],
        "reference": {
          "reference": "Observation/MSHeightObsExample"
        },
        "name": "MSHeightObsExample",
        "description": "Example of patient height",
        "exampleCanonical": "http://fhir.nmdp.org/ig/matchsource/StructureDefinition/ms-height-observation"
      },
      {
        "extension": [
          {
            "url": "http://hl7.org/fhir/tools/StructureDefinition/resource-information",
            "valueString": "Patient"
          }
        ],
        "reference": {
          "reference": "Patient/MSPatientExample"
        },
        "name": "MSPatientExample",
        "description": "Example of a patient needing a donor using us-core-race and us-core-ethnicity codes.",
        "exampleCanonical": "http://fhir.nmdp.org/ig/matchsource/StructureDefinition/mspatient"
      },
      {
        "extension": [
          {
            "url": "http://hl7.org/fhir/tools/StructureDefinition/resource-information",
            "valueString": "Patient"
          }
        ],
        "reference": {
          "reference": "Patient/MSPatientExample2"
        },
        "name": "MSPatientExample2",
        "description": "Example of a patient needing a donor using NMDP race code.",
        "exampleCanonical": "http://fhir.nmdp.org/ig/matchsource/StructureDefinition/mspatient"
      },
      {
        "extension": [
          {
            "url": "http://hl7.org/fhir/tools/StructureDefinition/resource-information",
            "valueString": "Patient"
          }
        ],
        "reference": {
          "reference": "Patient/MSPatientExample3"
        },
        "name": "MSPatientExample3",
        "description": "Example of a patient without a race code - this should generate an error.",
        "exampleCanonical": "http://fhir.nmdp.org/ig/matchsource/StructureDefinition/mspatient"
      },
      {
        "extension": [
          {
            "url": "http://hl7.org/fhir/tools/StructureDefinition/resource-information",
            "valueString": "Patient"
          }
        ],
        "reference": {
          "reference": "Patient/MSPatientExample4"
        },
        "name": "MSPatientExample4",
        "description": "Example of a patient needing a donor using us-core-race code but not us-core-ethnicity - this should generate an error",
        "exampleCanonical": "http://fhir.nmdp.org/ig/matchsource/StructureDefinition/mspatient"
      },
      {
        "extension": [
          {
            "url": "http://hl7.org/fhir/tools/StructureDefinition/resource-information",
            "valueString": "Observation"
          }
        ],
        "reference": {
          "reference": "Observation/MSPreferredProductExample"
        },
        "name": "MSPreferredProductExample",
        "description": "Example of preferred product",
        "exampleCanonical": "http://fhir.nmdp.org/ig/matchsource/StructureDefinition/ms-preferred-product-observation"
      },
      {
        "extension": [
          {
            "url": "http://hl7.org/fhir/tools/StructureDefinition/resource-information",
            "valueString": "Observation"
          }
        ],
        "reference": {
          "reference": "Observation/MSRhObsExample"
        },
        "name": "MSRhObsExample",
        "description": "Example of patient Rh status",
        "exampleCanonical": "http://fhir.nmdp.org/ig/matchsource/StructureDefinition/ms-rhstatus-observation"
      },
      {
        "extension": [
          {
            "url": "http://hl7.org/fhir/tools/StructureDefinition/resource-information",
            "valueString": "Specimen"
          }
        ],
        "reference": {
          "reference": "Specimen/MSSpecimenExample"
        },
        "name": "MSSpecimenExample",
        "description": "Example patient specimen.",
        "exampleCanonical": "http://fhir.nmdp.org/ig/matchsource/StructureDefinition/msspecimen"
      },
      {
        "extension": [
          {
            "url": "http://hl7.org/fhir/tools/StructureDefinition/resource-information",
            "valueString": "Observation"
          }
        ],
        "reference": {
          "reference": "Observation/MSTransplantTimelineExample"
        },
        "name": "MSTransplantTimelineExample",
        "description": "Example of transplant timeline",
        "exampleCanonical": "http://fhir.nmdp.org/ig/matchsource/StructureDefinition/ms-transplant-timeline-observation"
      },
      {
        "extension": [
          {
            "url": "http://hl7.org/fhir/tools/StructureDefinition/resource-information",
            "valueString": "Observation"
          }
        ],
        "reference": {
          "reference": "Observation/MSWeightObsExample"
        },
        "name": "MSWeightObsExample",
        "description": "Example of patient weight",
        "exampleCanonical": "http://fhir.nmdp.org/ig/matchsource/StructureDefinition/ms-weight-observation"
      },
      {
        "extension": [
          {
            "url": "http://hl7.org/fhir/tools/StructureDefinition/resource-information",
            "valueString": "Organization"
          }
        ],
        "reference": {
          "reference": "Organization/TCExample"
        },
        "name": "TCExample",
        "description": "Example of a Transplant Center.",
        "exampleCanonical": "http://fhir.nmdp.org/ig/matchsource/StructureDefinition/transplantcenter"
      }
    ],
    "page": {
      "nameUrl": "toc.html",
      "title": "Table of Contents",
      "generation": "html",
      "page": [
        {
          "nameUrl": "index.html",
          "title": "Home",
          "generation": "markdown"
        }
      ]
    },
    "parameter": [
      {
        "code": "path-resource",
        "value": "input/capabilities"
      },
      {
        "code": "path-resource",
        "value": "input/examples"
      },
      {
        "code": "path-resource",
        "value": "input/extensions"
      },
      {
        "code": "path-resource",
        "value": "input/models"
      },
      {
        "code": "path-resource",
        "value": "input/operations"
      },
      {
        "code": "path-resource",
        "value": "input/profiles"
      },
      {
        "code": "path-resource",
        "value": "input/resources"
      },
      {
        "code": "path-resource",
        "value": "input/vocabulary"
      },
      {
        "code": "path-resource",
        "value": "input/maps"
      },
      {
        "code": "path-resource",
        "value": "input/testing"
      },
      {
        "code": "path-resource",
        "value": "input/history"
      },
      {
        "code": "path-resource",
        "value": "fsh-generated/resources"
      },
      {
        "code": "path-pages",
        "value": "template/config"
      },
      {
        "code": "path-pages",
        "value": "input/images"
      },
      {
        "code": "path-tx-cache",
        "value": "input-cache/txcache"
      }
    ]
  }
}