{
  "resourceType": "Patient",
  "id": "MSPatientExample2",
  "meta": {
    "profile": [
      "http://fhir.nmdp.org/ig/matchsource/StructureDefinition/mspatient"
    ],
    "security": [
      {
        "system": "http://terminology.nmdp.org/codesystem/transplant-center",
        "code": "tc_123"
      }
    ]
  },
  "text": {
    "status": "generated",
    "div": "<div xmlns=\"http://www.w3.org/1999/xhtml\"><p><b>Joe Everyperson </b> male, DoB: 1974-12-25</p></div>"
  },
  "extension": [
    {
      "url": "http://fhir.nmdp.org/ig/matchsource/StructureDefinition/nmdp-race",
      "valueCodeableConcept": {
        "coding": [
          {
            "system": "http://terminology.nmdp.org/codesystem/race",
            "code": "EURWRC",
            "display": "North American or European"
          }
        ]
      }
    },
    {
      "url": "http://fhir.nmdp.org/ig/matchsource/StructureDefinition/nmdp-ethnicity",
      "valueCodeableConcept": {
        "coding": [
          {
            "system": "http://terminology.nmdp.org/codesystem/ethnicity",
            "code": "NHIS",
            "display": "Not Hispanic or Latino"
          }
        ]
      }
    }
  ],
  "name": [
    {
      "family": "Everyperson",
      "given": [
        "Joe"
      ]
    }
  ],
  "telecom": [
    {
      "system": "phone",
      "value": "1-612-555-1234"
    }
  ],
  "gender": "male",
  "birthDate": "1974-12-25",
  "address": [
    {
      "line": [
        "123 Main St"
      ],
      "city": "Minneapolis",
      "state": "MN",
      "postalCode": "55401",
      "country": "USA"
    }
  ]
}