<?xml version="1.0" encoding="UTF-8"?>

<ValueSet xmlns="http://hl7.org/fhir">
  <id value="hla-geneid-valueset"/>
  <text>
    <status value="extensions"/><div xmlns="http://www.w3.org/1999/xhtml"><ul><li>Include these codes as defined in <a href="CodeSystem-hla-genename-codesystem.html"><code>http://www.genenames.org/geneId</code></a><table class="none"><tr><td style="white-space:nowrap"><b>Code</b></td><td><b>Display</b></td><td><b>Definition</b></td></tr><tr><td><a href="CodeSystem-hla-genename-codesystem.html#hla-genename-codesystem-HGNC.584931">HGNC:4931</a></td><td>HLA-A</td><td>major histocompatibility complex, class I, A</td></tr><tr><td><a href="CodeSystem-hla-genename-codesystem.html#hla-genename-codesystem-HGNC.584932">HGNC:4932</a></td><td>HLA-B</td><td>major histocompatibility complex, class I, B</td></tr><tr><td><a href="CodeSystem-hla-genename-codesystem.html#hla-genename-codesystem-HGNC.584933">HGNC:4933</a></td><td>HLA-C</td><td>major histocompatibility complex, class I, C</td></tr><tr><td><a href="CodeSystem-hla-genename-codesystem.html#hla-genename-codesystem-HGNC.584934">HGNC:4934</a></td><td>HLA-DMA</td><td>major histocompatibility complex, class II, DM alpha</td></tr><tr><td><a href="CodeSystem-hla-genename-codesystem.html#hla-genename-codesystem-HGNC.584935">HGNC:4935</a></td><td>HLA-DMB</td><td>major histocompatibility complex, class II, DM beta</td></tr><tr><td><a href="CodeSystem-hla-genename-codesystem.html#hla-genename-codesystem-HGNC.584936">HGNC:4936</a></td><td>HLA-DOA</td><td>major histocompatibility complex, class II, DO alpha</td></tr><tr><td><a href="CodeSystem-hla-genename-codesystem.html#hla-genename-codesystem-HGNC.584937">HGNC:4937</a></td><td>HLA-DOB</td><td>major histocompatibility complex, class II, DO beta</td></tr><tr><td><a href="CodeSystem-hla-genename-codesystem.html#hla-genename-codesystem-HGNC.584938">HGNC:4938</a></td><td>HLA-DPA1</td><td>major histocompatibility complex, class II, DP alpha 1</td></tr><tr><td><a href="CodeSystem-hla-genename-codesystem.html#hla-genename-codesystem-HGNC.584939">HGNC:4939</a></td><td>HLA-DPA2</td><td>major histocompatibility complex, class II, DP alpha 2 (pseudogene)</td></tr><tr><td><a href="CodeSystem-hla-genename-codesystem.html#hla-genename-codesystem-HGNC.5819393">HGNC:19393</a></td><td>HLA-DPA3</td><td>major histocompatibility complex, class II, DP alpha 3 (pseudogene)</td></tr><tr><td><a href="CodeSystem-hla-genename-codesystem.html#hla-genename-codesystem-HGNC.584940">HGNC:4940</a></td><td>HLA-DPB1</td><td>major histocompatibility complex, class II, DP beta 1</td></tr><tr><td><a href="CodeSystem-hla-genename-codesystem.html#hla-genename-codesystem-HGNC.584941">HGNC:4941</a></td><td>HLA-DPB2</td><td>major histocompatibility complex, class II, DP beta 2 (pseudogene)</td></tr><tr><td><a href="CodeSystem-hla-genename-codesystem.html#hla-genename-codesystem-HGNC.584942">HGNC:4942</a></td><td>HLA-DQA1</td><td>major histocompatibility complex, class II, DQ alpha 1</td></tr><tr><td><a href="CodeSystem-hla-genename-codesystem.html#hla-genename-codesystem-HGNC.584943">HGNC:4943</a></td><td>HLA-DQA2</td><td>major histocompatibility complex, class II, DQ alpha 2</td></tr><tr><td><a href="CodeSystem-hla-genename-codesystem.html#hla-genename-codesystem-HGNC.584944">HGNC:4944</a></td><td>HLA-DQB1</td><td>major histocompatibility complex, class II, DQ beta 1</td></tr><tr><td><a href="CodeSystem-hla-genename-codesystem.html#hla-genename-codesystem-HGNC.584945">HGNC:4945</a></td><td>HLA-DQB2</td><td>major histocompatibility complex, class II, DQ beta 2</td></tr><tr><td><a href="CodeSystem-hla-genename-codesystem.html#hla-genename-codesystem-HGNC.584946">HGNC:4946</a></td><td>HLA-DQB3</td><td>major histocompatibility complex, class II, DQ beta 3</td></tr><tr><td><a href="CodeSystem-hla-genename-codesystem.html#hla-genename-codesystem-HGNC.584947">HGNC:4947</a></td><td>HLA-DRA</td><td>major histocompatibility complex, class II, DR alpha</td></tr><tr><td><a href="CodeSystem-hla-genename-codesystem.html#hla-genename-codesystem-HGNC.584948">HGNC:4948</a></td><td>HLA-DRB1</td><td>major histocompatibility complex, class II, DR beta 1</td></tr><tr><td><a href="CodeSystem-hla-genename-codesystem.html#hla-genename-codesystem-HGNC.584950">HGNC:4950</a></td><td>HLA-DRB2</td><td>major histocompatibility complex, class II, DR beta 2 (pseudogene)</td></tr><tr><td><a href="CodeSystem-hla-genename-codesystem.html#hla-genename-codesystem-HGNC.584951">HGNC:4951</a></td><td>HLA-DRB3</td><td>major histocompatibility complex, class II, DR beta 3</td></tr><tr><td><a href="CodeSystem-hla-genename-codesystem.html#hla-genename-codesystem-HGNC.584952">HGNC:4952</a></td><td>HLA-DRB4</td><td>major histocompatibility complex, class II, DR beta 4</td></tr><tr><td><a href="CodeSystem-hla-genename-codesystem.html#hla-genename-codesystem-HGNC.584953">HGNC:4953</a></td><td>HLA-DRB5</td><td>major histocompatibility complex, class II, DR beta 5</td></tr><tr><td><a href="CodeSystem-hla-genename-codesystem.html#hla-genename-codesystem-HGNC.584954">HGNC:4954</a></td><td>HLA-DRB6</td><td>major histocompatibility complex, class II, DR beta 6 (pseudogene)</td></tr><tr><td><a href="CodeSystem-hla-genename-codesystem.html#hla-genename-codesystem-HGNC.584955">HGNC:4955</a></td><td>HLA-DRB7</td><td>major histocompatibility complex, class II, DR beta 7 (pseudogene)</td></tr><tr><td><a href="CodeSystem-hla-genename-codesystem.html#hla-genename-codesystem-HGNC.584956">HGNC:4956</a></td><td>HLA-DRB8</td><td>major histocompatibility complex, class II, DR beta 8 (pseudogene)</td></tr><tr><td><a href="CodeSystem-hla-genename-codesystem.html#hla-genename-codesystem-HGNC.584957">HGNC:4957</a></td><td>HLA-DRB9</td><td>major histocompatibility complex, class II, DR beta 9 (pseudogene)</td></tr><tr><td><a href="CodeSystem-hla-genename-codesystem.html#hla-genename-codesystem-HGNC.584962">HGNC:4962</a></td><td>HLA-E</td><td>major histocompatibility complex, class I, E</td></tr><tr><td><a href="CodeSystem-hla-genename-codesystem.html#hla-genename-codesystem-HGNC.584963">HGNC:4963</a></td><td>HLA-F</td><td>major histocompatibility complex, class I, F</td></tr><tr><td><a href="CodeSystem-hla-genename-codesystem.html#hla-genename-codesystem-HGNC.584964">HGNC:4964</a></td><td>HLA-G</td><td>major histocompatibility complex, class I, G</td></tr><tr><td><a href="CodeSystem-hla-genename-codesystem.html#hla-genename-codesystem-HGNC.584965">HGNC:4965</a></td><td>HLA-H</td><td>major histocompatibility complex, class I, H (pseudogene)</td></tr><tr><td><a href="CodeSystem-hla-genename-codesystem.html#hla-genename-codesystem-HGNC.584967">HGNC:4967</a></td><td>HLA-J</td><td>major histocompatibility complex, class I, J (pseudogene)</td></tr><tr><td><a href="CodeSystem-hla-genename-codesystem.html#hla-genename-codesystem-HGNC.584969">HGNC:4969</a></td><td>HLA-K</td><td>major histocompatibility complex, class I, K (pseudogene)</td></tr><tr><td><a href="CodeSystem-hla-genename-codesystem.html#hla-genename-codesystem-HGNC.584970">HGNC:4970</a></td><td>HLA-L</td><td>major histocompatibility complex, class I, L (pseudogene)</td></tr><tr><td><a href="CodeSystem-hla-genename-codesystem.html#hla-genename-codesystem-HGNC.5819406">HGNC:19406</a></td><td>HLA-N</td><td>major histocompatibility complex, class I, N (pseudogene)</td></tr><tr><td><a href="CodeSystem-hla-genename-codesystem.html#hla-genename-codesystem-HGNC.5821196">HGNC:21196</a></td><td>HLA-P</td><td>major histocompatibility complex, class I, P (pseudogene)</td></tr><tr><td><a href="CodeSystem-hla-genename-codesystem.html#hla-genename-codesystem-HGNC.5819395">HGNC:19395</a></td><td>HLA-S</td><td>major histocompatibility complex, class I, S (pseudogene)</td></tr><tr><td><a href="CodeSystem-hla-genename-codesystem.html#hla-genename-codesystem-HGNC.5823478">HGNC:23478</a></td><td>HLA-T</td><td>major histocompatibility complex, class I, T (pseudogene)</td></tr><tr><td><a href="CodeSystem-hla-genename-codesystem.html#hla-genename-codesystem-HGNC.5823477">HGNC:23477</a></td><td>HLA-U</td><td>major histocompatibility complex, class I, U (pseudogene)</td></tr><tr><td><a href="CodeSystem-hla-genename-codesystem.html#hla-genename-codesystem-HGNC.5823482">HGNC:23482</a></td><td>HLA-V</td><td>major histocompatibility complex, class I, V (pseudogene)</td></tr><tr><td><a href="CodeSystem-hla-genename-codesystem.html#hla-genename-codesystem-HGNC.5823425">HGNC:23425</a></td><td>HLA-W</td><td>major histocompatibility complex, class I, W (pseudogene)</td></tr><tr><td><a href="CodeSystem-hla-genename-codesystem.html#hla-genename-codesystem-HGNC.5819385">HGNC:19385</a></td><td>HLA-X</td><td>major histocompatibility complex, class I, X (pseudogene)</td></tr><tr><td><a href="CodeSystem-hla-genename-codesystem.html#hla-genename-codesystem-HGNC.5833913">HGNC:33913</a></td><td>HLA-Y</td><td>major histocompatibility complex, class I, Y (pseudogene)</td></tr><tr><td><a href="CodeSystem-hla-genename-codesystem.html#hla-genename-codesystem-HGNC.5819394">HGNC:19394</a></td><td>HLA-Z</td><td>major histocompatibility complex, class I, Z (pseudogene)</td></tr></table></li></ul></div>
  </text>
  <url value="http://fhir.nmdp.org/ig/matchsource/ValueSet/hla-geneid-valueset"/>
  <version value="0.1.0"/>
  <name value="HLAGeneIdVS"/>
  <title value="HLA Gene Name Value Set"/>
  <status value="active"/>
  <date value="2022-06-30T09:28:59-05:00"/>
  <publisher value="NMDP"/>
  <contact>
    <name value="NMDP"/>
    <telecom>
      <system value="url"/>
      <value value="http://bethematch.org"/>
    </telecom>
  </contact>
  <description value="HLA HGNC GeneIds Valueset"/>
  <compose>
    <include>
      <system value="http://www.genenames.org/geneId"/>
      <concept>
        <code value="HGNC:4931"/>
        <display value="HLA-A"/>
      </concept>
      <concept>
        <code value="HGNC:4932"/>
        <display value="HLA-B"/>
      </concept>
      <concept>
        <code value="HGNC:4933"/>
        <display value="HLA-C"/>
      </concept>
      <concept>
        <code value="HGNC:4934"/>
        <display value="HLA-DMA"/>
      </concept>
      <concept>
        <code value="HGNC:4935"/>
        <display value="HLA-DMB"/>
      </concept>
      <concept>
        <code value="HGNC:4936"/>
        <display value="HLA-DOA"/>
      </concept>
      <concept>
        <code value="HGNC:4937"/>
        <display value="HLA-DOB"/>
      </concept>
      <concept>
        <code value="HGNC:4938"/>
        <display value="HLA-DPA1"/>
      </concept>
      <concept>
        <code value="HGNC:4939"/>
        <display value="HLA-DPA2"/>
      </concept>
      <concept>
        <code value="HGNC:19393"/>
        <display value="HLA-DPA3"/>
      </concept>
      <concept>
        <code value="HGNC:4940"/>
        <display value="HLA-DPB1"/>
      </concept>
      <concept>
        <code value="HGNC:4941"/>
        <display value="HLA-DPB2"/>
      </concept>
      <concept>
        <code value="HGNC:4942"/>
        <display value="HLA-DQA1"/>
      </concept>
      <concept>
        <code value="HGNC:4943"/>
        <display value="HLA-DQA2"/>
      </concept>
      <concept>
        <code value="HGNC:4944"/>
        <display value="HLA-DQB1"/>
      </concept>
      <concept>
        <code value="HGNC:4945"/>
        <display value="HLA-DQB2"/>
      </concept>
      <concept>
        <code value="HGNC:4946"/>
        <display value="HLA-DQB3"/>
      </concept>
      <concept>
        <code value="HGNC:4947"/>
        <display value="HLA-DRA"/>
      </concept>
      <concept>
        <code value="HGNC:4948"/>
        <display value="HLA-DRB1"/>
      </concept>
      <concept>
        <code value="HGNC:4950"/>
        <display value="HLA-DRB2"/>
      </concept>
      <concept>
        <code value="HGNC:4951"/>
        <display value="HLA-DRB3"/>
      </concept>
      <concept>
        <code value="HGNC:4952"/>
        <display value="HLA-DRB4"/>
      </concept>
      <concept>
        <code value="HGNC:4953"/>
        <display value="HLA-DRB5"/>
      </concept>
      <concept>
        <code value="HGNC:4954"/>
        <display value="HLA-DRB6"/>
      </concept>
      <concept>
        <code value="HGNC:4955"/>
        <display value="HLA-DRB7"/>
      </concept>
      <concept>
        <code value="HGNC:4956"/>
        <display value="HLA-DRB8"/>
      </concept>
      <concept>
        <code value="HGNC:4957"/>
        <display value="HLA-DRB9"/>
      </concept>
      <concept>
        <code value="HGNC:4962"/>
        <display value="HLA-E"/>
      </concept>
      <concept>
        <code value="HGNC:4963"/>
        <display value="HLA-F"/>
      </concept>
      <concept>
        <code value="HGNC:4964"/>
        <display value="HLA-G"/>
      </concept>
      <concept>
        <code value="HGNC:4965"/>
        <display value="HLA-H"/>
      </concept>
      <concept>
        <code value="HGNC:4967"/>
        <display value="HLA-J"/>
      </concept>
      <concept>
        <code value="HGNC:4969"/>
        <display value="HLA-K"/>
      </concept>
      <concept>
        <code value="HGNC:4970"/>
        <display value="HLA-L"/>
      </concept>
      <concept>
        <code value="HGNC:19406"/>
        <display value="HLA-N"/>
      </concept>
      <concept>
        <code value="HGNC:21196"/>
        <display value="HLA-P"/>
      </concept>
      <concept>
        <code value="HGNC:19395"/>
        <display value="HLA-S"/>
      </concept>
      <concept>
        <code value="HGNC:23478"/>
        <display value="HLA-T"/>
      </concept>
      <concept>
        <code value="HGNC:23477"/>
        <display value="HLA-U"/>
      </concept>
      <concept>
        <code value="HGNC:23482"/>
        <display value="HLA-V"/>
      </concept>
      <concept>
        <code value="HGNC:23425"/>
        <display value="HLA-W"/>
      </concept>
      <concept>
        <code value="HGNC:19385"/>
        <display value="HLA-X"/>
      </concept>
      <concept>
        <code value="HGNC:33913"/>
        <display value="HLA-Y"/>
      </concept>
      <concept>
        <code value="HGNC:19394"/>
        <display value="HLA-Z"/>
      </concept>
    </include>
  </compose>
</ValueSet>