<?xml version="1.0" encoding="UTF-8"?>

<ValueSet xmlns="http://hl7.org/fhir">
  <id value="preferred-product-codes"/>
  <text>
    <status value="generated"/><div xmlns="http://www.w3.org/1999/xhtml"><p>This value set includes codes based on the following rules:</p><ul><li>Include all codes defined in <a href="CodeSystem-nmdp-preferred-product-cs.html"><code>http://terminology.nmdp.org/codesystem/preferredproduct</code></a></li><li>Include these codes as defined in <a href="http://www.snomed.org/"><code>http://snomed.info/sct</code></a><table class="none"><tr><td style="white-space:nowrap"><b>Code</b></td><td><b>Display</b></td></tr><tr><td><a href="http://snomed.info/id/41988001">41988001</a></td><td>Bone marrow derived hematopoietic stem cell</td></tr></table></li></ul></div>
  </text>
  <url value="http://fhir.nmdp.org/ig/matchsource/ValueSet/preferred-product-codes"/>
  <version value="0.1.0"/>
  <name value="HPCProductVS"/>
  <title value="SNOMED HPC Value Set"/>
  <status value="active"/>
  <date value="2022-06-30T09:28:59-05:00"/>
  <publisher value="NMDP"/>
  <contact>
    <name value="NMDP"/>
    <telecom>
      <system value="url"/>
      <value value="http://bethematch.org"/>
    </telecom>
  </contact>
  <description value="SNOMED HPC Value Set"/>
  <compose>
    <include>
      <system value="http://terminology.nmdp.org/codesystem/preferredproduct"/>
    </include>
    <include>
      <system value="http://snomed.info/sct"/>
      <concept>
        <code value="41988001"/>
        <display value="Bone marrow derived hematopoietic stem cell"/>
      </concept>
    </include>
  </compose>
</ValueSet>