{"resourceType":"ValueSet","id":"nmdp-cmv-codes","text":{"status":"generated","div":"<div xmlns=\"http://www.w3.org/1999/xhtml\"><p class=\"res-header-id\"><b>Generated Narrative: ValueSet nmdp-cmv-codes</b></p><a name=\"nmdp-cmv-codes\"> </a><a name=\"hcnmdp-cmv-codes\"> </a><a name=\"nmdp-cmv-codes-en-US\"> </a><ul><li>Include all codes defined in <a href=\"CodeSystem-nmdp-cmv-cs.html\"><code>http://terminology.nmdp.org/codesystem/cmv</code></a></li></ul></div>"},"url":"http://fhir.nmdp.org/ig/matchsync/ValueSet/nmdp-cmv-codes","version":"0.1.1","name":"NMDPCMVVS","title":"NMDP CMV Value Set","status":"draft","experimental":true,"date":"2024-12-02T18:31:42-06:00","publisher":"NMDP","contact":[{"name":"NMDP","telecom":[{"system":"url","value":"http://bethematch.org"}]}],"description":"NMDP cmv codes","compose":{"include":[{"system":"http://terminology.nmdp.org/codesystem/cmv"}]}}