{
  "resourceType" : "ImplementationGuide",
  "id" : "nmdp.fhir.matchsync",
  "text" : {
    "status" : "extensions",
    "div" : "<div xmlns=\"http://www.w3.org/1999/xhtml\"><h2>MatchSyncIG</h2><p>The official URL for this implementation guide is: </p><pre>http://fhir.nmdp.org/ig/matchsync/ImplementationGuide/nmdp.fhir.matchsync</pre></div>"
  },
  "url" : "http://fhir.nmdp.org/ig/matchsync/ImplementationGuide/nmdp.fhir.matchsync",
  "version" : "0.1.0",
  "name" : "MatchSyncIG",
  "status" : "draft",
  "date" : "2024-05-20T10:22:59-05:00",
  "publisher" : "NMDP",
  "contact" : [{
    "name" : "NMDP",
    "telecom" : [{
      "system" : "url",
      "value" : "http://bethematch.org"
    }]
  }],
  "packageId" : "nmdp.fhir.matchsync",
  "license" : "CC0-1.0",
  "fhirVersion" : ["4.0.1"],
  "dependsOn" : [{
    "id" : "hl7tx",
    "extension" : [{
      "url" : "http://hl7.org/fhir/tools/StructureDefinition/implementationguide-dependency-comment",
      "valueMarkdown" : "Automatically added as a dependency - all IGs depend on HL7 Terminology"
    }],
    "uri" : "http://terminology.hl7.org/ImplementationGuide/hl7.terminology",
    "packageId" : "hl7.terminology.r4",
    "version" : "5.5.0"
  },
  {
    "id" : "hl7ext",
    "extension" : [{
      "url" : "http://hl7.org/fhir/tools/StructureDefinition/implementationguide-dependency-comment",
      "valueMarkdown" : "Automatically added as a dependency - all IGs depend on the HL7 Extension Pack"
    }],
    "uri" : "http://hl7.org/fhir/extensions/ImplementationGuide/hl7.fhir.uv.extensions",
    "packageId" : "hl7.fhir.uv.extensions.r4",
    "version" : "5.1.0"
  },
  {
    "id" : "hl7_fhir_us_core",
    "uri" : "http://hl7.org/fhir/us/core/ImplementationGuide/hl7.fhir.us.core",
    "packageId" : "hl7.fhir.us.core",
    "version" : "4.0.0"
  },
  {
    "id" : "mcode",
    "uri" : "http://hl7.org/fhir/us/mcode/ImplementationGuide/hl7.fhir.us.mcode",
    "packageId" : "hl7.fhir.us.mcode",
    "version" : "2.0.0"
  },
  {
    "id" : "hl7_fhir_uv_genomics_reporting",
    "uri" : "http://hl7.org/fhir/uv/genomics-reporting/ImplementationGuide/hl7.fhir.uv.genomics-reporting",
    "packageId" : "hl7.fhir.uv.genomics-reporting",
    "version" : "2.0.0"
  }],
  "definition" : {
    "extension" : [{
      "extension" : [{
        "url" : "code",
        "valueString" : "copyrightyear"
      },
      {
        "url" : "value",
        "valueString" : "2022+"
      }],
      "url" : "http://hl7.org/fhir/tools/StructureDefinition/ig-parameter"
    },
    {
      "extension" : [{
        "url" : "code",
        "valueString" : "releaselabel"
      },
      {
        "url" : "value",
        "valueString" : "ci-build"
      }],
      "url" : "http://hl7.org/fhir/tools/StructureDefinition/ig-parameter"
    },
    {
      "extension" : [{
        "url" : "code",
        "valueString" : "special-url"
      },
      {
        "url" : "value",
        "valueString" : "http://terminology.nmdp.org/codesystem/disease"
      }],
      "url" : "http://hl7.org/fhir/tools/StructureDefinition/ig-parameter"
    },
    {
      "extension" : [{
        "url" : "code",
        "valueString" : "special-url"
      },
      {
        "url" : "value",
        "valueString" : "http://terminology.nmdp.org/codesystem/diseasestage"
      }],
      "url" : "http://hl7.org/fhir/tools/StructureDefinition/ig-parameter"
    },
    {
      "extension" : [{
        "url" : "code",
        "valueString" : "special-url"
      },
      {
        "url" : "value",
        "valueString" : "http://terminology.nmdp.org/codesystem/abogroup"
      }],
      "url" : "http://hl7.org/fhir/tools/StructureDefinition/ig-parameter"
    },
    {
      "extension" : [{
        "url" : "code",
        "valueString" : "special-url"
      },
      {
        "url" : "value",
        "valueString" : "http://terminology.nmdp.org/codesystem/rhstatus"
      }],
      "url" : "http://hl7.org/fhir/tools/StructureDefinition/ig-parameter"
    },
    {
      "extension" : [{
        "url" : "code",
        "valueString" : "special-url"
      },
      {
        "url" : "value",
        "valueString" : "http://terminology.nmdp.org/codesystem/race"
      }],
      "url" : "http://hl7.org/fhir/tools/StructureDefinition/ig-parameter"
    },
    {
      "extension" : [{
        "url" : "code",
        "valueString" : "special-url"
      },
      {
        "url" : "value",
        "valueString" : "http://terminology.nmdp.org/codesystem/ethnicity"
      }],
      "url" : "http://hl7.org/fhir/tools/StructureDefinition/ig-parameter"
    },
    {
      "extension" : [{
        "url" : "code",
        "valueString" : "special-url"
      },
      {
        "url" : "value",
        "valueString" : "http://terminology.nmdp.org/codesystem/language"
      }],
      "url" : "http://hl7.org/fhir/tools/StructureDefinition/ig-parameter"
    },
    {
      "extension" : [{
        "url" : "code",
        "valueString" : "special-url"
      },
      {
        "url" : "value",
        "valueString" : "http://terminology.nmdp.org/codesystem/preferredproduct"
      }],
      "url" : "http://hl7.org/fhir/tools/StructureDefinition/ig-parameter"
    },
    {
      "extension" : [{
        "url" : "code",
        "valueString" : "special-url"
      },
      {
        "url" : "value",
        "valueString" : "http://terminology.nmdp.org/codesystem/transplanttimeline"
      }],
      "url" : "http://hl7.org/fhir/tools/StructureDefinition/ig-parameter"
    },
    {
      "extension" : [{
        "url" : "code",
        "valueString" : "special-url"
      },
      {
        "url" : "value",
        "valueString" : "http://terminology.nmdp.org/codesystem/practitionerrole"
      }],
      "url" : "http://hl7.org/fhir/tools/StructureDefinition/ig-parameter"
    },
    {
      "extension" : [{
        "url" : "code",
        "valueString" : "special-url"
      },
      {
        "url" : "value",
        "valueString" : "http://www.glstring.org"
      }],
      "url" : "http://hl7.org/fhir/tools/StructureDefinition/ig-parameter"
    },
    {
      "extension" : [{
        "url" : "code",
        "valueString" : "special-url"
      },
      {
        "url" : "value",
        "valueString" : "http://www.genenames.org/geneId"
      }],
      "url" : "http://hl7.org/fhir/tools/StructureDefinition/ig-parameter"
    },
    {
      "extension" : [{
        "url" : "code",
        "valueString" : "special-url"
      },
      {
        "url" : "value",
        "valueString" : "http://loinc.org/vs/LL2419-1"
      }],
      "url" : "http://hl7.org/fhir/tools/StructureDefinition/ig-parameter"
    },
    {
      "extension" : [{
        "url" : "code",
        "valueString" : "special-url"
      },
      {
        "url" : "value",
        "valueString" : "http://loinc.org/vs/LL360-9"
      }],
      "url" : "http://hl7.org/fhir/tools/StructureDefinition/ig-parameter"
    },
    {
      "extension" : [{
        "url" : "code",
        "valueString" : "autoload-resources"
      },
      {
        "url" : "value",
        "valueString" : "true"
      }],
      "url" : "http://hl7.org/fhir/tools/StructureDefinition/ig-parameter"
    },
    {
      "extension" : [{
        "url" : "code",
        "valueString" : "path-liquid"
      },
      {
        "url" : "value",
        "valueString" : "template/liquid"
      }],
      "url" : "http://hl7.org/fhir/tools/StructureDefinition/ig-parameter"
    },
    {
      "extension" : [{
        "url" : "code",
        "valueString" : "path-liquid"
      },
      {
        "url" : "value",
        "valueString" : "input/liquid"
      }],
      "url" : "http://hl7.org/fhir/tools/StructureDefinition/ig-parameter"
    },
    {
      "extension" : [{
        "url" : "code",
        "valueString" : "path-qa"
      },
      {
        "url" : "value",
        "valueString" : "temp/qa"
      }],
      "url" : "http://hl7.org/fhir/tools/StructureDefinition/ig-parameter"
    },
    {
      "extension" : [{
        "url" : "code",
        "valueString" : "path-temp"
      },
      {
        "url" : "value",
        "valueString" : "temp/pages"
      }],
      "url" : "http://hl7.org/fhir/tools/StructureDefinition/ig-parameter"
    },
    {
      "extension" : [{
        "url" : "code",
        "valueString" : "path-output"
      },
      {
        "url" : "value",
        "valueString" : "output"
      }],
      "url" : "http://hl7.org/fhir/tools/StructureDefinition/ig-parameter"
    },
    {
      "extension" : [{
        "url" : "code",
        "valueString" : "path-suppressed-warnings"
      },
      {
        "url" : "value",
        "valueString" : "input/ignoreWarnings.txt"
      }],
      "url" : "http://hl7.org/fhir/tools/StructureDefinition/ig-parameter"
    },
    {
      "extension" : [{
        "url" : "code",
        "valueString" : "path-history"
      },
      {
        "url" : "value",
        "valueString" : "http://fhir.nmdp.org/ig/matchsync/history.html"
      }],
      "url" : "http://hl7.org/fhir/tools/StructureDefinition/ig-parameter"
    },
    {
      "extension" : [{
        "url" : "code",
        "valueString" : "template-html"
      },
      {
        "url" : "value",
        "valueString" : "template-page.html"
      }],
      "url" : "http://hl7.org/fhir/tools/StructureDefinition/ig-parameter"
    },
    {
      "extension" : [{
        "url" : "code",
        "valueString" : "template-md"
      },
      {
        "url" : "value",
        "valueString" : "template-page-md.html"
      }],
      "url" : "http://hl7.org/fhir/tools/StructureDefinition/ig-parameter"
    },
    {
      "extension" : [{
        "url" : "code",
        "valueString" : "apply-contact"
      },
      {
        "url" : "value",
        "valueString" : "true"
      }],
      "url" : "http://hl7.org/fhir/tools/StructureDefinition/ig-parameter"
    },
    {
      "extension" : [{
        "url" : "code",
        "valueString" : "apply-context"
      },
      {
        "url" : "value",
        "valueString" : "true"
      }],
      "url" : "http://hl7.org/fhir/tools/StructureDefinition/ig-parameter"
    },
    {
      "extension" : [{
        "url" : "code",
        "valueString" : "apply-copyright"
      },
      {
        "url" : "value",
        "valueString" : "true"
      }],
      "url" : "http://hl7.org/fhir/tools/StructureDefinition/ig-parameter"
    },
    {
      "extension" : [{
        "url" : "code",
        "valueString" : "apply-jurisdiction"
      },
      {
        "url" : "value",
        "valueString" : "true"
      }],
      "url" : "http://hl7.org/fhir/tools/StructureDefinition/ig-parameter"
    },
    {
      "extension" : [{
        "url" : "code",
        "valueString" : "apply-license"
      },
      {
        "url" : "value",
        "valueString" : "true"
      }],
      "url" : "http://hl7.org/fhir/tools/StructureDefinition/ig-parameter"
    },
    {
      "extension" : [{
        "url" : "code",
        "valueString" : "apply-publisher"
      },
      {
        "url" : "value",
        "valueString" : "true"
      }],
      "url" : "http://hl7.org/fhir/tools/StructureDefinition/ig-parameter"
    },
    {
      "extension" : [{
        "url" : "code",
        "valueString" : "apply-version"
      },
      {
        "url" : "value",
        "valueString" : "true"
      }],
      "url" : "http://hl7.org/fhir/tools/StructureDefinition/ig-parameter"
    },
    {
      "extension" : [{
        "url" : "code",
        "valueString" : "apply-wg"
      },
      {
        "url" : "value",
        "valueString" : "true"
      }],
      "url" : "http://hl7.org/fhir/tools/StructureDefinition/ig-parameter"
    },
    {
      "extension" : [{
        "url" : "code",
        "valueString" : "active-tables"
      },
      {
        "url" : "value",
        "valueString" : "true"
      }],
      "url" : "http://hl7.org/fhir/tools/StructureDefinition/ig-parameter"
    },
    {
      "extension" : [{
        "url" : "code",
        "valueString" : "fmm-definition"
      },
      {
        "url" : "value",
        "valueString" : "http://hl7.org/fhir/versions.html#maturity"
      }],
      "url" : "http://hl7.org/fhir/tools/StructureDefinition/ig-parameter"
    },
    {
      "extension" : [{
        "url" : "code",
        "valueString" : "propagate-status"
      },
      {
        "url" : "value",
        "valueString" : "true"
      }],
      "url" : "http://hl7.org/fhir/tools/StructureDefinition/ig-parameter"
    },
    {
      "extension" : [{
        "url" : "code",
        "valueString" : "excludelogbinaryformat"
      },
      {
        "url" : "value",
        "valueString" : "true"
      }],
      "url" : "http://hl7.org/fhir/tools/StructureDefinition/ig-parameter"
    },
    {
      "extension" : [{
        "url" : "code",
        "valueString" : "tabbed-snapshots"
      },
      {
        "url" : "value",
        "valueString" : "true"
      }],
      "url" : "http://hl7.org/fhir/tools/StructureDefinition/ig-parameter"
    },
    {
      "url" : "http://hl7.org/fhir/tools/StructureDefinition/ig-internal-dependency",
      "valueCode" : "hl7.fhir.uv.tools#0.1.0"
    },
    {
      "extension" : [{
        "url" : "code",
        "valueCode" : "copyrightyear"
      },
      {
        "url" : "value",
        "valueString" : "2022+"
      }],
      "url" : "http://hl7.org/fhir/tools/StructureDefinition/ig-parameter"
    },
    {
      "extension" : [{
        "url" : "code",
        "valueCode" : "releaselabel"
      },
      {
        "url" : "value",
        "valueString" : "ci-build"
      }],
      "url" : "http://hl7.org/fhir/tools/StructureDefinition/ig-parameter"
    },
    {
      "extension" : [{
        "url" : "code",
        "valueCode" : "special-url"
      },
      {
        "url" : "value",
        "valueString" : "http://terminology.nmdp.org/codesystem/disease"
      }],
      "url" : "http://hl7.org/fhir/tools/StructureDefinition/ig-parameter"
    },
    {
      "extension" : [{
        "url" : "code",
        "valueCode" : "special-url"
      },
      {
        "url" : "value",
        "valueString" : "http://terminology.nmdp.org/codesystem/diseasestage"
      }],
      "url" : "http://hl7.org/fhir/tools/StructureDefinition/ig-parameter"
    },
    {
      "extension" : [{
        "url" : "code",
        "valueCode" : "special-url"
      },
      {
        "url" : "value",
        "valueString" : "http://terminology.nmdp.org/codesystem/abogroup"
      }],
      "url" : "http://hl7.org/fhir/tools/StructureDefinition/ig-parameter"
    },
    {
      "extension" : [{
        "url" : "code",
        "valueCode" : "special-url"
      },
      {
        "url" : "value",
        "valueString" : "http://terminology.nmdp.org/codesystem/rhstatus"
      }],
      "url" : "http://hl7.org/fhir/tools/StructureDefinition/ig-parameter"
    },
    {
      "extension" : [{
        "url" : "code",
        "valueCode" : "special-url"
      },
      {
        "url" : "value",
        "valueString" : "http://terminology.nmdp.org/codesystem/race"
      }],
      "url" : "http://hl7.org/fhir/tools/StructureDefinition/ig-parameter"
    },
    {
      "extension" : [{
        "url" : "code",
        "valueCode" : "special-url"
      },
      {
        "url" : "value",
        "valueString" : "http://terminology.nmdp.org/codesystem/ethnicity"
      }],
      "url" : "http://hl7.org/fhir/tools/StructureDefinition/ig-parameter"
    },
    {
      "extension" : [{
        "url" : "code",
        "valueCode" : "special-url"
      },
      {
        "url" : "value",
        "valueString" : "http://terminology.nmdp.org/codesystem/language"
      }],
      "url" : "http://hl7.org/fhir/tools/StructureDefinition/ig-parameter"
    },
    {
      "extension" : [{
        "url" : "code",
        "valueCode" : "special-url"
      },
      {
        "url" : "value",
        "valueString" : "http://terminology.nmdp.org/codesystem/preferredproduct"
      }],
      "url" : "http://hl7.org/fhir/tools/StructureDefinition/ig-parameter"
    },
    {
      "extension" : [{
        "url" : "code",
        "valueCode" : "special-url"
      },
      {
        "url" : "value",
        "valueString" : "http://terminology.nmdp.org/codesystem/transplanttimeline"
      }],
      "url" : "http://hl7.org/fhir/tools/StructureDefinition/ig-parameter"
    },
    {
      "extension" : [{
        "url" : "code",
        "valueCode" : "special-url"
      },
      {
        "url" : "value",
        "valueString" : "http://terminology.nmdp.org/codesystem/practitionerrole"
      }],
      "url" : "http://hl7.org/fhir/tools/StructureDefinition/ig-parameter"
    },
    {
      "extension" : [{
        "url" : "code",
        "valueCode" : "special-url"
      },
      {
        "url" : "value",
        "valueString" : "http://www.glstring.org"
      }],
      "url" : "http://hl7.org/fhir/tools/StructureDefinition/ig-parameter"
    },
    {
      "extension" : [{
        "url" : "code",
        "valueCode" : "special-url"
      },
      {
        "url" : "value",
        "valueString" : "http://www.genenames.org/geneId"
      }],
      "url" : "http://hl7.org/fhir/tools/StructureDefinition/ig-parameter"
    },
    {
      "extension" : [{
        "url" : "code",
        "valueCode" : "special-url"
      },
      {
        "url" : "value",
        "valueString" : "http://loinc.org/vs/LL2419-1"
      }],
      "url" : "http://hl7.org/fhir/tools/StructureDefinition/ig-parameter"
    },
    {
      "extension" : [{
        "url" : "code",
        "valueCode" : "special-url"
      },
      {
        "url" : "value",
        "valueString" : "http://loinc.org/vs/LL360-9"
      }],
      "url" : "http://hl7.org/fhir/tools/StructureDefinition/ig-parameter"
    },
    {
      "extension" : [{
        "url" : "code",
        "valueCode" : "autoload-resources"
      },
      {
        "url" : "value",
        "valueString" : "true"
      }],
      "url" : "http://hl7.org/fhir/tools/StructureDefinition/ig-parameter"
    },
    {
      "extension" : [{
        "url" : "code",
        "valueCode" : "path-liquid"
      },
      {
        "url" : "value",
        "valueString" : "template/liquid"
      }],
      "url" : "http://hl7.org/fhir/tools/StructureDefinition/ig-parameter"
    },
    {
      "extension" : [{
        "url" : "code",
        "valueCode" : "path-liquid"
      },
      {
        "url" : "value",
        "valueString" : "input/liquid"
      }],
      "url" : "http://hl7.org/fhir/tools/StructureDefinition/ig-parameter"
    },
    {
      "extension" : [{
        "url" : "code",
        "valueCode" : "path-qa"
      },
      {
        "url" : "value",
        "valueString" : "temp/qa"
      }],
      "url" : "http://hl7.org/fhir/tools/StructureDefinition/ig-parameter"
    },
    {
      "extension" : [{
        "url" : "code",
        "valueCode" : "path-temp"
      },
      {
        "url" : "value",
        "valueString" : "temp/pages"
      }],
      "url" : "http://hl7.org/fhir/tools/StructureDefinition/ig-parameter"
    },
    {
      "extension" : [{
        "url" : "code",
        "valueCode" : "path-output"
      },
      {
        "url" : "value",
        "valueString" : "output"
      }],
      "url" : "http://hl7.org/fhir/tools/StructureDefinition/ig-parameter"
    },
    {
      "extension" : [{
        "url" : "code",
        "valueCode" : "path-suppressed-warnings"
      },
      {
        "url" : "value",
        "valueString" : "input/ignoreWarnings.txt"
      }],
      "url" : "http://hl7.org/fhir/tools/StructureDefinition/ig-parameter"
    },
    {
      "extension" : [{
        "url" : "code",
        "valueCode" : "path-history"
      },
      {
        "url" : "value",
        "valueString" : "http://fhir.nmdp.org/ig/matchsync/history.html"
      }],
      "url" : "http://hl7.org/fhir/tools/StructureDefinition/ig-parameter"
    },
    {
      "extension" : [{
        "url" : "code",
        "valueCode" : "template-html"
      },
      {
        "url" : "value",
        "valueString" : "template-page.html"
      }],
      "url" : "http://hl7.org/fhir/tools/StructureDefinition/ig-parameter"
    },
    {
      "extension" : [{
        "url" : "code",
        "valueCode" : "template-md"
      },
      {
        "url" : "value",
        "valueString" : "template-page-md.html"
      }],
      "url" : "http://hl7.org/fhir/tools/StructureDefinition/ig-parameter"
    },
    {
      "extension" : [{
        "url" : "code",
        "valueCode" : "apply-contact"
      },
      {
        "url" : "value",
        "valueString" : "true"
      }],
      "url" : "http://hl7.org/fhir/tools/StructureDefinition/ig-parameter"
    },
    {
      "extension" : [{
        "url" : "code",
        "valueCode" : "apply-context"
      },
      {
        "url" : "value",
        "valueString" : "true"
      }],
      "url" : "http://hl7.org/fhir/tools/StructureDefinition/ig-parameter"
    },
    {
      "extension" : [{
        "url" : "code",
        "valueCode" : "apply-copyright"
      },
      {
        "url" : "value",
        "valueString" : "true"
      }],
      "url" : "http://hl7.org/fhir/tools/StructureDefinition/ig-parameter"
    },
    {
      "extension" : [{
        "url" : "code",
        "valueCode" : "apply-jurisdiction"
      },
      {
        "url" : "value",
        "valueString" : "true"
      }],
      "url" : "http://hl7.org/fhir/tools/StructureDefinition/ig-parameter"
    },
    {
      "extension" : [{
        "url" : "code",
        "valueCode" : "apply-license"
      },
      {
        "url" : "value",
        "valueString" : "true"
      }],
      "url" : "http://hl7.org/fhir/tools/StructureDefinition/ig-parameter"
    },
    {
      "extension" : [{
        "url" : "code",
        "valueCode" : "apply-publisher"
      },
      {
        "url" : "value",
        "valueString" : "true"
      }],
      "url" : "http://hl7.org/fhir/tools/StructureDefinition/ig-parameter"
    },
    {
      "extension" : [{
        "url" : "code",
        "valueCode" : "apply-version"
      },
      {
        "url" : "value",
        "valueString" : "true"
      }],
      "url" : "http://hl7.org/fhir/tools/StructureDefinition/ig-parameter"
    },
    {
      "extension" : [{
        "url" : "code",
        "valueCode" : "apply-wg"
      },
      {
        "url" : "value",
        "valueString" : "true"
      }],
      "url" : "http://hl7.org/fhir/tools/StructureDefinition/ig-parameter"
    },
    {
      "extension" : [{
        "url" : "code",
        "valueCode" : "active-tables"
      },
      {
        "url" : "value",
        "valueString" : "true"
      }],
      "url" : "http://hl7.org/fhir/tools/StructureDefinition/ig-parameter"
    },
    {
      "extension" : [{
        "url" : "code",
        "valueCode" : "fmm-definition"
      },
      {
        "url" : "value",
        "valueString" : "http://hl7.org/fhir/versions.html#maturity"
      }],
      "url" : "http://hl7.org/fhir/tools/StructureDefinition/ig-parameter"
    },
    {
      "extension" : [{
        "url" : "code",
        "valueCode" : "propagate-status"
      },
      {
        "url" : "value",
        "valueString" : "true"
      }],
      "url" : "http://hl7.org/fhir/tools/StructureDefinition/ig-parameter"
    },
    {
      "extension" : [{
        "url" : "code",
        "valueCode" : "excludelogbinaryformat"
      },
      {
        "url" : "value",
        "valueString" : "true"
      }],
      "url" : "http://hl7.org/fhir/tools/StructureDefinition/ig-parameter"
    },
    {
      "extension" : [{
        "url" : "code",
        "valueCode" : "tabbed-snapshots"
      },
      {
        "url" : "value",
        "valueString" : "true"
      }],
      "url" : "http://hl7.org/fhir/tools/StructureDefinition/ig-parameter"
    }],
    "resource" : [{
      "extension" : [{
        "url" : "http://hl7.org/fhir/tools/StructureDefinition/resource-information",
        "valueString" : "Practitioner"
      }],
      "reference" : {
        "reference" : "Practitioner/26b2e265-9a7a-4e5e-b99d-bb301e8a3bfa"
      },
      "name" : "26b2e265-9a7a-4e5e-b99d-bb301e8a3bfa",
      "description" : "Example of a physician practitioner.",
      "exampleCanonical" : "http://fhir.nmdp.org/ig/matchsync/StructureDefinition/nmdp-practitioner"
    },
    {
      "extension" : [{
        "url" : "http://hl7.org/fhir/tools/StructureDefinition/resource-information",
        "valueString" : "Patient"
      }],
      "reference" : {
        "reference" : "Patient/3f7d88b1-3e39-4f52-bb9c-5d680b7166b3"
      },
      "name" : "3f7d88b1-3e39-4f52-bb9c-5d680b7166b3",
      "description" : "Example of a patient needing a donor using us-core-race and us-core-ethnicity codes.",
      "exampleCanonical" : "http://fhir.nmdp.org/ig/matchsync/StructureDefinition/mspatient"
    },
    {
      "extension" : [{
        "url" : "http://hl7.org/fhir/tools/StructureDefinition/resource-information",
        "valueString" : "PractitionerRole"
      }],
      "reference" : {
        "reference" : "PractitionerRole/8fd0ef20-d146-4fff-b2a8-1d607adf9802"
      },
      "name" : "8fd0ef20-d146-4fff-b2a8-1d607adf9802",
      "description" : "Example of Transplant Center Physician Role",
      "exampleCanonical" : "http://fhir.nmdp.org/ig/matchsync/StructureDefinition/nmdp-practitioner-role"
    },
    {
      "extension" : [{
        "url" : "http://hl7.org/fhir/tools/StructureDefinition/resource-information",
        "valueString" : "Condition"
      }],
      "reference" : {
        "reference" : "Condition/a9e56f2a-0827-4efd-a773-ed48c6e2752c"
      },
      "name" : "a9e56f2a-0827-4efd-a773-ed48c6e2752c",
      "description" : "Example of a Diagnois: AML",
      "exampleCanonical" : "http://fhir.nmdp.org/ig/matchsync/StructureDefinition/msdiagnosis"
    },
    {
      "extension" : [{
        "url" : "http://hl7.org/fhir/tools/StructureDefinition/resource-information",
        "valueString" : "PractitionerRole"
      }],
      "reference" : {
        "reference" : "PractitionerRole/ad78058a-c0fe-4ea0-bc86-d2f3770a1944"
      },
      "name" : "ad78058a-c0fe-4ea0-bc86-d2f3770a1944",
      "description" : "Example of Transplant Center Search Coordinotor Role",
      "exampleCanonical" : "http://fhir.nmdp.org/ig/matchsync/StructureDefinition/nmdp-practitioner-role"
    },
    {
      "extension" : [{
        "url" : "http://hl7.org/fhir/tools/StructureDefinition/resource-information",
        "valueString" : "PractitionerRole"
      }],
      "reference" : {
        "reference" : "PractitionerRole/f1942bac-b8b3-45a1-b1d0-6928326d03ce"
      },
      "name" : "f1942bac-b8b3-45a1-b1d0-6928326d03ce",
      "description" : "Example of Referring Physician Role",
      "exampleCanonical" : "http://fhir.nmdp.org/ig/matchsync/StructureDefinition/nmdp-practitioner-role"
    },
    {
      "extension" : [{
        "url" : "http://hl7.org/fhir/tools/StructureDefinition/resource-information",
        "valueString" : "Practitioner"
      }],
      "reference" : {
        "reference" : "Practitioner/fe6acf5d-ed53-4758-8d38-10d915c984af"
      },
      "name" : "fe6acf5d-ed53-4758-8d38-10d915c984af",
      "description" : "Example of a search coordinator practitioner.",
      "exampleCanonical" : "http://fhir.nmdp.org/ig/matchsync/StructureDefinition/nmdp-practitioner"
    },
    {
      "extension" : [{
        "url" : "http://hl7.org/fhir/tools/StructureDefinition/resource-information",
        "valueString" : "CodeSystem"
      }],
      "reference" : {
        "reference" : "CodeSystem/glstring-codesystem"
      },
      "name" : "Genotype List String Code CodeSystem",
      "description" : "Genotype List String Codesystem used for HLA reporting",
      "exampleBoolean" : false
    },
    {
      "extension" : [{
        "url" : "http://hl7.org/fhir/tools/StructureDefinition/resource-information",
        "valueString" : "ValueSet"
      }],
      "reference" : {
        "reference" : "ValueSet/icd10-gvhd-codes"
      },
      "name" : "GVHD ICD-10 Codes",
      "description" : "GVHD ICD-10 Codes",
      "exampleBoolean" : false
    },
    {
      "extension" : [{
        "url" : "http://hl7.org/fhir/tools/StructureDefinition/resource-information",
        "valueString" : "ValueSet"
      }],
      "reference" : {
        "reference" : "ValueSet/hla-geneid-valueset"
      },
      "name" : "HLA Gene Name Value Set",
      "description" : "HLA HGNC GeneIds Valueset",
      "exampleBoolean" : false
    },
    {
      "extension" : [{
        "url" : "http://hl7.org/fhir/tools/StructureDefinition/resource-information",
        "valueString" : "StructureDefinition:resource"
      }],
      "reference" : {
        "reference" : "StructureDefinition/hla-genotype"
      },
      "name" : "HLA Genotype Observation",
      "description" : "HLA Genotype profile of genotype observation",
      "exampleBoolean" : false
    },
    {
      "extension" : [{
        "url" : "http://hl7.org/fhir/tools/StructureDefinition/resource-information",
        "valueString" : "CodeSystem"
      }],
      "reference" : {
        "reference" : "CodeSystem/hla-genename-codesystem"
      },
      "name" : "HLA HGNC GeneID CodeSystem",
      "description" : "CodeSystem of HLA gene group subset of HGNC GeneId Codesystem",
      "exampleBoolean" : false
    },
    {
      "extension" : [{
        "url" : "http://hl7.org/fhir/tools/StructureDefinition/resource-information",
        "valueString" : "Observation"
      }],
      "reference" : {
        "reference" : "Observation/HLA-A-Example"
      },
      "name" : "HLA-A-Example",
      "description" : "Example of HLA-A",
      "exampleCanonical" : "http://fhir.nmdp.org/ig/matchsync/StructureDefinition/hla-a"
    },
    {
      "extension" : [{
        "url" : "http://hl7.org/fhir/tools/StructureDefinition/resource-information",
        "valueString" : "Observation"
      }],
      "reference" : {
        "reference" : "Observation/HLA-B-Example"
      },
      "name" : "HLA-B-Example",
      "description" : "Example of HLA-B",
      "exampleCanonical" : "http://fhir.nmdp.org/ig/matchsync/StructureDefinition/hla-b"
    },
    {
      "extension" : [{
        "url" : "http://hl7.org/fhir/tools/StructureDefinition/resource-information",
        "valueString" : "Observation"
      }],
      "reference" : {
        "reference" : "Observation/HLA-C-Example"
      },
      "name" : "HLA-C-Example",
      "description" : "Example of HLA-C",
      "exampleCanonical" : "http://fhir.nmdp.org/ig/matchsync/StructureDefinition/hla-c"
    },
    {
      "extension" : [{
        "url" : "http://hl7.org/fhir/tools/StructureDefinition/resource-information",
        "valueString" : "Observation"
      }],
      "reference" : {
        "reference" : "Observation/HLA-DPA1-Example"
      },
      "name" : "HLA-DPA1-Example",
      "description" : "Example of HLA-DPA1",
      "exampleCanonical" : "http://fhir.nmdp.org/ig/matchsync/StructureDefinition/hla-dpa1"
    },
    {
      "extension" : [{
        "url" : "http://hl7.org/fhir/tools/StructureDefinition/resource-information",
        "valueString" : "Observation"
      }],
      "reference" : {
        "reference" : "Observation/HLA-DPB1-Example"
      },
      "name" : "HLA-DPB1-Example",
      "description" : "Example of HLA-DPB1",
      "exampleCanonical" : "http://fhir.nmdp.org/ig/matchsync/StructureDefinition/hla-dpb1"
    },
    {
      "extension" : [{
        "url" : "http://hl7.org/fhir/tools/StructureDefinition/resource-information",
        "valueString" : "Observation"
      }],
      "reference" : {
        "reference" : "Observation/HLA-DQA1-Example"
      },
      "name" : "HLA-DQA1-Example",
      "description" : "Example of HLA-DQA1",
      "exampleCanonical" : "http://fhir.nmdp.org/ig/matchsync/StructureDefinition/hla-dqa1"
    },
    {
      "extension" : [{
        "url" : "http://hl7.org/fhir/tools/StructureDefinition/resource-information",
        "valueString" : "Observation"
      }],
      "reference" : {
        "reference" : "Observation/HLA-DQB1-Example"
      },
      "name" : "HLA-DQB1-Example",
      "description" : "Example of HLA-DQB1",
      "exampleCanonical" : "http://fhir.nmdp.org/ig/matchsync/StructureDefinition/hla-dqb1"
    },
    {
      "extension" : [{
        "url" : "http://hl7.org/fhir/tools/StructureDefinition/resource-information",
        "valueString" : "Observation"
      }],
      "reference" : {
        "reference" : "Observation/HLA-DRB1-Example"
      },
      "name" : "HLA-DRB1-Example",
      "description" : "Example of HLA-DRB1",
      "exampleCanonical" : "http://fhir.nmdp.org/ig/matchsync/StructureDefinition/hla-drb1"
    },
    {
      "extension" : [{
        "url" : "http://hl7.org/fhir/tools/StructureDefinition/resource-information",
        "valueString" : "Observation"
      }],
      "reference" : {
        "reference" : "Observation/HLA-DRB3-Example"
      },
      "name" : "HLA-DRB3-Example",
      "description" : "Example of HLA-DRB3",
      "exampleCanonical" : "http://fhir.nmdp.org/ig/matchsync/StructureDefinition/hla-drb3"
    },
    {
      "extension" : [{
        "url" : "http://hl7.org/fhir/tools/StructureDefinition/resource-information",
        "valueString" : "Observation"
      }],
      "reference" : {
        "reference" : "Observation/HLA-DRB4-Example"
      },
      "name" : "HLA-DRB4-Example",
      "description" : "Example of HLA-DRB4",
      "exampleCanonical" : "http://fhir.nmdp.org/ig/matchsync/StructureDefinition/hla-drb4"
    },
    {
      "extension" : [{
        "url" : "http://hl7.org/fhir/tools/StructureDefinition/resource-information",
        "valueString" : "Observation"
      }],
      "reference" : {
        "reference" : "Observation/HLA-DRB5-Example"
      },
      "name" : "HLA-DRB5-Example",
      "description" : "Example of HLA-DRB5",
      "exampleCanonical" : "http://fhir.nmdp.org/ig/matchsync/StructureDefinition/hla-drb5"
    },
    {
      "extension" : [{
        "url" : "http://hl7.org/fhir/tools/StructureDefinition/resource-information",
        "valueString" : "Observation"
      }],
      "reference" : {
        "reference" : "Observation/HLA-Multilocus-Genotype-Example"
      },
      "name" : "HLA-Multilocus-Genotype-Example",
      "description" : "Multilocus Genotype of HLA-A, HLA-B, HLA-DRB1, and HLA-DRB3",
      "exampleCanonical" : "http://fhir.nmdp.org/ig/matchsync/StructureDefinition/hla-genotype"
    },
    {
      "extension" : [{
        "url" : "http://hl7.org/fhir/tools/StructureDefinition/resource-information",
        "valueString" : "StructureDefinition:resource"
      }],
      "reference" : {
        "reference" : "StructureDefinition/hla-a"
      },
      "name" : "HLA_A",
      "description" : "Genotype for HLA-A",
      "exampleBoolean" : false
    },
    {
      "extension" : [{
        "url" : "http://hl7.org/fhir/tools/StructureDefinition/resource-information",
        "valueString" : "StructureDefinition:resource"
      }],
      "reference" : {
        "reference" : "StructureDefinition/hla-b"
      },
      "name" : "HLA_B",
      "description" : "Genotype for HLA-B",
      "exampleBoolean" : false
    },
    {
      "extension" : [{
        "url" : "http://hl7.org/fhir/tools/StructureDefinition/resource-information",
        "valueString" : "StructureDefinition:resource"
      }],
      "reference" : {
        "reference" : "StructureDefinition/hla-c"
      },
      "name" : "HLA_C",
      "description" : "Genotype for HLA-C",
      "exampleBoolean" : false
    },
    {
      "extension" : [{
        "url" : "http://hl7.org/fhir/tools/StructureDefinition/resource-information",
        "valueString" : "StructureDefinition:resource"
      }],
      "reference" : {
        "reference" : "StructureDefinition/hla-dpa1"
      },
      "name" : "HLA_DPA1",
      "description" : "Genotype for HLA-DPA1",
      "exampleBoolean" : false
    },
    {
      "extension" : [{
        "url" : "http://hl7.org/fhir/tools/StructureDefinition/resource-information",
        "valueString" : "StructureDefinition:resource"
      }],
      "reference" : {
        "reference" : "StructureDefinition/hla-dpb1"
      },
      "name" : "HLA_DPB1",
      "description" : "Genotype for HLA-DPB1",
      "exampleBoolean" : false
    },
    {
      "extension" : [{
        "url" : "http://hl7.org/fhir/tools/StructureDefinition/resource-information",
        "valueString" : "StructureDefinition:resource"
      }],
      "reference" : {
        "reference" : "StructureDefinition/hla-dqa1"
      },
      "name" : "HLA_DQA1",
      "description" : "Genotype for HLA-DQA1",
      "exampleBoolean" : false
    },
    {
      "extension" : [{
        "url" : "http://hl7.org/fhir/tools/StructureDefinition/resource-information",
        "valueString" : "StructureDefinition:resource"
      }],
      "reference" : {
        "reference" : "StructureDefinition/hla-dqb1"
      },
      "name" : "HLA_DQB1",
      "description" : "Genotype for HLA-DQB1",
      "exampleBoolean" : false
    },
    {
      "extension" : [{
        "url" : "http://hl7.org/fhir/tools/StructureDefinition/resource-information",
        "valueString" : "StructureDefinition:resource"
      }],
      "reference" : {
        "reference" : "StructureDefinition/hla-drb1"
      },
      "name" : "HLA_DRB1",
      "description" : "Genotype for HLA-DRB1",
      "exampleBoolean" : false
    },
    {
      "extension" : [{
        "url" : "http://hl7.org/fhir/tools/StructureDefinition/resource-information",
        "valueString" : "StructureDefinition:resource"
      }],
      "reference" : {
        "reference" : "StructureDefinition/hla-drb3"
      },
      "name" : "HLA_DRB3",
      "description" : "Genotype for HLA-DRB3",
      "exampleBoolean" : false
    },
    {
      "extension" : [{
        "url" : "http://hl7.org/fhir/tools/StructureDefinition/resource-information",
        "valueString" : "StructureDefinition:resource"
      }],
      "reference" : {
        "reference" : "StructureDefinition/hla-drb4"
      },
      "name" : "HLA_DRB4",
      "description" : "Genotype for HLA-DRB4",
      "exampleBoolean" : false
    },
    {
      "extension" : [{
        "url" : "http://hl7.org/fhir/tools/StructureDefinition/resource-information",
        "valueString" : "StructureDefinition:resource"
      }],
      "reference" : {
        "reference" : "StructureDefinition/hla-drb5"
      },
      "name" : "HLA_DRB5",
      "description" : "Genotype for HLA-DRB5",
      "exampleBoolean" : false
    },
    {
      "extension" : [{
        "url" : "http://hl7.org/fhir/tools/StructureDefinition/resource-information",
        "valueString" : "ValueSet"
      }],
      "reference" : {
        "reference" : "ValueSet/loinc-abo-codes"
      },
      "name" : "LOINC ABO group Value Set",
      "description" : "LOINC codes for ABO blood group",
      "exampleBoolean" : false
    },
    {
      "extension" : [{
        "url" : "http://hl7.org/fhir/tools/StructureDefinition/resource-information",
        "valueString" : "ValueSet"
      }],
      "reference" : {
        "reference" : "ValueSet/loinc-abo-rh-codes"
      },
      "name" : "LOINC ABO RH group Value Set",
      "description" : "LOINC codes for ABO RH blood group",
      "exampleBoolean" : false
    },
    {
      "extension" : [{
        "url" : "http://hl7.org/fhir/tools/StructureDefinition/resource-information",
        "valueString" : "ValueSet"
      }],
      "reference" : {
        "reference" : "ValueSet/loinc-cmv-codes"
      },
      "name" : "LOINC CMV group Value Set",
      "description" : "LOINC codes for CMV",
      "exampleBoolean" : false
    },
    {
      "extension" : [{
        "url" : "http://hl7.org/fhir/tools/StructureDefinition/resource-information",
        "valueString" : "ValueSet"
      }],
      "reference" : {
        "reference" : "ValueSet/loinc-posneg-codes"
      },
      "name" : "LOINC Pos|Neg Value Set",
      "description" : "LOINC codes for Positive and Negative",
      "exampleBoolean" : false
    },
    {
      "extension" : [{
        "url" : "http://hl7.org/fhir/tools/StructureDefinition/resource-information",
        "valueString" : "ValueSet"
      }],
      "reference" : {
        "reference" : "ValueSet/ms-abo-group-codes"
      },
      "name" : "MatchSync ABO Group Value Set",
      "description" : "MatchSync ABO group codes. Combines LOINC, Snomed, and NMDP codes",
      "exampleBoolean" : false
    },
    {
      "extension" : [{
        "url" : "http://hl7.org/fhir/tools/StructureDefinition/resource-information",
        "valueString" : "StructureDefinition:resource"
      }],
      "reference" : {
        "reference" : "StructureDefinition/ms-bundle"
      },
      "name" : "MatchSync Bundle",
      "description" : "Collection Bundle for MatchSync",
      "exampleBoolean" : false
    },
    {
      "extension" : [{
        "url" : "http://hl7.org/fhir/tools/StructureDefinition/resource-information",
        "valueString" : "Bundle"
      }],
      "reference" : {
        "reference" : "Bundle/BundleExample-Practitioner"
      },
      "name" : "MatchSync Bundle Example - Practioners",
      "description" : "MatchSync Bundle Example with Patient, Search Coordinator, Referring Physician, and TC Physician",
      "exampleCanonical" : "http://fhir.nmdp.org/ig/matchsync/StructureDefinition/ms-bundle"
    },
    {
      "extension" : [{
        "url" : "http://hl7.org/fhir/tools/StructureDefinition/resource-information",
        "valueString" : "StructureDefinition:resource"
      }],
      "reference" : {
        "reference" : "StructureDefinition/ms-bundle-hla-separate"
      },
      "name" : "MatchSync Bundle with Separate HLA",
      "description" : "Collection Bundle for MatchSync with separate HLA Observations for each locus",
      "exampleBoolean" : false
    },
    {
      "extension" : [{
        "url" : "http://hl7.org/fhir/tools/StructureDefinition/resource-information",
        "valueString" : "StructureDefinition:resource"
      }],
      "reference" : {
        "reference" : "StructureDefinition/ms-bundle-hla-multilocus"
      },
      "name" : "MatchSync Bundle with single multilocus HLA",
      "description" : "Collection Bundle for MatchSync with single HLA multilocus Observation",
      "exampleBoolean" : false
    },
    {
      "extension" : [{
        "url" : "http://hl7.org/fhir/tools/StructureDefinition/resource-information",
        "valueString" : "ValueSet"
      }],
      "reference" : {
        "reference" : "ValueSet/ms-rh-codes"
      },
      "name" : "MatchSync Rh Value Sets",
      "description" : "MatchSync codes for blood Rh. Combines NMDP and LOINC code",
      "exampleBoolean" : false
    },
    {
      "extension" : [{
        "url" : "http://hl7.org/fhir/tools/StructureDefinition/resource-information",
        "valueString" : "StructureDefinition:resource"
      }],
      "reference" : {
        "reference" : "StructureDefinition/ms-abogroup-observation"
      },
      "name" : "MSABOGroupObservation",
      "description" : "ABO Blood Group of Patient",
      "exampleBoolean" : false
    },
    {
      "extension" : [{
        "url" : "http://hl7.org/fhir/tools/StructureDefinition/resource-information",
        "valueString" : "Observation"
      }],
      "reference" : {
        "reference" : "Observation/MSABOObsExample"
      },
      "name" : "MSABOObsExample",
      "description" : "Example of patient ABO",
      "exampleCanonical" : "http://fhir.nmdp.org/ig/matchsync/StructureDefinition/ms-abogroup-observation"
    },
    {
      "extension" : [{
        "url" : "http://hl7.org/fhir/tools/StructureDefinition/resource-information",
        "valueString" : "StructureDefinition:resource"
      }],
      "reference" : {
        "reference" : "StructureDefinition/ms-aborhgroup-observation"
      },
      "name" : "MSABORHObservation",
      "description" : "ABO and Rh group [Type] in Blood",
      "exampleBoolean" : false
    },
    {
      "extension" : [{
        "url" : "http://hl7.org/fhir/tools/StructureDefinition/resource-information",
        "valueString" : "Observation"
      }],
      "reference" : {
        "reference" : "Observation/MSABORHObsExample"
      },
      "name" : "MSABORHObsExample",
      "description" : "Example of patient ABO and RH",
      "exampleCanonical" : "http://fhir.nmdp.org/ig/matchsync/StructureDefinition/ms-aborhgroup-observation"
    },
    {
      "extension" : [{
        "url" : "http://hl7.org/fhir/tools/StructureDefinition/resource-information",
        "valueString" : "StructureDefinition:resource"
      }],
      "reference" : {
        "reference" : "StructureDefinition/ms-cmvgroup-observation"
      },
      "name" : "MSCmvObservation",
      "description" : "Cytomeglovirus found in patient",
      "exampleBoolean" : false
    },
    {
      "extension" : [{
        "url" : "http://hl7.org/fhir/tools/StructureDefinition/resource-information",
        "valueString" : "Condition"
      }],
      "reference" : {
        "reference" : "Condition/MSDiagnosisExample-AML"
      },
      "name" : "MSDiagnosisExample-AML",
      "description" : "Example of a Diagnois: AML",
      "exampleCanonical" : "http://fhir.nmdp.org/ig/matchsync/StructureDefinition/msdiagnosis"
    },
    {
      "extension" : [{
        "url" : "http://hl7.org/fhir/tools/StructureDefinition/resource-information",
        "valueString" : "Condition"
      }],
      "reference" : {
        "reference" : "Condition/MSDiagnosisExample-OND"
      },
      "name" : "MSDiagnosisExample-OND",
      "description" : "Example of a Diagnois",
      "exampleCanonical" : "http://fhir.nmdp.org/ig/matchsync/StructureDefinition/msdiagnosis"
    },
    {
      "extension" : [{
        "url" : "http://hl7.org/fhir/tools/StructureDefinition/resource-information",
        "valueString" : "StructureDefinition:resource"
      }],
      "reference" : {
        "reference" : "StructureDefinition/ms-height-observation"
      },
      "name" : "MSHeightObservation",
      "description" : "Height of Patient",
      "exampleBoolean" : false
    },
    {
      "extension" : [{
        "url" : "http://hl7.org/fhir/tools/StructureDefinition/resource-information",
        "valueString" : "Observation"
      }],
      "reference" : {
        "reference" : "Observation/MSHeightObsExample"
      },
      "name" : "MSHeightObsExample",
      "description" : "Example of patient height",
      "exampleCanonical" : "http://fhir.nmdp.org/ig/matchsync/StructureDefinition/ms-height-observation"
    },
    {
      "extension" : [{
        "url" : "http://hl7.org/fhir/tools/StructureDefinition/resource-information",
        "valueString" : "StructureDefinition:resource"
      }],
      "reference" : {
        "reference" : "StructureDefinition/mspatient"
      },
      "name" : "MSPatient",
      "description" : "Patient needing a transplant",
      "exampleBoolean" : false
    },
    {
      "extension" : [{
        "url" : "http://hl7.org/fhir/tools/StructureDefinition/resource-information",
        "valueString" : "Patient"
      }],
      "reference" : {
        "reference" : "Patient/MSPatientBirthSex"
      },
      "name" : "MSPatientBirthSex",
      "description" : "Example of a patient using BirthSex codes",
      "exampleCanonical" : "http://fhir.nmdp.org/ig/matchsync/StructureDefinition/mspatient"
    },
    {
      "extension" : [{
        "url" : "http://hl7.org/fhir/tools/StructureDefinition/resource-information",
        "valueString" : "Patient"
      }],
      "reference" : {
        "reference" : "Patient/MSPatientExample"
      },
      "name" : "MSPatientExample",
      "description" : "Example of a patient needing a donor using us-core-race and us-core-ethnicity codes.",
      "exampleCanonical" : "http://fhir.nmdp.org/ig/matchsync/StructureDefinition/mspatient"
    },
    {
      "extension" : [{
        "url" : "http://hl7.org/fhir/tools/StructureDefinition/resource-information",
        "valueString" : "Patient"
      }],
      "reference" : {
        "reference" : "Patient/MSPatientExample2"
      },
      "name" : "MSPatientExample2",
      "description" : "Example of a patient needing a donor using NMDP race code.",
      "exampleCanonical" : "http://fhir.nmdp.org/ig/matchsync/StructureDefinition/mspatient"
    },
    {
      "extension" : [{
        "url" : "http://hl7.org/fhir/tools/StructureDefinition/resource-information",
        "valueString" : "Patient"
      }],
      "reference" : {
        "reference" : "Patient/MSPatientExample3"
      },
      "name" : "MSPatientExample3",
      "description" : "Example of a patient without a race code",
      "exampleCanonical" : "http://fhir.nmdp.org/ig/matchsync/StructureDefinition/mspatient"
    },
    {
      "extension" : [{
        "url" : "http://hl7.org/fhir/tools/StructureDefinition/resource-information",
        "valueString" : "Patient"
      }],
      "reference" : {
        "reference" : "Patient/MSPatientExample4"
      },
      "name" : "MSPatientExample4",
      "description" : "Example of a patient needing a donor using us-core-race code but not us-core-ethnicity",
      "exampleCanonical" : "http://fhir.nmdp.org/ig/matchsync/StructureDefinition/mspatient"
    },
    {
      "extension" : [{
        "url" : "http://hl7.org/fhir/tools/StructureDefinition/resource-information",
        "valueString" : "Patient"
      }],
      "reference" : {
        "reference" : "Patient/MSPatientExample5"
      },
      "name" : "MSPatientExample5",
      "description" : "Example of a patient needing a donor using NMDP race code.",
      "exampleCanonical" : "http://fhir.nmdp.org/ig/matchsync/StructureDefinition/mspatient"
    },
    {
      "extension" : [{
        "url" : "http://hl7.org/fhir/tools/StructureDefinition/resource-information",
        "valueString" : "Patient"
      }],
      "reference" : {
        "reference" : "Patient/MSPatientGenderIdentity"
      },
      "name" : "MSPatientGenderIdentity",
      "description" : "Example of a patient using Gender Identity codes",
      "exampleCanonical" : "http://fhir.nmdp.org/ig/matchsync/StructureDefinition/mspatient"
    },
    {
      "extension" : [{
        "url" : "http://hl7.org/fhir/tools/StructureDefinition/resource-information",
        "valueString" : "StructureDefinition:resource"
      }],
      "reference" : {
        "reference" : "StructureDefinition/ms-preferred-product-observation"
      },
      "name" : "MSPreferredProduct",
      "description" : "Preferred product for transplant",
      "exampleBoolean" : false
    },
    {
      "extension" : [{
        "url" : "http://hl7.org/fhir/tools/StructureDefinition/resource-information",
        "valueString" : "Observation"
      }],
      "reference" : {
        "reference" : "Observation/MSPreferredProductExample"
      },
      "name" : "MSPreferredProductExample",
      "description" : "Example of preferred product",
      "exampleCanonical" : "http://fhir.nmdp.org/ig/matchsync/StructureDefinition/ms-preferred-product-observation"
    },
    {
      "extension" : [{
        "url" : "http://hl7.org/fhir/tools/StructureDefinition/resource-information",
        "valueString" : "StructureDefinition:resource"
      }],
      "reference" : {
        "reference" : "StructureDefinition/msdiagnosis"
      },
      "name" : "MSPrimaryDiagnosis",
      "description" : "Diagnosis",
      "exampleBoolean" : false
    },
    {
      "extension" : [{
        "url" : "http://hl7.org/fhir/tools/StructureDefinition/resource-information",
        "valueString" : "Observation"
      }],
      "reference" : {
        "reference" : "Observation/MSRhObsExample"
      },
      "name" : "MSRhObsExample",
      "description" : "Example of patient Rh status",
      "exampleCanonical" : "http://fhir.nmdp.org/ig/matchsync/StructureDefinition/ms-rhstatus-observation"
    },
    {
      "extension" : [{
        "url" : "http://hl7.org/fhir/tools/StructureDefinition/resource-information",
        "valueString" : "StructureDefinition:resource"
      }],
      "reference" : {
        "reference" : "StructureDefinition/ms-rhstatus-observation"
      },
      "name" : "MSRhStatusObservation",
      "description" : "Rh status of Patient",
      "exampleBoolean" : false
    },
    {
      "extension" : [{
        "url" : "http://hl7.org/fhir/tools/StructureDefinition/resource-information",
        "valueString" : "StructureDefinition:resource"
      }],
      "reference" : {
        "reference" : "StructureDefinition/msspecimen"
      },
      "name" : "MSSpecimen",
      "description" : "Patient sample used for HLA typing",
      "exampleBoolean" : false
    },
    {
      "extension" : [{
        "url" : "http://hl7.org/fhir/tools/StructureDefinition/resource-information",
        "valueString" : "Specimen"
      }],
      "reference" : {
        "reference" : "Specimen/MSSpecimenExample"
      },
      "name" : "MSSpecimenExample",
      "description" : "Example patient specimen.",
      "exampleCanonical" : "http://fhir.nmdp.org/ig/matchsync/StructureDefinition/msspecimen"
    },
    {
      "extension" : [{
        "url" : "http://hl7.org/fhir/tools/StructureDefinition/resource-information",
        "valueString" : "StructureDefinition:resource"
      }],
      "reference" : {
        "reference" : "StructureDefinition/ms-transplant-timeline-observation"
      },
      "name" : "MSTransplantTimeline",
      "description" : "Transplant timeline for patient",
      "exampleBoolean" : false
    },
    {
      "extension" : [{
        "url" : "http://hl7.org/fhir/tools/StructureDefinition/resource-information",
        "valueString" : "Observation"
      }],
      "reference" : {
        "reference" : "Observation/MSTransplantTimelineExample"
      },
      "name" : "MSTransplantTimelineExample",
      "description" : "Example of transplant timeline",
      "exampleCanonical" : "http://fhir.nmdp.org/ig/matchsync/StructureDefinition/ms-transplant-timeline-observation"
    },
    {
      "extension" : [{
        "url" : "http://hl7.org/fhir/tools/StructureDefinition/resource-information",
        "valueString" : "StructureDefinition:resource"
      }],
      "reference" : {
        "reference" : "StructureDefinition/ms-weight-observation"
      },
      "name" : "MSWeightObservation",
      "description" : "Weight of Patient",
      "exampleBoolean" : false
    },
    {
      "extension" : [{
        "url" : "http://hl7.org/fhir/tools/StructureDefinition/resource-information",
        "valueString" : "Observation"
      }],
      "reference" : {
        "reference" : "Observation/MSWeightObsExample"
      },
      "name" : "MSWeightObsExample",
      "description" : "Example of patient weight",
      "exampleCanonical" : "http://fhir.nmdp.org/ig/matchsync/StructureDefinition/ms-weight-observation"
    },
    {
      "extension" : [{
        "url" : "http://hl7.org/fhir/tools/StructureDefinition/resource-information",
        "valueString" : "CodeSystem"
      }],
      "reference" : {
        "reference" : "CodeSystem/nmdp-abo-group-cs"
      },
      "name" : "NMDP Blood Group Code System",
      "description" : "Code System for NMDP ABO blood groups",
      "exampleBoolean" : false
    },
    {
      "extension" : [{
        "url" : "http://hl7.org/fhir/tools/StructureDefinition/resource-information",
        "valueString" : "ValueSet"
      }],
      "reference" : {
        "reference" : "ValueSet/nmdp-abo-codes"
      },
      "name" : "NMDP Blood Group Value Set",
      "description" : "NMDP blood group codes",
      "exampleBoolean" : false
    },
    {
      "extension" : [{
        "url" : "http://hl7.org/fhir/tools/StructureDefinition/resource-information",
        "valueString" : "ValueSet"
      }],
      "reference" : {
        "reference" : "ValueSet/nmdp-rh-status-codes"
      },
      "name" : "NMDP Codes for Rh status",
      "description" : "NMDP codes for Rh staus",
      "exampleBoolean" : false
    },
    {
      "extension" : [{
        "url" : "http://hl7.org/fhir/tools/StructureDefinition/resource-information",
        "valueString" : "CodeSystem"
      }],
      "reference" : {
        "reference" : "CodeSystem/nmdp-disease-cs"
      },
      "name" : "NMDP Disease Code System",
      "description" : "Code System for NMDP diseases",
      "exampleBoolean" : false
    },
    {
      "extension" : [{
        "url" : "http://hl7.org/fhir/tools/StructureDefinition/resource-information",
        "valueString" : "CodeSystem"
      }],
      "reference" : {
        "reference" : "CodeSystem/nmdp-diseasestage-cs"
      },
      "name" : "NMDP Disease Stage Code System",
      "description" : "Code System for NMDP disease stages",
      "exampleBoolean" : false
    },
    {
      "extension" : [{
        "url" : "http://hl7.org/fhir/tools/StructureDefinition/resource-information",
        "valueString" : "ValueSet"
      }],
      "reference" : {
        "reference" : "ValueSet/nmdp-diseasestage-codes"
      },
      "name" : "NMDP Disease Stage Value Set",
      "description" : "NMDP disease stage codes",
      "exampleBoolean" : false
    },
    {
      "extension" : [{
        "url" : "http://hl7.org/fhir/tools/StructureDefinition/resource-information",
        "valueString" : "ValueSet"
      }],
      "reference" : {
        "reference" : "ValueSet/nmdp-disease-codes"
      },
      "name" : "NMDP Disease Value Set",
      "description" : "NMDP disease codes",
      "exampleBoolean" : false
    },
    {
      "extension" : [{
        "url" : "http://hl7.org/fhir/tools/StructureDefinition/resource-information",
        "valueString" : "CodeSystem"
      }],
      "reference" : {
        "reference" : "CodeSystem/nmdp-ethnicity-cs"
      },
      "name" : "NMDP Ethnicity Code System",
      "description" : "Code System for NMDP ethnicity",
      "exampleBoolean" : false
    },
    {
      "extension" : [{
        "url" : "http://hl7.org/fhir/tools/StructureDefinition/resource-information",
        "valueString" : "ValueSet"
      }],
      "reference" : {
        "reference" : "ValueSet/nmdp-ethnicity-codes"
      },
      "name" : "NMDP Ethnicity Value Set",
      "description" : "NMDP ethnicity codes",
      "exampleBoolean" : false
    },
    {
      "extension" : [{
        "url" : "http://hl7.org/fhir/tools/StructureDefinition/resource-information",
        "valueString" : "CodeSystem"
      }],
      "reference" : {
        "reference" : "CodeSystem/nmdp-language-cs"
      },
      "name" : "NMDP Language Code System",
      "description" : "Code System for NMDP languages",
      "exampleBoolean" : false
    },
    {
      "extension" : [{
        "url" : "http://hl7.org/fhir/tools/StructureDefinition/resource-information",
        "valueString" : "ValueSet"
      }],
      "reference" : {
        "reference" : "ValueSet/nmdp-language-codes"
      },
      "name" : "NMDP Language Value Set",
      "description" : "NMDP language codes",
      "exampleBoolean" : false
    },
    {
      "extension" : [{
        "url" : "http://hl7.org/fhir/tools/StructureDefinition/resource-information",
        "valueString" : "ValueSet"
      }],
      "reference" : {
        "reference" : "ValueSet/nmdp-practitioner-role-vs"
      },
      "name" : "NMDP Practitioner Role Value Set",
      "description" : "NMDP Practitioner Role Value Set",
      "exampleBoolean" : false
    },
    {
      "extension" : [{
        "url" : "http://hl7.org/fhir/tools/StructureDefinition/resource-information",
        "valueString" : "CodeSystem"
      }],
      "reference" : {
        "reference" : "CodeSystem/nmdp-practitioner-role-cs"
      },
      "name" : "NMDP Practitioner Roles",
      "description" : "NMDP Practitioner Roles",
      "exampleBoolean" : false
    },
    {
      "extension" : [{
        "url" : "http://hl7.org/fhir/tools/StructureDefinition/resource-information",
        "valueString" : "CodeSystem"
      }],
      "reference" : {
        "reference" : "CodeSystem/nmdp-preferred-product-cs"
      },
      "name" : "NMDP Preferred Product for Transplant",
      "description" : "NMDP Preferred Product for MatchSync patient",
      "exampleBoolean" : false
    },
    {
      "extension" : [{
        "url" : "http://hl7.org/fhir/tools/StructureDefinition/resource-information",
        "valueString" : "ValueSet"
      }],
      "reference" : {
        "reference" : "ValueSet/nmdp-preferred-product-codes"
      },
      "name" : "NMDP Preferred Product Value Set",
      "description" : "NMDP preferred product codes",
      "exampleBoolean" : false
    },
    {
      "extension" : [{
        "url" : "http://hl7.org/fhir/tools/StructureDefinition/resource-information",
        "valueString" : "CodeSystem"
      }],
      "reference" : {
        "reference" : "CodeSystem/nmdp-race-cs"
      },
      "name" : "NMDP Race Code System",
      "description" : "Code System for NMDP diseases",
      "exampleBoolean" : false
    },
    {
      "extension" : [{
        "url" : "http://hl7.org/fhir/tools/StructureDefinition/resource-information",
        "valueString" : "ValueSet"
      }],
      "reference" : {
        "reference" : "ValueSet/nmdp-race-codes"
      },
      "name" : "NMDP Race Value Set",
      "description" : "NMDP race codes",
      "exampleBoolean" : false
    },
    {
      "extension" : [{
        "url" : "http://hl7.org/fhir/tools/StructureDefinition/resource-information",
        "valueString" : "CodeSystem"
      }],
      "reference" : {
        "reference" : "CodeSystem/nmdp-rh-status-cs"
      },
      "name" : "NMDP Rh Code System",
      "description" : "Code System for NMDP Rh Status",
      "exampleBoolean" : false
    },
    {
      "extension" : [{
        "url" : "http://hl7.org/fhir/tools/StructureDefinition/resource-information",
        "valueString" : "CodeSystem"
      }],
      "reference" : {
        "reference" : "CodeSystem/nmdp-transplant-timeline-cs"
      },
      "name" : "NMDP Transplant Timeline Code System",
      "description" : "Code System for NMDP transplant timeline",
      "exampleBoolean" : false
    },
    {
      "extension" : [{
        "url" : "http://hl7.org/fhir/tools/StructureDefinition/resource-information",
        "valueString" : "ValueSet"
      }],
      "reference" : {
        "reference" : "ValueSet/nmdp-transplant-timeline-codes"
      },
      "name" : "NMDP Transplant Timeline Value Set",
      "description" : "NMDP transplant timeline codes",
      "exampleBoolean" : false
    },
    {
      "extension" : [{
        "url" : "http://hl7.org/fhir/tools/StructureDefinition/resource-information",
        "valueString" : "StructureDefinition:resource"
      }],
      "reference" : {
        "reference" : "StructureDefinition/nmdp-practitioner"
      },
      "name" : "NMDPPractitioner",
      "description" : "NMDP Practitioner",
      "exampleBoolean" : false
    },
    {
      "extension" : [{
        "url" : "http://hl7.org/fhir/tools/StructureDefinition/resource-information",
        "valueString" : "StructureDefinition:resource"
      }],
      "reference" : {
        "reference" : "StructureDefinition/nmdp-practitioner-role"
      },
      "name" : "NMDPPractitionerRole",
      "description" : "NMDP Practitioner Role",
      "exampleBoolean" : false
    },
    {
      "extension" : [{
        "url" : "http://hl7.org/fhir/tools/StructureDefinition/resource-information",
        "valueString" : "StructureDefinition:extension"
      }],
      "reference" : {
        "reference" : "StructureDefinition/number-of-remissions"
      },
      "name" : "Number of Remissions of Primary Diagnosis",
      "description" : "Number of Remissions of Primary Diagnosis",
      "exampleBoolean" : false
    },
    {
      "extension" : [{
        "url" : "http://hl7.org/fhir/tools/StructureDefinition/resource-information",
        "valueString" : "Practitioner"
      }],
      "reference" : {
        "reference" : "Practitioner/PhysicianExample"
      },
      "name" : "PhysicianExample",
      "description" : "Example of a practitioner.",
      "exampleCanonical" : "http://fhir.nmdp.org/ig/matchsync/StructureDefinition/nmdp-practitioner"
    },
    {
      "extension" : [{
        "url" : "http://hl7.org/fhir/tools/StructureDefinition/resource-information",
        "valueString" : "PractitionerRole"
      }],
      "reference" : {
        "reference" : "PractitionerRole/ReferringPhysicianRoleExample"
      },
      "name" : "ReferringPhysicianRoleExample",
      "description" : "Example of Referring Physician Role",
      "exampleCanonical" : "http://fhir.nmdp.org/ig/matchsync/StructureDefinition/nmdp-practitioner-role"
    },
    {
      "extension" : [{
        "url" : "http://hl7.org/fhir/tools/StructureDefinition/resource-information",
        "valueString" : "Practitioner"
      }],
      "reference" : {
        "reference" : "Practitioner/SearchCoordinatorExample"
      },
      "name" : "SearchCoordinatorExample",
      "description" : "Example of a practitioner.",
      "exampleCanonical" : "http://fhir.nmdp.org/ig/matchsync/StructureDefinition/nmdp-practitioner"
    },
    {
      "extension" : [{
        "url" : "http://hl7.org/fhir/tools/StructureDefinition/resource-information",
        "valueString" : "PractitionerRole"
      }],
      "reference" : {
        "reference" : "PractitionerRole/SearchCoordinatorRoleExample"
      },
      "name" : "SearchCoordinatorRoleExample",
      "description" : "Example of Transplant Center Coordinotor Role",
      "exampleCanonical" : "http://fhir.nmdp.org/ig/matchsync/StructureDefinition/nmdp-practitioner-role"
    },
    {
      "extension" : [{
        "url" : "http://hl7.org/fhir/tools/StructureDefinition/resource-information",
        "valueString" : "ValueSet"
      }],
      "reference" : {
        "reference" : "ValueSet/sct-abo-group-codes"
      },
      "name" : "Snomed CT ABO group Value Set",
      "description" : "Snomed CT codes for ABO blood group",
      "exampleBoolean" : false
    },
    {
      "extension" : [{
        "url" : "http://hl7.org/fhir/tools/StructureDefinition/resource-information",
        "valueString" : "Organization"
      }],
      "reference" : {
        "reference" : "Organization/TCExample"
      },
      "name" : "TCExample",
      "description" : "Example of a Transplant Center.",
      "exampleCanonical" : "http://fhir.nmdp.org/ig/matchsync/StructureDefinition/transplantcenter"
    },
    {
      "extension" : [{
        "url" : "http://hl7.org/fhir/tools/StructureDefinition/resource-information",
        "valueString" : "PractitionerRole"
      }],
      "reference" : {
        "reference" : "PractitionerRole/TCPhysicianRoleExample"
      },
      "name" : "TCPhysicianRoleExample",
      "description" : "Example of Transplant Center Physician Role",
      "exampleCanonical" : "http://fhir.nmdp.org/ig/matchsync/StructureDefinition/nmdp-practitioner-role"
    },
    {
      "extension" : [{
        "url" : "http://hl7.org/fhir/tools/StructureDefinition/resource-information",
        "valueString" : "StructureDefinition:resource"
      }],
      "reference" : {
        "reference" : "StructureDefinition/transplantcenter"
      },
      "name" : "TransplantCenter",
      "description" : "Transplant Center",
      "exampleBoolean" : false
    }],
    "page" : {
      "extension" : [{
        "url" : "http://hl7.org/fhir/tools/StructureDefinition/ig-page-name",
        "valueUrl" : "toc.html"
      }],
      "nameUrl" : "toc.html",
      "title" : "Table of Contents",
      "generation" : "html",
      "page" : [{
        "extension" : [{
          "url" : "http://hl7.org/fhir/tools/StructureDefinition/ig-page-name",
          "valueUrl" : "index.html"
        }],
        "nameUrl" : "index.html",
        "title" : "Home",
        "generation" : "markdown"
      },
      {
        "extension" : [{
          "url" : "http://hl7.org/fhir/tools/StructureDefinition/ig-page-name",
          "valueUrl" : "Appendices.html"
        }],
        "nameUrl" : "Appendices.html",
        "title" : "Appendices",
        "generation" : "markdown"
      },
      {
        "extension" : [{
          "url" : "http://hl7.org/fhir/tools/StructureDefinition/ig-page-name",
          "valueUrl" : "extra.html"
        }],
        "nameUrl" : "extra.html",
        "title" : "Extra",
        "generation" : "markdown"
      }]
    },
    "parameter" : [{
      "code" : "path-resource",
      "value" : "input/capabilities"
    },
    {
      "code" : "path-resource",
      "value" : "input/examples"
    },
    {
      "code" : "path-resource",
      "value" : "input/extensions"
    },
    {
      "code" : "path-resource",
      "value" : "input/models"
    },
    {
      "code" : "path-resource",
      "value" : "input/operations"
    },
    {
      "code" : "path-resource",
      "value" : "input/profiles"
    },
    {
      "code" : "path-resource",
      "value" : "input/resources"
    },
    {
      "code" : "path-resource",
      "value" : "input/vocabulary"
    },
    {
      "code" : "path-resource",
      "value" : "input/maps"
    },
    {
      "code" : "path-resource",
      "value" : "input/testing"
    },
    {
      "code" : "path-resource",
      "value" : "input/history"
    },
    {
      "code" : "path-resource",
      "value" : "fsh-generated/resources"
    },
    {
      "code" : "path-pages",
      "value" : "template/config"
    },
    {
      "code" : "path-pages",
      "value" : "input/images"
    },
    {
      "code" : "path-tx-cache",
      "value" : "input-cache/txcache"
    }]
  }
}