{
  "resourceType" : "Observation",
  "id" : "HLA-DQB1-Example",
  "meta" : {
    "profile" : ["http://fhir.nmdp.org/ig/matchsync/StructureDefinition/hla-dqb1"],
    "security" : [{
      "system" : "http://terminology.nmdp.org/codesystem/transplant-center",
      "code" : "tc_123"
    }]
  },
  "text" : {
    "status" : "generated",
    "div" : "<div xmlns=\"http://www.w3.org/1999/xhtml\"><p><b>Generated Narrative: Observation</b><a name=\"HLA-DQB1-Example\"> </a></p><div style=\"display: inline-block; background-color: #d9e0e7; padding: 6px; margin: 4px; border: 1px solid #8da1b4; border-radius: 5px; line-height: 60%\"><p style=\"margin-bottom: 0px\">Resource Observation &quot;HLA-DQB1-Example&quot; </p><p style=\"margin-bottom: 0px\">Profile: <a href=\"StructureDefinition-hla-dqb1.html\">HLA_DQB1</a></p><p style=\"margin-bottom: 0px\">Security Labels: <span title=\"{http://terminology.nmdp.org/codesystem/transplant-center http://terminology.nmdp.org/codesystem/transplant-center}\">http://terminology.nmdp.org/codesystem/transplant-center</span></p></div><p><b>status</b>: final</p><p><b>category</b>: Laboratory <span style=\"background: LightGoldenRodYellow; margin: 4px; border: 1px solid khaki\"> (<a href=\"http://terminology.hl7.org/5.3.0/CodeSystem-observation-category.html\">Observation Category Codes</a>#laboratory)</span></p><p><b>code</b>: Genotype name Patient <span style=\"background: LightGoldenRodYellow; margin: 4px; border: 1px solid khaki\"> (<a href=\"https://loinc.org/\">LOINC</a>#84413-4)</span></p><p><b>subject</b>: <a href=\"Patient-MSPatientExample.html\">Patient/MSPatientExample</a> &quot; EVERYPERSON&quot;</p><p><b>effective</b>: 2022-05-01</p><p><b>value</b>: hla#3.25.0#HLA-DQB1*02:01:01:01+HLA-DQB1*02:02:01:01 <span style=\"background: LightGoldenRodYellow; margin: 4px; border: 1px solid khaki\"> (glstring.org#hla#3.25.0#HLA-DQB1*02:01:01:01+HLA-DQB1*02:02:01:01)</span></p><p><b>specimen</b>: <a href=\"Specimen-MSSpecimenExample.html\">Specimen/MSSpecimenExample</a></p><h3>Components</h3><table class=\"grid\"><tr><td style=\"display: none\">-</td><td><b>Code</b></td><td><b>Value[x]</b></td></tr><tr><td style=\"display: none\">*</td><td>Gene studied ID <span style=\"background: LightGoldenRodYellow; margin: 4px; border: 1px solid khaki\"> (<a href=\"https://loinc.org/\">LOINC</a>#48018-6)</span></td><td>HLA-DQB1 <span style=\"background: LightGoldenRodYellow; margin: 4px; border: 1px solid khaki\"> (<a href=\"CodeSystem-hla-genename-codesystem.html\">HLA HGNC GeneID CodeSystem</a>#HGNC:4944)</span></td></tr></table></div>"
  },
  "status" : "final",
  "category" : [{
    "coding" : [{
      "system" : "http://terminology.hl7.org/CodeSystem/observation-category",
      "code" : "laboratory"
    }]
  }],
  "code" : {
    "coding" : [{
      "system" : "http://loinc.org",
      "code" : "84413-4"
    }]
  },
  "subject" : {
    "reference" : "Patient/MSPatientExample"
  },
  "effectiveDateTime" : "2022-05-01",
  "valueCodeableConcept" : {
    "coding" : [{
      "system" : "http://glstring.org",
      "code" : "hla#3.25.0#HLA-DQB1*02:01:01:01+HLA-DQB1*02:02:01:01"
    }]
  },
  "specimen" : {
    "reference" : "Specimen/MSSpecimenExample"
  },
  "component" : [{
    "code" : {
      "coding" : [{
        "system" : "http://loinc.org",
        "code" : "48018-6"
      }]
    },
    "valueCodeableConcept" : {
      "coding" : [{
        "system" : "http://www.genenames.org/geneId",
        "code" : "HGNC:4944",
        "display" : "HLA-DQB1"
      }]
    }
  }]
}