{
  "resourceType": "Specimen",
  "id": "MSSpecimenExample",
  "meta": {
    "profile": [
      "http://fhir.nmdp.org/ig/matchsource/StructureDefinition/msspecimen"
    ]
  },
  "text": {
    "status": "generated",
    "div": "<div xmlns=\"http://www.w3.org/1999/xhtml\"><p><b>Generated Narrative</b></p><div style=\"display: inline-block; background-color: #d9e0e7; padding: 6px; margin: 4px; border: 1px solid #8da1b4; border-radius: 5px; line-height: 60%\"><p style=\"margin-bottom: 0px\">Resource \"MSSpecimenExample\" </p><p style=\"margin-bottom: 0px\">Profile: <a href=\"StructureDefinition-msspecimen.html\">MSSpecimen</a></p></div><p><b>identifier</b>: id: 000</p><p><b>subject</b>: <a href=\"Patient-MSPatientExample.html\">Patient/MSPatientExample</a> \" EVERYPERSON\"</p></div>"
  },
  "identifier": [
    {
      "system": "http://terminology.nmdp.org/identifier/transplantcenter",
      "value": "000"
    }
  ],
  "subject": {
    "reference": "Patient/MSPatientExample"
  }
}