{
  "resourceType": "Observation",
  "id": "MSRhObsExample",
  "meta": {
    "profile": [
      "http://fhir.nmdp.org/ig/matchsource/StructureDefinition/ms-rhstatus-observation"
    ],
    "security": [
      {
        "system": "http://terminology.nmdp.org/codesystem/transplant-center",
        "code": "tc_123"
      }
    ]
  },
  "text": {
    "status": "generated",
    "div": "<div xmlns=\"http://www.w3.org/1999/xhtml\"><p><b>Generated Narrative</b></p><div style=\"display: inline-block; background-color: #d9e0e7; padding: 6px; margin: 4px; border: 1px solid #8da1b4; border-radius: 5px; line-height: 60%\"><p style=\"margin-bottom: 0px\">Resource \"MSRhObsExample\" </p><p style=\"margin-bottom: 0px\">Profile: <a href=\"StructureDefinition-ms-rhstatus-observation.html\">MSRhStatusObservation</a></p><p style=\"margin-bottom: 0px\">Security Labels: <span title=\"{http://terminology.nmdp.org/codesystem/transplant-center http://terminology.nmdp.org/codesystem/transplant-center}\">http://terminology.nmdp.org/codesystem/transplant-center</span></p></div><p><b>status</b>: final</p><p><b>code</b>: Rh [Type] in Blood <span style=\"background: LightGoldenRodYellow; margin: 4px; border: 1px solid khaki\"> (<a href=\"https://loinc.org/\">LOINC</a>#10331-7)</span></p><p><b>subject</b>: <a href=\"Patient-MSPatientExample.html\">Patient/MSPatientExample</a> \" EVERYPERSON\"</p><p><b>effective</b>: 2022-05-01</p><p><b>value</b>: Positive <span style=\"background: LightGoldenRodYellow; margin: 4px; border: 1px solid khaki\"> (<a href=\"https://loinc.org/\">LOINC</a>#LA6576-8)</span></p></div>"
  },
  "status": "final",
  "code": {
    "coding": [
      {
        "system": "http://loinc.org",
        "code": "10331-7",
        "display": "Rh [Type] in Blood"
      }
    ]
  },
  "subject": {
    "reference": "Patient/MSPatientExample"
  },
  "effectiveDateTime": "2022-05-01",
  "valueCodeableConcept": {
    "coding": [
      {
        "system": "http://loinc.org",
        "code": "LA6576-8",
        "display": "Positive"
      }
    ]
  }
}