{
  "resourceType" : "Practitioner",
  "id" : "CoordinatorExample",
  "meta" : {
    "profile" : ["http://fhir.nmdp.org/ig/matchsync/StructureDefinition/transplantcentercoordinator"],
    "security" : [{
      "system" : "http://terminology.nmdp.org/codesystem/transplant-center",
      "code" : "tc_123"
    }]
  },
  "text" : {
    "status" : "generated",
    "div" : "<div xmlns=\"http://www.w3.org/1999/xhtml\"><p><b>Generated Narrative: Practitioner</b><a name=\"CoordinatorExample\"> </a></p><div style=\"display: inline-block; background-color: #d9e0e7; padding: 6px; margin: 4px; border: 1px solid #8da1b4; border-radius: 5px; line-height: 60%\"><p style=\"margin-bottom: 0px\">Resource Practitioner &quot;CoordinatorExample&quot; </p><p style=\"margin-bottom: 0px\">Profile: <a href=\"StructureDefinition-transplantcentercoordinator.html\">TransplantCenterCoordinator</a></p><p style=\"margin-bottom: 0px\">Security Labels: <span title=\"{http://terminology.nmdp.org/codesystem/transplant-center http://terminology.nmdp.org/codesystem/transplant-center}\">http://terminology.nmdp.org/codesystem/transplant-center</span></p></div><p><b>name</b>: Bart Simpson </p></div>"
  },
  "name" : [{
    "family" : "Simpson",
    "given" : ["Bart"]
  }]
}