{
  "resourceType" : "ValueSet",
  "id" : "nmdp-race-codes",
  "text" : {
    "status" : "generated",
    "div" : "<div xmlns=\"http://www.w3.org/1999/xhtml\"><ul><li>Include all codes defined in <a href=\"CodeSystem-nmdp-race-cs.html\"><code>http://terminology.nmdp.org/codesystem/race</code></a></li></ul></div>"
  },
  "url" : "http://fhir.nmdp.org/ig/matchsync/ValueSet/nmdp-race-codes",
  "version" : "0.1.0",
  "name" : "NMDPRaceVS",
  "title" : "NMDP Race Value Set",
  "status" : "active",
  "experimental" : true,
  "date" : "2023-03-28T10:23:42-05:00",
  "publisher" : "NMDP",
  "contact" : [{
    "name" : "NMDP",
    "telecom" : [{
      "system" : "url",
      "value" : "http://bethematch.org"
    }]
  }],
  "description" : "NMDP race codes",
  "compose" : {
    "include" : [{
      "system" : "http://terminology.nmdp.org/codesystem/race"
    }]
  }
}