{
  "resourceType": "ValueSet",
  "id": "ms-abo-group-codes",
  "text": {
    "status": "generated",
    "div": "<div xmlns=\"http://www.w3.org/1999/xhtml\"><p>This value set includes codes based on the following rules:</p><ul><li>Import all the codes that are contained in <a href=\"ValueSet-nmdp-abo-codes.html\">http://fhir.nmdp.org/ig/matchsource/ValueSet/nmdp-abo-codes</a></li><li>Import all the codes that are contained in <a href=\"ValueSet-loinc-abo-codes.html\">http://loinc.org/vs/LL2419-1</a></li><li>Import all the codes that are contained in <a href=\"ValueSet-sct-abo-group-codes.html\">http://fhir.nmdp.org/ig/matchsource/ValueSet/sct-abo-group-codes</a></li></ul></div>"
  },
  "url": "http://fhir.nmdp.org/ig/matchsource/ValueSet/ms-abo-group-codes",
  "version": "0.1.0",
  "name": "MSABOGroupVS",
  "title": "MatchSource ABO Group Value Set",
  "status": "active",
  "date": "2022-06-30T15:55:55-05:00",
  "publisher": "NMDP",
  "contact": [
    {
      "name": "NMDP",
      "telecom": [
        {
          "system": "url",
          "value": "http://bethematch.org"
        }
      ]
    }
  ],
  "description": "MatchSource ABO group codes. Combines LOINC, Snomed, and NMDP codes",
  "compose": {
    "include": [
      {
        "valueSet": [
          "http://fhir.nmdp.org/ig/matchsource/ValueSet/nmdp-abo-codes"
        ]
      },
      {
        "valueSet": [
          "http://loinc.org/vs/LL2419-1"
        ]
      },
      {
        "valueSet": [
          "http://fhir.nmdp.org/ig/matchsource/ValueSet/sct-abo-group-codes"
        ]
      }
    ]
  }
}