{
  "resourceType" : "Specimen",
  "id" : "MSSpecimenExample",
  "meta" : {
    "profile" : ["http://fhir.nmdp.org/ig/matchsync/StructureDefinition/msspecimen"],
    "security" : [{
      "system" : "http://terminology.nmdp.org/codesystem/transplant-center",
      "code" : "tc_123"
    }]
  },
  "text" : {
    "status" : "generated",
    "div" : "<div xmlns=\"http://www.w3.org/1999/xhtml\"><p class=\"res-header-id\"><b>Generated Narrative: Specimen MSSpecimenExample</b></p><a name=\"MSSpecimenExample\"> </a><a name=\"hcMSSpecimenExample\"> </a><a name=\"MSSpecimenExample-en-US\"> </a><div style=\"display: inline-block; background-color: #d9e0e7; padding: 6px; margin: 4px; border: 1px solid #8da1b4; border-radius: 5px; line-height: 60%\"><p style=\"margin-bottom: 0px\"/><p style=\"margin-bottom: 0px\">Profile: <a href=\"StructureDefinition-msspecimen.html\">MSSpecimen</a></p><p style=\"margin-bottom: 0px\">Security Label: tc_123 (Details: transplant-center code tc_123)</p></div><p><b>identifier</b>: <code>http://terminology.nmdp.org/identifier/transplantcenter</code>/000</p><p><b>subject</b>: <a href=\"Patient-MSPatientExample.html\">Jane Everyperson  Female, DoB: 1974-12-25 ( http://example.org/mrn#123)</a></p></div>"
  },
  "identifier" : [{
    "system" : "http://terminology.nmdp.org/identifier/transplantcenter",
    "value" : "000"
  }],
  "subject" : {
    "reference" : "Patient/MSPatientExample"
  }
}