{
  "resourceType" : "Observation",
  "id" : "HLA-DPA1-Example",
  "meta" : {
    "profile" : ["http://fhir.nmdp.org/ig/matchsync/StructureDefinition/hla-dpa1"],
    "security" : [{
      "system" : "http://terminology.nmdp.org/codesystem/transplant-center",
      "code" : "tc_123"
    }]
  },
  "text" : {
    "status" : "generated",
    "div" : "<div xmlns=\"http://www.w3.org/1999/xhtml\"><p class=\"res-header-id\"><b>Generated Narrative: Observation HLA-DPA1-Example</b></p><a name=\"HLA-DPA1-Example\"> </a><a name=\"hcHLA-DPA1-Example\"> </a><a name=\"HLA-DPA1-Example-en-US\"> </a><div style=\"display: inline-block; background-color: #d9e0e7; padding: 6px; margin: 4px; border: 1px solid #8da1b4; border-radius: 5px; line-height: 60%\"><p style=\"margin-bottom: 0px\"/><p style=\"margin-bottom: 0px\">Profile: <a href=\"StructureDefinition-hla-dpa1.html\">HLA_DPA1</a></p><p style=\"margin-bottom: 0px\">Security Label: tc_123 (Details: transplant-center code tc_123)</p></div><p><b>status</b>: Final</p><p><b>category</b>: <span title=\"Codes:{http://terminology.hl7.org/CodeSystem/observation-category laboratory}\">Laboratory</span></p><p><b>code</b>: <span title=\"Codes:{http://loinc.org 84413-4}\">Genotype display name</span></p><p><b>subject</b>: <a href=\"Patient-MSPatientExample.html\">Jane Everyperson  Female, DoB: 1974-12-25 ( http://example.org/mrn#123)</a></p><p><b>effective</b>: 2022-05-01</p><p><b>value</b>: <span title=\"Codes:{http://glstring.org hla#3.25.0#HLA-DPA1*01:03:01:01+HLA-DPA1*01:03:02}\">hla#3.25.0#HLA-DPA1*01:03:01:01+HLA-DPA1*01:03:02</span></p><p><b>specimen</b>: <a href=\"Specimen-MSSpecimenExample.html\">Specimen: identifier = http://terminology.nmdp.org/identifier/transplantcenter#000</a></p><h3>Components</h3><table class=\"grid\"><tr><td style=\"display: none\">-</td><td><b>Code</b></td><td><b>Value[x]</b></td></tr><tr><td style=\"display: none\">*</td><td><span title=\"Codes:{http://loinc.org 48018-6}\">Gene studied [ID]</span></td><td><span title=\"Codes:{http://www.genenames.org/geneId HGNC:4938}\">HLA-DPA1</span></td></tr></table></div>"
  },
  "status" : "final",
  "category" : [{
    "coding" : [{
      "system" : "http://terminology.hl7.org/CodeSystem/observation-category",
      "code" : "laboratory"
    }]
  }],
  "code" : {
    "coding" : [{
      "system" : "http://loinc.org",
      "code" : "84413-4"
    }]
  },
  "subject" : {
    "reference" : "Patient/MSPatientExample"
  },
  "effectiveDateTime" : "2022-05-01",
  "valueCodeableConcept" : {
    "coding" : [{
      "system" : "http://glstring.org",
      "code" : "hla#3.25.0#HLA-DPA1*01:03:01:01+HLA-DPA1*01:03:02"
    }]
  },
  "specimen" : {
    "reference" : "Specimen/MSSpecimenExample"
  },
  "component" : [{
    "code" : {
      "coding" : [{
        "system" : "http://loinc.org",
        "code" : "48018-6"
      }]
    },
    "valueCodeableConcept" : {
      "coding" : [{
        "system" : "http://www.genenames.org/geneId",
        "code" : "HGNC:4938",
        "display" : "HLA-DPA1"
      }]
    }
  }]
}