{
  "resourceType" : "CodeSystem",
  "id" : "nmdp-diseasestage-cs",
  "text" : {
    "status" : "generated",
    "div" : "<div xmlns=\"http://www.w3.org/1999/xhtml\"><p class=\"res-header-id\"><b>Generated Narrative: CodeSystem nmdp-diseasestage-cs</b></p><a name=\"nmdp-diseasestage-cs\"> </a><a name=\"hcnmdp-diseasestage-cs\"> </a><a name=\"nmdp-diseasestage-cs-en-US\"> </a><p>This case-sensitive code system <code>http://terminology.nmdp.org/codesystem/diseasestage</code> defines the following codes:</p><table class=\"codes\"><tr><td style=\"white-space:nowrap\"><b>Code</b></td><td><b>Display</b></td></tr><tr><td style=\"white-space:nowrap\">AP<a name=\"nmdp-diseasestage-cs-AP\"> </a></td><td>Accelerated Phase</td></tr><tr><td style=\"white-space:nowrap\">BP<a name=\"nmdp-diseasestage-cs-BP\"> </a></td><td>Blastic Phase</td></tr><tr><td style=\"white-space:nowrap\">CP<a name=\"nmdp-diseasestage-cs-CP\"> </a></td><td>Chronic Phase</td></tr><tr><td style=\"white-space:nowrap\">CR<a name=\"nmdp-diseasestage-cs-CR\"> </a></td><td>Complete Remission</td></tr><tr><td style=\"white-space:nowrap\">IF<a name=\"nmdp-diseasestage-cs-IF\"> </a></td><td>Induction Failure</td></tr><tr><td style=\"white-space:nowrap\">IT<a name=\"nmdp-diseasestage-cs-IT\"> </a></td><td>Induction Therapy</td></tr><tr><td style=\"white-space:nowrap\">RE<a name=\"nmdp-diseasestage-cs-RE\"> </a></td><td>Relapse</td></tr><tr><td style=\"white-space:nowrap\">RM<a name=\"nmdp-diseasestage-cs-RM\"> </a></td><td>Remission</td></tr></table></div>"
  },
  "url" : "http://terminology.nmdp.org/codesystem/diseasestage",
  "version" : "0.1.1",
  "name" : "NMDPDiseaseStageCS",
  "title" : "NMDP Disease Stage Code System",
  "status" : "active",
  "experimental" : true,
  "date" : "2024-11-11T17:47:55-06:00",
  "publisher" : "NMDP",
  "contact" : [{
    "name" : "NMDP",
    "telecom" : [{
      "system" : "url",
      "value" : "http://bethematch.org"
    }]
  }],
  "description" : "Code System for NMDP disease stages",
  "copyright" : "National Marrow Donor Program",
  "caseSensitive" : true,
  "content" : "complete",
  "count" : 8,
  "concept" : [{
    "code" : "AP",
    "display" : "Accelerated Phase"
  },
  {
    "code" : "BP",
    "display" : "Blastic Phase"
  },
  {
    "code" : "CP",
    "display" : "Chronic Phase"
  },
  {
    "code" : "CR",
    "display" : "Complete Remission"
  },
  {
    "code" : "IF",
    "display" : "Induction Failure"
  },
  {
    "code" : "IT",
    "display" : "Induction Therapy"
  },
  {
    "code" : "RE",
    "display" : "Relapse"
  },
  {
    "code" : "RM",
    "display" : "Remission"
  }]
}